Description,Revenue,Cumulative_%,ABC_Category
REGENCY CAKESTAND 3 TIER,330590.32,1.6673605086741698,A - Top
WHITE HANGING HEART T-LIGHT HOLDER,260990.22,2.9836869697096398,A - Top
"PAPER CRAFT , LITTLE BIRDIE",168469.6,3.833377783258366,A - Top
PARTY BUNTING,148318.28,4.5814336936264555,A - Top
JUMBO BAG RED RETROSPOT,148073.47,5.328254883854741,A - Top
ASSORTED COLOUR BIRD ORNAMENT,129324.49,5.980513992440943,A - Top
POSTAGE,125682.42,6.614404009978664,A - Top
PAPER CHAIN KIT 50'S CHRISTMAS ,117760.29000000001,7.208338088375204,A - Top
MEDIUM CERAMIC TOP STORAGE JAR,81700.92000000001,7.620403654996598,A - Top
CHILLI LIGHTS,80540.88,8.026618460819906,A - Top
ROTATING SILVER ANGELS T-LIGHT HLDR,71300.4,8.386228116700549,A - Top
JUMBO BAG STRAWBERRY,69002.13,8.734246251582421,A - Top
RABBIT NIGHT LIGHT,66870.03,9.071510958050103,A - Top
BLACK RECORD COVER FRAME,65189.29,9.400298708806108,A - Top
JUMBO STORAGE BAG SUKI,61537.55,9.71066859704289,A - Top
VINTAGE UNION JACK BUNTING,60286.04,10.014726387725787,A - Top
EDWARDIAN PARASOL NATURAL,60145.85,10.318077118172583,A - Top
HOT WATER BOTTLE TEA AND SYMPATHY,59189.14,10.616602600039043,A - Top
JUMBO  BAG BAROQUE BLACK WHITE,59142.78,10.914894261286728,A - Top
PAPER CHAIN KIT VINTAGE CHRISTMAS,58652.700000000004,11.210714162205527,A - Top
CHOCOLATE HOT WATER BOTTLE,57981.94,11.503151027786815,A - Top
JUMBO SHOPPER VINTAGE RED PAISLEY,57318.71,11.792242836228596,A - Top
WOOD BLACK BOARD ANT WHITE FINISH,56745.729999999996,12.078444771112494,A - Top
HEART OF WICKER LARGE,53506.130000000005,12.34830750676061,A - Top
VICTORIAN GLASS HANGING T-LIGHT,52382.82,12.612504732502089,A - Top
RED HANGING HEART T-LIGHT HOLDER,50346.490000000005,12.866431554002364,A - Top
JUMBO BAG PINK POLKADOT,50081.96,13.119024195858906,A - Top
SCOTTIE DOG HOT WATER BOTTLE,49771.94,13.370053225372233,A - Top
JUMBO BAG PINK VINTAGE PAISLEY,49651.99,13.620477276817796,A - Top
CREAM HEART CARD HOLDER,49300.94,13.86913077761151,A - Top
HEART OF WICKER SMALL,48935.10999999999,14.115939183561288,A - Top
EDWARDIAN PARASOL BLACK,48723.770000000004,14.361681678174326,A - Top
RED RETROSPOT CAKE STAND,48564.28999999999,14.606619821789057,A - Top
RED TOADSTOOL LED NIGHT LIGHT,48315.84,14.850304886613158,A - Top
NATURAL SLATE HEART CHALKBOARD ,47288.23,15.088807112652628,A - Top
STRAWBERRY CERAMIC TRINKET BOX,47169.35,15.326709757260703,A - Top
WOODEN FRAME ANTIQUE WHITE ,46967.090000000004,15.5635922862874,A - Top
HOME BUILDING BLOCK WORD,46516.990000000005,15.798204697529181,A - Top
PLEASE ONE PERSON METAL SIGN,46249.07000000001,16.031465831372746,A - Top
BAKING SET 9 PIECE RETROSPOT ,45882.01,16.26287566676234,A - Top
LUNCH BAG  BLACK SKULL.,45655.27,16.493141919600163,A - Top
VINTAGE UNION JACK MEMOBOARD,45402.18,16.722131691411136,A - Top
ROUND SNACK BOXES SET OF4 WOODLAND ,44063.04,16.944367396280324,A - Top
SET/4 WHITE RETRO STORAGE CUBES ,43844.96000000001,17.165503196047233,A - Top
RED WOOLLY HOTTIE WHITE HEART.,42994.240000000005,17.382348316849498,A - Top
SMALL POPCORN HOLDER,42699.89,17.597708858291643,A - Top
RED  HARMONICA IN BOX ,42664.54,17.81289110899018,A - Top
GIN + TONIC DIET METAL SIGN,42613.98,18.027818356011295,A - Top
SPOTTY BUNTING,42513.48,18.242238722700524,A - Top
LUNCH BAG CARS BLUE,42270.3,18.455432590294134,A - Top
DOORMAT UNION FLAG,42239.5,18.668471115457674,A - Top
WOODEN PICTURE FRAME WHITE FINISH,41837.6,18.879482623652187,A - Top
CHARLOTTE BAG SUKI DESIGN,41580.97,19.089199796527563,A - Top
COLOUR GLASS. STAR T-LIGHT HOLDER,41099.79,19.296490096984037,A - Top
LUNCH BAG RED RETROSPOT,41043.02,19.50349407309781,A - Top
JUMBO BAG OWLS,40667.05,19.708601812411768,A - Top
PICNIC BASKET WICKER 60 PIECES,39619.5,19.90842614384838,A - Top
CREAM SWEETHEART MINI CHEST,38599.979999999996,20.103108439106187,A - Top
LUNCH BAG WOODLAND,38506.74,20.29732047046205,A - Top
DOORMAT HEARTS,38428.12,20.491135975134394,A - Top
JAM MAKING SET WITH JARS,38380.11,20.68470933727207,A - Top
COOK WITH WINE METAL SIGN ,38138.86,20.877065934433936,A - Top
DOORMAT KEEP CALM AND COME IN,38133.64,21.06939620408006,A - Top
SET OF 3 CAKE TINS PANTRY DESIGN ,38108.89,21.26160164498773,A - Top
SPACEBOY LUNCH BOX ,37955.5,21.45303345033213,A - Top
ROSES REGENCY TEACUP AND SAUCER ,37682.8,21.64308986994014,A - Top
JUMBO BAG WOODLAND ANIMALS,37499.37,21.832221144679707,A - Top
ALARM CLOCK BAKELIKE RED ,36543.77,22.016532769218717,A - Top
ROUND SNACK BOXES SET OF 4 FRUITS ,35922.51,22.19771101589712,A - Top
DOORMAT RED RETROSPOT,35198.96,22.375239976365176,A - Top
LOVE BUILDING BLOCK WORD,34836.020000000004,22.550938417951073,A - Top
RECYCLING BAG RETROSPOT ,34640.84,22.725652452540167,A - Top
POPCORN HOLDER,34288.67,22.89859028766178,A - Top
DOORMAT FAIRY CAKE,34191.53,23.07103818889842,A - Top
RECIPE BOX PANTRY YELLOW DESIGN,33682.62,23.240919359093233,A - Top
DOORMAT FANCY FONT HOME SWEET HOME,33466.26,23.409709299152645,A - Top
DOLLY GIRL LUNCH BOX,33380.83,23.578068365712024,A - Top
DOORMAT NEW ENGLAND,33203.79,23.74553451591361,A - Top
LUNCH BAG SPACEBOY DESIGN ,33049.37,23.91222183565897,A - Top
ASSORTED COLOURS SILK FAN,32967.03,24.07849386658316,A - Top
ALARM CLOCK BAKELIKE GREEN,32609.32,24.24296175657679,A - Top
JUMBO BAG SPACEBOY DESIGN,32433.5,24.406542883386805,A - Top
WOOD S/3 CABINET ANT WHITE FINISH,31594.39,24.565891887258573,A - Top
RETROSPOT TEA SET CERAMIC 11 PC ,31527.120000000003,24.72490160914103,A - Top
6 RIBBONS RUSTIC CHARM,31513.109999999997,24.883840670392143,A - Top
HAND OVER THE CHOCOLATE   SIGN ,31483.7,25.042631399796882,A - Top
HAND WARMER OWL DESIGN,31416.040000000005,25.201080880213993,A - Top
SET OF 3 REGENCY CAKE TINS,31118.550000000003,25.35802994441286,A - Top
WHITE SKULL HOT WATER BOTTLE ,31079.8,25.51478356967778,A - Top
JUMBO BAG APPLES,30450.690000000002,25.668364224936774,A - Top
PICNIC BASKET WICKER LARGE,30339.36,25.821383377834078,A - Top
LUNCH BAG RED SPOTTY,30063.27,25.973010047240518,A - Top
EDWARDIAN PARASOL RED,30020.97,26.12442337298487,A - Top
GREEN REGENCY TEACUP AND SAUCER,29952.550000000003,26.275491616616716,A - Top
ANTIQUE SILVER TEA GLASS ETCHED,29828.78,26.425935615684597,A - Top
LUNCH BOX I LOVE LONDON,29561.86,26.575033380939654,A - Top
KNITTED UNION FLAG HOT WATER BOTTLE,29533.87,26.723989976239594,A - Top
PINK HAPPY BIRTHDAY BUNTING,29504.36,26.87279773533462,A - Top
SET/5 RED SPOTTY LID GLASS BOWLS,29468.52,27.021424732329187,A - Top
BOX OF VINTAGE ALPHABET BLOCKS,29450.109999999997,27.169958876916695,A - Top
3 HEARTS HANGING DECORATION RUSTIC,29198.280000000002,27.31722289539495,A - Top
WOOD 2 DRAWER CABINET WHITE FINISH,29003.370000000003,27.463503868644455,A - Top
JUMBO BAG SCANDINAVIAN PAISLEY,28962.829999999998,27.609580374942166,A - Top
HOT WATER BOTTLE KEEP CALM,28718.800000000003,27.754426095096683,A - Top
PINK BLUE FELT CRAFT TRINKET BOX,28580.97,27.89857665787662,A - Top
HANGING HEART JAR T-LIGHT HOLDER,28475.96,28.04219759375456,A - Top
HAND WARMER SCOTTY DOG DESIGN,28266.870000000003,28.184763966362887,A - Top
SET 7 BABUSHKA NESTING BOXES,28139.45,28.32668768532057,A - Top
BLACK HEART CARD HOLDER,28112.03,28.468473109166816,A - Top
PACK OF 60 PINK PAISLEY CAKE CASES,28081.73,28.610105712375677,A - Top
GUMBALL COAT RACK,28059.48,28.75162609580957,A - Top
HOT BATHS METAL SIGN,27981.99,28.89275565181144,A - Top
JUMBO BAG ALPHABET,27850.83,29.0332236911533,A - Top
PACK OF 72 RETROSPOT CAKE CASES,27770.72,29.173287688869408,A - Top
WOODLAND CHARLOTTE BAG,27598.42,29.312482676822484,A - Top
TEA TIME PARTY BUNTING,27564.75,29.45150784725541,A - Top
JUMBO STORAGE BAG SKULLS,27368.08,29.589541095749304,A - Top
IVORY KITCHEN SCALES,27282.73,29.727143874229995,A - Top
GRAND CHOCOLATECANDLE,27239.46,29.864528416770774,A - Top
HOT WATER BOTTLE I AM SO POORLY,27082.84,30.001123032967463,A - Top
MINI PAINT SET VINTAGE ,27056.190000000002,30.13758323761346,A - Top
60 TEATIME FAIRY CAKE CASES,27041.21,30.273967889350285,A - Top
JAM MAKING SET PRINTED,26888.43,30.40958198211092,A - Top
SET OF 6 RIBBONS VINTAGE CHRISTMAS,26763.75,30.544567240644895,A - Top
JUMBO BAG PINK WITH WHITE SPOTS,26242.66,30.67692433726697,A - Top
FELTCRAFT 6 FLOWER FRIENDS,26218.97,30.80916195135111,A - Top
HAND WARMER BIRD DESIGN,26117.63,30.940888448491634,A - Top
PLASTERS IN TIN SPACEBOY,25912.87,31.071582221087297,A - Top
JUMBO BAG TOYS ,25719.13,31.20129884944912,A - Top
FAWN BLUE HOT WATER BOTTLE,25613.45,31.330482471706727,A - Top
MEMO BOARD RETROSPOT  DESIGN,25603.46,31.459615708546263,A - Top
PAPER BUNTING RETROSPOT,25497.960000000003,31.588216847126947,A - Top
TEA TIME CAKE STAND IN GIFT BOX,25428.329999999998,31.716466800856796,A - Top
RETROSPOT HEART HOT WATER BOTTLE,25408.010000000002,31.844614268931476,A - Top
FAIRY CAKE FLANNEL ASSORTED COLOUR,25407.27,31.972758004752965,A - Top
PAPER BUNTING WHITE LACE,25389.100000000002,32.10081009862788,A - Top
COLOUR GLASS T-LIGHT HOLDER HANGING,25205.13,32.22793432409824,A - Top
PAPER CHAIN KIT EMPIRE,25163.56,32.354848887723854,A - Top
JUMBO BAG RED WHITE SPOTTY ,25043.62,32.48115852371756,A - Top
RED RETROSPOT CHARLOTTE BAG,24958.77,32.607040211490755,A - Top
PAPER BUNTING RETRO SPOTS,24933.940000000002,32.73279666703867,A - Top
REGENCY TEAPOT ROSES ,24879.13,32.85827668367126,A - Top
PINK CREAM FELT CRAFT TRINKET BOX ,24785.31,32.983283511122366,A - Top
DOOR MAT UNION FLAG,24770.81,33.10821720658529,A - Top
SMALL GLASS HEART TRINKET POT,24641.390000000003,33.232498161226786,A - Top
JUMBO BAG VINTAGE DOILY ,24489.08,33.356010927377234,A - Top
SET OF 6 SPICE TINS PANTRY DESIGN,24459.960000000003,33.47937682432107,A - Top
WORLD WAR 2 GLIDERS ASSTD DESIGNS,24445.609999999997,33.60267034581453,A - Top
HANGING JAM JAR T-LIGHT HOLDER,24440.739999999998,33.725939305047135,A - Top
ZINC METAL HEART DECORATION,24289.33,33.848444615015545,A - Top
ALARM CLOCK BAKELIKE PINK,24257.31,33.9707884293797,A - Top
BLUE HAPPY BIRTHDAY BUNTING,24185.030000000002,34.09276769339173,A - Top
SWEETHEART CERAMIC TRINKET BOX,24128.86,34.214463659212285,A - Top
PACK OF 72 RETRO SPOT CAKE CASES,24054.43,34.33578423097212,A - Top
PINK REGENCY TEACUP AND SAUCER,23990.620000000003,34.4567829715481,A - Top
LUNCH BAG SUKI  DESIGN ,23893.29,34.577290819957874,A - Top
JUMBO BAG 50'S CHRISTMAS ,23772.07,34.69718728494644,A - Top
3 HOOK PHOTO SHELF ANTIQUE WHITE,23709.46,34.816767971053615,A - Top
VINTAGE SNAP CARDS,23506.17,34.93532334668645,A - Top
SET OF TEA COFFEE SUGAR TINS PANTRY,23489.420000000002,35.05379424226398,A - Top
WOODEN CROQUET GARDEN SET,23426.82,35.17194940939598,A - Top
NO SINGING METAL SIGN,23096.77,35.288439941169344,A - Top
CREAM CUPID HEARTS COAT HANGER,23093.95,35.40491625003192,A - Top
SET/5 RED RETROSPOT LID GLASS BOWLS,23040.04,35.521120659206005,A - Top
RED KITCHEN SCALES,22911.55,35.63667701809308,A - Top
WOODEN ROUNDERS GARDEN SET ,22906.54,35.752208108617346,A - Top
VINTAGE HEADS AND TAILS CARD GAME ,22858.6,35.867497409657915,A - Top
PLASTERS IN TIN WOODLAND ANIMALS,22853.719999999998,35.98276209800177,A - Top
HANGING HEART ZINC T-LIGHT HOLDER,22578.3,36.09663768205698,A - Top
PLASTERS IN TIN CIRCUS PARADE ,22334.079999999998,36.20928152168777,A - Top
CERAMIC CAKE STAND + HANGING CAKES,22333.3,36.321921427321946,A - Top
ASSORTED COLOUR MINI CASES,22097.61,36.4333726103151,A - Top
GREY HEART HOT WATER BOTTLE,22025.93,36.54446226910735,A - Top
PACK OF 6 BIRDY GIFT TAGS,21977.3,36.655306658341985,A - Top
WOODEN UNION JACK BUNTING,21826.52,36.76539057577123,A - Top
JUMBO BAG VINTAGE LEAF,21810.43,36.87539334191151,A - Top
CHRISTMAS LIGHTS 10 REINDEER,21727.58,36.984978247002076,A - Top
NATURAL SLATE CHALKBOARD LARGE ,21583.2,37.093834959233746,A - Top
HOMEMADE JAM SCENTED CANDLES,21501.989999999998,37.202282081895746,A - Top
DOORMAT SPOTTY HOME SWEET HOME,21414.04,37.31028562122251,A - Top
PACK OF 72 SKULL CAKE CASES,21390.760000000002,37.41817174588135,A - Top
VICTORIAN SEWING BOX LARGE,21386.559999999998,37.52603668748154,A - Top
DOORMAT ENGLISH ROSE ,21326.3,37.63359770262603,A - Top
RETRO SPOT TEA SET CERAMIC 11 PC ,21301.04,37.7410313168035,A - Top
PICNIC BASKET WICKER SMALL,21260.8,37.848261977104805,A - Top
15CM CHRISTMAS GLASS BALL 20 LIGHTS,21201.13,37.95519168666577,A - Top
PAPER CHAIN KIT RETRO SPOT,21151.79,38.0618725457235,A - Top
FELTCRAFT CUSHION RABBIT,20901.1,38.16728902835932,A - Top
ENAMEL BREAD BIN CREAM,20886.89,38.272633841646716,A - Top
LUNCH BAG APPLE DESIGN,20852.579999999998,38.377805609519314,A - Top
RED SPOTTY BISCUIT TIN,20800.31,38.482713749183475,A - Top
HEART FILIGREE DOVE  SMALL,20629.38,38.58675978879659,A - Top
BAKING SET SPACEBOY DESIGN,20546.99,38.690390287409265,A - Top
GROW A FLYTRAP OR SUNFLOWER IN TIN,20469.08,38.79362784028405,A - Top
AMAZON FEE,20467.8,38.89685893736954,A - Top
STRAWBERRY CHARLOTTE BAG,20401.05,38.99975337513011,A - Top
FELTCRAFT CUSHION OWL,20244.97,39.1018606100827,A - Top
LADIES & GENTLEMEN METAL SIGN,20237.72,39.2039312790412,A - Top
DOORMAT WELCOME PUPPIES,20209.4,39.305859113661406,A - Top
FELTCRAFT DOLL MOLLY,20150.99,39.40749235245886,A - Top
FELTCRAFT CUSHION BUTTERFLY,20104.43,39.508890761920476,A - Top
VINTAGE UNION JACK CUSHION COVER,19936.94,39.60944442126478,A - Top
METAL SIGN TAKE IT OR LEAVE IT ,19728.24,39.7089454843378,A - Top
POTTERING IN THE SHED METAL SIGN,19593.81,39.807768538226554,A - Top
RED RETROSPOT PICNIC BAG,19576.72,39.90650539724098,A - Top
WOODEN SCHOOL COLOURING SET,19524.269999999997,40.00497772020159,A - Top
CLOTHES PEGS RETROSPOT PACK 24 ,19513.17,40.10339405936435,A - Top
FAMILY ALBUM WHITE PICTURE FRAME,19507.6,40.201782305756474,A - Top
LUNCH BAG PINK POLKADOT,19500.66,40.300135549665974,A - Top
ANTIQUE SILVER T-LIGHT GLASS,19381.62,40.39788840517043,A - Top
ENAMEL FLOWER JUG CREAM,19273.280000000002,40.49509483863352,A - Top
PAPER CHAIN KIT RETROSPOT,19261.030000000002,40.592239488175544,A - Top
CLASSIC METAL BIRDCAGE PLANT HOLDER,19194.13,40.68904672185486,A - Top
CHOCOLATE THIS WAY METAL SIGN,19125.980000000003,40.78551023518971,A - Top
LARGE CAKE STAND  HANGING STRAWBERY,19121.37,40.8819504975959,A - Top
SILVER HANGING T-LIGHT HOLDER,19015.8,40.97785830869227,A - Top
ANTIQUE SILVER TEA GLASS ENGRAVED,18744.170000000002,41.07239613068861,A - Top
LUNCH BAG SUKI DESIGN ,18699.43,41.16670830267452,A - Top
"RECORD FRAME 7"" SINGLE SIZE ",18650.870000000003,41.260775558153796,A - Top
WHITE METAL LANTERN,18525.22,41.354209087128574,A - Top
PLASTERS IN TIN STRONGMAN,18323.32,41.44662431621271,A - Top
CHICK GREY HOT WATER BOTTLE,18171.14,41.53827201247191,A - Top
SET/3 RED GINGHAM ROSE STORAGE BOX,18044.97,41.629283359562194,A - Top
MEMO BOARD COTTAGE DESIGN,18034.63,41.72024255597953,A - Top
FELTCRAFT BUTTERFLY HEARTS,17893.579999999998,41.810490354677334,A - Top
TRADITIONAL MODELLING CLAY,17861.71,41.90057741430869,A - Top
MULTI COLOUR SILVER T-LIGHT HOLDER,17746.71,41.99008446161998,A - Top
BLUE HARMONICA IN BOX ,17725.36,42.079483828383154,A - Top
HEART IVORY TRELLIS SMALL,17702.62,42.1687685040145,A - Top
BREAD BIN DINER STYLE IVORY,17669.989999999998,42.25788860745452,A - Top
SINGLE HEART ZINC T-LIGHT HOLDER,17664.18,42.346979407663405,A - Top
HAND WARMER UNION JACK,17576.670000000002,42.43562884371464,A - Top
ENGLISH ROSE DESIGN QUILTED THROW,17477.66,42.52377891437622,A - Top
PAINTED METAL PEARS ASSORTED,17451.45,42.61179679266468,A - Top
PLASTERS IN TIN VINTAGE PAISLEY ,17401.3,42.69956173514573,A - Top
JUMBO BAG DOILEY PATTERNS,17268.69,42.78665784776795,A - Top
72 SWEETHEART FAIRY CAKE CASES,17259.850000000002,42.8737093750953,A - Top
JUMBO BAG SCANDINAVIAN BLUE PAISLEY,17239.69,42.96065922374115,A - Top
WOODEN BOX OF DOMINOES,17095.66,43.04688264478301,A - Top
RED RETROSPOT TRADITIONAL TEAPOT ,17030.56,43.13277772841585,A - Top
DELUXE SEWING KIT ,16971.27,43.218373777870795,A - Top
DOORMAT BLACK FLOCK ,16937.68,43.30380041329242,A - Top
STRAWBERRY LUNCH BOX WITH CUTLERY,16891.44,43.38899383332553,A - Top
CHILDRENS CUTLERY POLKADOT PINK,16865.97,43.474058793238704,A - Top
TRAVEL SEWING KIT,16794.05,43.55876101849049,A - Top
60 CAKE CASES VINTAGE CHRISTMAS,16770.31,43.64334350902507,A - Top
HOME SWEET HOME METAL SIGN ,16626.41,43.72720022762175,A - Top
SET OF 4 PANTRY JELLY MOULDS,16478.48,43.810310848631396,A - Top
VINTAGE CREAM 3 BASKET CAKE STAND,16409.02,43.893071142199716,A - Top
WHITE WOOD GARDEN PLANT LADDER,16373.699999999999,43.975653296331984,A - Top
RETRO SPOT CAKE STAND,16354.009999999998,44.0581361422679,A - Top
GARDENERS KNEELING PAD KEEP CALM ,16327.349999999999,44.14048452621725,A - Top
SET OF 3 COLOURED  FLYING DUCKS,16218.1,44.22228189846253,A - Top
LUNCH BAG DOLLY GIRL DESIGN,16213.61,44.30405662500941,A - Top
HEART IVORY TRELLIS LARGE,16027.559999999998,44.384892992494116,A - Top
DOORMAT WELCOME TO OUR HOME,15965.95,44.46541862468282,A - Top
HOME SWEET HOME MUG,15954.75,44.54588776871513,A - Top
CHILDS BREAKFAST SET SPACEBOY ,15946.55,44.62631555534723,A - Top
DOOR MAT RED SPOT,15889.75,44.70645686632908,A - Top
SET OF 3 NOTEBOOKS IN PARCEL,15866.559999999998,44.786481216565676,A - Top
HOT WATER BOTTLE BABUSHKA ,15837.18,44.86635738626346,A - Top
DOORMAT HOME SWEET HOME BLUE ,15836.35,44.946229369785364,A - Top
VINTAGE CHRISTMAS BUNTING,15798.66,45.02591126057385,A - Top
CHILDS BREAKFAST SET DOLLY GIRL ,15795.01,45.10557474227565,A - Top
RED RETROSPOT UMBRELLA,15791.12,45.185218604430275,A - Top
PINK 3 PIECE MINI DOTS CUTLERY SET,15767.15,45.26474157184307,A - Top
SET OF 20 KIDS COOKIE CUTTERS,15753.18,45.34419408036792,A - Top
RED 3 PIECE MINI DOTS CUTLERY SET,15738.53,45.42357270036678,A - Top
HAND WARMER RED RETROSPOT,15664.130000000001,45.502576077612495,A - Top
RED DINER WALL CLOCK,15658.980000000001,45.58155348039343,A - Top
PICTURE FRAME WOOD TRIPLE PORTRAIT,15645.27,45.66046173561864,A - Top
SET OF 6 SOLDIER SKITTLES,15560.09,45.738940378240166,A - Top
TRADITIONAL WOODEN SKIPPING ROPE,15547.75,45.817356783017956,A - Top
RED/WHITE DOTS RUFFLED UMBRELLA,15476.880000000001,45.89541574889902,A - Top
DOORMAT 3 SMILEY CATS,15437.73,45.97327725841199,A - Top
METAL 4 HOOK HANGER FRENCH CHATEAU,15411.9,46.051008492114285,A - Top
SET OF 3 HEART COOKIE CUTTERS,15388.44,46.12862140330328,A - Top
FELTCRAFT PRINCESS CHARLOTTE DOLL,15354.35,46.20606237866626,A - Top
SET/6 RED SPOTTY PAPER PLATES,15334.029999999999,46.28340086837407,A - Top
FELTCRAFT CHRISTMAS FAIRY,15282.81,46.36048102563812,A - Top
SET OF 20 VINTAGE CHRISTMAS NAPKINS,15275.82,46.437525928240284,A - Top
PACK OF 60 DINOSAUR CAKE CASES,15236.62,46.51437312229507,A - Top
BEWARE OF THE CAT METAL SIGN ,15167.38,46.590871098497324,A - Top
RED RETROSPOT ROUND CAKE TINS,15123.199999999999,46.66714624909695,A - Top
RED RETROSPOT MINI CASES,15118.47,46.74339754353768,A - Top
AREA PATROLLED METAL SIGN,15110.980000000001,46.81961106152383,A - Top
ZINC FOLKART SLEIGH BELLS,15072.58,46.89563090583093,A - Top
WOODEN ADVENT CALENDAR CREAM,15060.57,46.971590176677466,A - Top
WOODEN SKITTLES GARDEN SET,14881.94,47.04664851186543,A - Top
ALARM CLOCK BAKELIKE IVORY,14867.27,47.1216328576557,A - Top
OPEN CLOSED METAL SIGN,14807.300000000001,47.19631473963002,A - Top
BROCADE RING PURSE ,14766.42,47.27079043983351,A - Top
SET OF 2 WOODEN MARKET CRATES,14677.84,47.34481937924298,A - Top
VINTAGE SNAKES & LADDERS,14651.33,47.41871461320371,A - Top
RED SPOTTY ROUND CAKE TINS,14646.039999999999,47.49258316659771,A - Top
WOODEN HAPPY BIRTHDAY GARLAND,14593.320000000002,47.56618582216986,A - Top
PINK HEART SHAPE EGG FRYING PAN,14525.0,47.639443899988024,A - Top
BLUE 3 PIECE MINI DOTS CUTLERY SET,14464.380000000001,47.71239623565974,A - Top
WHITE SPOT RED CERAMIC DRAWER KNOB,14411.13,47.78508000040932,A - Top
LUNCH BAG PINK RETROSPOT,14391.72,47.85766586916645,A - Top
LUNCH BOX WITH CUTLERY RETROSPOT ,14348.82,47.93003536811026,A - Top
KENSINGTON COFFEE SET,14266.980000000001,48.0019921000256,A - Top
YOU'RE CONFUSING ME METAL SIGN ,14262.61,48.07392679147277,A - Top
JUMBO BAG PEARS,14188.960000000001,48.145490022855824,A - Top
SET OF 3 BUTTERFLY COOKIE CUTTERS,14076.34,48.21648524565204,A - Top
MINT KITCHEN SCALES,14016.800000000001,48.28718017337401,A - Top
WOODEN BOX ADVENT CALENDAR ,13999.1,48.35778582963455,A - Top
JUMBO BAG VINTAGE CHRISTMAS ,13972.710000000001,48.42825838567659,A - Top
VICTORIAN SEWING BOX MEDIUM,13968.48,48.49870960735243,A - Top
CAKE STAND 3 TIER MAGIC GARDEN,13965.519999999999,48.569145900015506,A - Top
FELTCRAFT DOLL ROSIE,13921.730000000001,48.639361334074266,A - Top
RED STRIPE CERAMIC DRAWER KNOB,13912.17,48.70952855145668,A - Top
DOORMAT AIRMAIL ,13875.59,48.77951127448546,A - Top
HEART FILIGREE DOVE LARGE,13873.539999999999,48.84948365816417,A - Top
BINGO SET,13862.17,48.919398696276986,A - Top
GROW YOUR OWN PLANT IN A CAN ,13856.6,48.98928564161916,A - Top
VICTORIAN SEWING BOX SMALL ,13843.92,49.059108634298575,A - Top
BLUE STRIPE CERAMIC DRAWER KNOB,13839.18,49.12890772038323,A - Top
PINK CHERRY LIGHTS,13787.93,49.198448322716544,A - Top
TRADITIONAL KNITTING NANCY,13784.319999999998,49.267970717706596,A - Top
SWEETHEART CAKESTAND 3 TIER,13753.38,49.33733706416463,A - Top
FULL ENGLISH BREAKFAST PLATE,13750.11,49.406686918098416,A - Top
TEA TIME TEA TOWELS ,13714.66,49.475857976930065,A - Top
DOUGHNUT LIP GLOSS ,13695.77,49.54493376243366,A - Top
IVORY DINER WALL CLOCK,13689.85,49.61397968991172,A - Top
SAVE THE PLANET MUG,13654.89,49.6828492936445,A - Top
DOORMAT MULTICOLOUR STRIPE,13634.35,49.75161530213332,A - Top
FILIGRIS HEART WITH BUTTERFLY,13552.97,49.81997086364294,A - Top
CHILDS BREAKFAST SET CIRCUS PARADE,13437.03,49.887741671862216,A - Top
CARRIAGE,13426.0,49.955456849334624,A - Top
LOVE HOT WATER BOTTLE,13334.320000000002,50.0227096308983,A - Top
LUNCH BAG ALPHABET DESIGN,13325.55,50.089918180218085,A - Top
FRYING PAN UNION FLAG,13298.57,50.156990653604,A - Top
SET OF 10 LED DOLLY LIGHTS,13290.519999999999,50.2240225261275,A - Top
WHITE SPOT BLUE CERAMIC DRAWER KNOB,13272.39,50.29096295844785,A - Top
SET 6 SCHOOL MILK BOTTLES IN CRATE,13269.49,50.357888764370564,A - Top
CHRISTMAS TOILET ROLL,13263.93,50.42478652795849,A - Top
BAG 250g SWIRLY MARBLES,13235.16,50.49153918759469,A - Top
SET/20 RED RETROSPOT PAPER NAPKINS ,13231.539999999999,50.55827358945177,A - Top
BREAD BIN DINER STYLE RED ,13213.97,50.624919375513535,A - Top
PINK PAPER PARASOL ,13210.85,50.69154942558885,A - Top
DOOR MAT NEW ENGLAND,13201.61,50.75813287293516,A - Top
CHARLOTTE BAG PINK POLKADOT,13172.0,50.824566979718,A - Top
LARGE CIRCULAR MIRROR MOBILE,13153.8,50.89090929324672,A - Top
3 STRIPEY MICE FELTCRAFT,13144.52,50.957204802303,A - Top
ADVENT CALENDAR GINGHAM SACK,13141.08,51.02348296142553,A - Top
SUKI  SHOULDER BAG,13103.21,51.089570119969274,A - Top
PAPER BUNTING COLOURED LACE,13076.880000000001,51.15552448090964,A - Top
DOORMAT UNION JACK GUNS AND ROSES,13043.59,51.22131094089231,A - Top
PLASTERS IN TIN SKULLS,13013.149999999998,51.28694387413565,A - Top
HANGING METAL HEART LANTERN,12985.309999999998,51.352436393961675,A - Top
 SET 2 TEA TOWELS I LOVE LONDON ,12977.66,51.41789033035945,A - Top
DOORMAT TOPIARY,12927.53,51.48309143182153,A - Top
SET OF 72 PINK HEART PAPER DOILIES,12913.24,51.54822046044835,A - Top
PHARMACIE FIRST AID TIN,12879.460000000001,51.61317911676064,A - Top
PHOTO FRAME CORNICE,12864.25,51.678061060139115,A - Top
VINTAGE RED KITCHEN CABINET,12845.0,51.742845914498794,A - Top
3 TIER CAKE TIN RED AND CREAM,12837.46,51.80759274022462,A - Top
EDWARDIAN PARASOL PINK,12806.76,51.87218472787891,A - Top
"SET 3 RETROSPOT TEA,COFFEE,SUGAR",12764.91,51.93656564148454,A - Top
PACK OF 6 PANNETONE GIFT BOXES,12739.15,52.00081663233049,A - Top
WOODEN ADVENT CALENDAR RED,12704.15,52.06489109768771,A - Top
COFFEE MUG APPLES DESIGN,12701.63,52.12895285320975,A - Top
CERAMIC STRAWBERRY CAKE MONEY BANK,12654.71,52.192777963705204,A - Top
CHILDRENS CUTLERY RETROSPOT RED ,12604.23,52.25634847401006,A - Top
DOORMAT RESPECTABLE HOUSE,12524.1,52.31951484181746,A - Top
BLACK/BLUE DOTS RUFFLED UMBRELLA,12491.17,52.382515124357894,A - Top
PACK OF 12 LONDON TISSUES ,12460.16,52.44535900531534,A - Top
RED RETROSPOT SMALL MILK JUG,12456.39,52.50818387195586,A - Top
SOMBRERO ,12450.85,52.570980797133295,A - Top
BOX OF VINTAGE JIGSAW BLOCKS ,12432.28,52.633684062929994,A - Top
CANDLEHOLDER PINK HANGING HEART,12411.640000000001,52.696283229124234,A - Top
CHRISTMAS CRAFT LITTLE FRIENDS,12382.470000000001,52.758735273932565,A - Top
PINK FAIRY CAKE CHILDRENS APRON,12377.5,52.8211622521215,A - Top
CHILDRENS CUTLERY POLKADOT BLUE,12366.97,52.883536121356265,A - Top
REGENCY SUGAR BOWL GREEN,12342.43,52.945786221005505,A - Top
RED SPOT CERAMIC DRAWER KNOB,12339.32,53.00802063510419,A - Top
RETROSPOT CHILDRENS APRON,12324.05,53.07017803365394,A - Top
CIRCUS PARADE LUNCH BOX ,12239.9,53.131911014492935,A - Top
ANTIQUE LILY FAIRY LIGHTS,12234.56,53.193617062585965,A - Top
 WHITE CHERRY LIGHTS,12198.66,53.255142045963396,A - Top
RIBBON REEL STRIPES DESIGN ,12192.05,53.3166336912414,A - Top
SET/20 RED SPOTTY PAPER NAPKINS ,12185.39,53.3780917462407,A - Top
COFFEE MUG CAT + BIRD DESIGN,12124.78,53.43924410952938,A - Top
BLUE DINER WALL CLOCK,12104.800000000001,53.50029570198194,A - Top
BLUE SPOT CERAMIC DRAWER KNOB,12074.4,53.561193969438584,A - Top
RED FLORAL FELTCRAFT SHOULDER BAG,12066.52,53.62205249344232,A - Top
STRAWBERRY   PICNIC BAG,12038.82,53.68277131013072,A - Top
"ASSORTED FLOWER COLOUR ""LEIS""",11961.49,53.74310010636075,A - Top
SET OF 36 TEATIME PAPER DOILIES,11864.15,53.802937959988725,A - Top
ALARM CLOCK BAKELIKE ORANGE,11864.0,53.862775057078906,A - Top
NATURAL SLATE RECTANGLE CHALKBOARD,11788.06,53.922229144294406,A - Top
GARDENERS KNEELING PAD CUP OF TEA ,11785.99,53.98167279128815,A - Top
SET3 BOOK BOX GREEN GINGHAM FLOWER ,11762.93,54.04100013320276,A - Top
T-LIGHT GLASS FLUTED ANTIQUE,11728.69,54.10015478275354,A - Top
TEA TIME KITCHEN APRON,11721.990000000002,54.1592756402822,A - Top
FELTCRAFT PRINCESS LOLA DOLL,11697.6,54.218273484763145,A - Top
CHRISTMAS LIGHTS 10 VINTAGE BAUBLES,11696.640000000001,54.27726648740212,A - Top
RED SPOT HEART HOT WATER BOTTLE,11670.66,54.33612845769261,A - Top
PLACE SETTING WHITE HEART,11609.19,54.39468039878905,A - Top
AGED GLASS SILVER T-LIGHT HOLDER,11593.86,54.453155021721436,A - Top
JUMBO BAG PAISLEY PARK,11581.83,54.511568970321555,A - Top
FIRST AID TIN,11564.43,54.56989516053585,A - Top
DOORSTOP RETROSPOT HEART,11561.95,54.628208842658374,A - Top
BABUSHKA LIGHTS STRING OF 10,11542.6,54.68642493140358,A - Top
DOOR MAT FAIRY CAKE,11532.31,54.74458912165508,A - Top
PIGGY BANK RETROSPOT ,11492.82,54.80255414071947,A - Top
JUMBO BAG DOLLY GIRL DESIGN,11465.29,54.86038030987801,A - Top
STRAWBERRY FAIRY CAKE TEAPOT,11462.58,54.91819281092014,A - Top
PARTY METAL SIGN ,11382.16,54.97559970682505,A - Top
CHILDRENS APRON SPACEBOY DESIGN,11365.8,55.03292408967295,A - Top
RED GINGHAM ROSE JEWELLERY BOX,11342.25,55.09012969608488,A - Top
SOLDIERS EGG CUP ,11238.45,55.1468117783331,A - Top
VINTAGE CREAM DOG FOOD CONTAINER,11199.64,55.203298119032276,A - Top
UNION STRIPE WITH FRINGE  HAMMOCK,11199.18,55.25978213968216,A - Top
SET/6 PINK  BUTTERFLY T-LIGHTS,11184.89,55.316194087496804,A - Top
ROSE COTTAGE KEEPSAKE BOX ,11184.82,55.37260568226047,A - Top
PINK PARTY BAGS,11180.57,55.42899584178621,A - Top
SWEETHEART RECIPE BOOK STAND,11175.81,55.485361993845494,A - Top
POTTING SHED TEA MUG,11163.64,55.54166676547055,A - Top
PACK OF 60 SPACEBOY CAKE CASES,11159.9,55.59795267408625,A - Top
TWO DOOR CURIO CABINET,11112.85,55.65400128200926,A - Top
REGENCY TEA PLATE ROSES ,11097.249999999998,55.70997121000014,A - Top
4 TRADITIONAL SPINNING TOPS,11073.449999999999,55.7658211006587,A - Top
HAND WARMER BABUSHKA DESIGN,11072.83,55.82166786429431,A - Top
FAMILY PHOTO FRAME CORNICE,11064.72,55.8774737244524,A - Top
LARGE POPCORN HOLDER ,11063.4,55.93327292707777,A - Top
Adjust bad debt,11062.06,55.98906537129872,A - Top
RED RETROSPOT PEG BAG,11060.2,56.044848434450834,A - Top
PARTY CONE CHRISTMAS DECORATION ,10991.21,56.10028354064676,A - Top
RED RETROSPOT MUG,10986.43,56.155694538504505,A - Top
WICKER STAR ,10958.6,56.2109651733808,A - Top
SET OF 72 RETRO SPOT PAPER  DOILIES,10949.4,56.2661894072715,A - Top
GLITTER BUTTERFLY CLIPS,10940.48,56.32136865238048,A - Top
PINK BABY BUNTING,10898.05,56.37633389816129,A - Top
RECIPE BOX RETROSPOT ,10891.7,56.43126711717487,A - Top
I'M ON HOLIDAY METAL SIGN,10866.220000000001,56.486071825632656,A - Top
36 DOILIES VINTAGE CHRISTMAS,10823.97,56.54066344260763,A - Top
RETRO COFFEE MUGS ASSORTED,10821.29,56.59524154277374,A - Top
LUNCH BAG VINTAGE DOILY ,10797.0,56.6496971342507,A - Top
SET/6 RED SPOTTY PAPER CUPS,10781.810000000001,56.70407611366555,A - Top
SET OF 72 RETROSPOT PAPER  DOILIES,10777.789999999999,56.75843481786712,A - Top
FELTCRAFT DOLL EMILY,10770.070000000002,56.81275458558947,A - Top
CALENDAR PAPER CUT DESIGN,10755.050000000001,56.86699859865924,A - Top
SET/2 RED RETROSPOT TEA TOWELS ,10684.21,56.920885324139824,A - Top
CAMOUFLAGE LED TORCH,10681.67,56.97475923891353,A - Top
VINTAGE UNION JACK DOORSTOP,10641.15,57.02842878760714,A - Top
SET OF 36 PAISLEY FLOWER DOILIES,10622.15,57.08200250817832,A - Top
PINK DOUGHNUT TRINKET POT ,10592.66,57.13542749341628,A - Top
DOOR MAT SPOTTY HOME SWEET HOME,10563.06,57.18870318852664,A - Top
DOOR MAT 3 SMILEY CATS,10532.27,57.24182359164277,A - Top
SET 10 LIGHTS NIGHT OWL,10509.880000000001,57.29483106888199,A - Top
LUNCH BAG DOILEY PATTERN ,10502.19,57.347799760949535,A - Top
COFFEE MUG PEARS  DESIGN,10492.449999999999,57.40071932849536,A - Top
PACK 3 BOXES CHRISTMAS PANNETONE,10485.949999999999,57.453606112736146,A - Top
RED 3 PIECE RETROSPOT CUTLERY SET,10467.880000000001,57.5064017593889,A - Top
SET/10 RED POLKADOT PARTY CANDLES,10451.93,57.55911696085465,A - Top
S/6 WOODEN SKITTLES IN COTTON BAG,10451.6,57.61183049793722,A - Top
LUNCH BAG VINTAGE LEAF DESIGN,10441.91,57.66449516267734,A - Top
10 COLOUR SPACEBOY PEN,10397.33,57.7169349843807,A - Top
PACK OF 12 SUKI TISSUES ,10395.88,57.76936749288522,A - Top
PHOTO CUBE,10374.33,57.82169131212457,A - Top
REVOLVER WOODEN RULER ,10373.99,57.87401341654487,A - Top
PINK 3 PIECE POLKADOT CUTLERY SET,10339.4,57.92616106334646,A - Top
ALARM CLOCK BAKELIKE CHOCOLATE,10324.92,57.97823567903158,A - Top
WELCOME  WOODEN BLOCK LETTERS,10314.189999999999,58.03025617704544,A - Top
PAPER BUNTING VINTAGE PAISLEY,10303.35,58.08222200259365,A - Top
DOOR MAT HEARTS,10298.44,58.13416306413759,A - Top
POLKADOT PEN,10293.71,58.18608026952262,A - Top
RED SPOTTY CHARLOTTE BAG,10231.44,58.2376834108453,A - Top
TOY TIDY SPACEBOY  ,10217.66,58.28921705156128,A - Top
VINTAGE DOILY JUMBO BAG RED ,10206.41,58.3406939519416,A - Top
POPPY'S PLAYHOUSE KITCHEN,10161.4,58.391943840543426,A - Top
TRADITIONAL WOODEN CATCH CUP GAME ,10151.28,58.44314268806108,A - Top
LONDON BUS COFFEE MUG,10140.6,58.494287670086756,A - Top
JUMBO BAG CHARLIE AND LOLA TOYS,10132.11,58.54538983207244,A - Top
GINGERBREAD MAN COOKIE CUTTER,10131.26,58.596487707010546,A - Top
MA CAMPAGNE CUTLERY BOX,10125.72,58.647557640485594,A - Top
ENCHANTED BIRD COATHANGER 5 HOOK,10119.51,58.69859625329536,A - Top
CLEAR DRAWER KNOB ACRYLIC EDWARDIAN,10117.08,58.74962261019261,A - Top
TOY TIDY PINK POLKADOT,10090.01,58.8005124372333,A - Top
REGENCY TEA PLATE GREEN ,10051.99,58.85121050715739,A - Top
SET/3 RUSSIAN DOLL STACKING TINS,10030.08,58.901798072125544,A - Top
ENGLISH ROSE HOT WATER BOTTLE,10021.55,58.95234261531031,A - Top
SKULL LUNCH BOX WITH CUTLERY ,10014.539999999999,59.002851802961466,A - Top
BATH BUILDING BLOCK WORD,9944.65,59.053008494429584,A - Top
ROUND SNACK BOXES SET OF 4 SKULLS,9943.550000000001,59.10315963795377,A - Top
ICE CREAM SUNDAE LIP GLOSS,9935.76,59.153271491947756,A - Top
FOOD CONTAINER SET 3 LOVE HEART ,9914.89,59.20327808631461,A - Top
WHITE WIRE EGG HOLDER,9894.99,59.25318431333218,A - Top
COFFEE MUG DOG + BALL DESIGN,9891.4,59.30307243387817,A - Top
ENAMEL MEASURING JUG CREAM,9844.039999999999,59.35272169022,A - Top
GLITTER HANGING BUTTERFLY STRING,9825.02,59.402275017567675,A - Top
DOOR MAT ENGLISH ROSE ,9816.33,59.4517845161583,A - Top
VINYL RECORD FRAME SILVER,9814.74,59.50128599544815,A - Top
TEA TIME TABLE CLOTH,9791.67,59.55067111922301,A - Top
RED WHITE SCARF  HOT WATER BOTTLE,9784.58,59.60002048397743,A - Top
CERAMIC HEART FAIRY CAKE MONEY BANK,9765.529999999999,59.64927376843014,A - Top
POPPY'S PLAYHOUSE BEDROOM ,9764.640000000001,59.69852256409186,A - Top
MOROCCAN TEA GLASS,9759.91,59.747747503594674,A - Top
SET OF 4 KNICK KNACK TINS DOILY ,9726.480000000001,59.796803836037824,A - Top
BLACK/BLUE POLKADOT UMBRELLA,9722.53,59.84584024631868,A - Top
PICTURE DOMINOES,9718.41,59.89485587702772,A - Top
ROUND CAKE TIN VINTAGE RED,9602.6,59.943287410112525,A - Top
RECIPE BOX BLUE SKETCHBOOK DESIGN,9589.84,59.99165458704772,A - Top
REGENCY MILK JUG PINK ,9587.15,60.04000819673821,A - Top
TRADITIONAL CHRISTMAS RIBBONS,9566.02,60.088255235469376,A - Top
PANTRY ROLLING PIN,9564.98,60.13649702887173,A - Top
RED RETROSPOT JUMBO BAG ,9563.89,60.184733324766015,A - Top
TOY TIDY PINK RETROSPOT  ,9529.53,60.23279632306622,A - Top
WASHROOM METAL SIGN,9527.16,60.28084736806905,A - Top
FOLKART ZINC HEART CHRISTMAS DEC,9514.779999999999,60.328835973484715,A - Top
SMALL CHINESE STYLE SCISSOR,9513.1,60.376816105676944,A - Top
TRIPLE PHOTO FRAME CORNICE ,9478.23,60.42462036804655,A - Top
CHRISTMAS LIGHTS 10 SANTAS ,9466.41,60.47236501523682,A - Top
RED RETROSPOT BUTTER DISH,9408.77,60.519818950165096,A - Top
BOYS VINTAGE TIN SEASIDE BUCKET,9397.07,60.56721387514429,A - Top
PINK FLORAL FELTCRAFT SHOULDER BAG,9387.29,60.61455947385833,A - Top
IVORY HANGING DECORATION  HEART,9358.939999999999,60.66176208692653,A - Top
KINGS CHOICE BISCUIT TIN,9352.41,60.70893176538211,A - Top
SCANDINAVIAN REDS RIBBONS,9346.72,60.75607274583683,A - Top
BOX OF 24 COCKTAIL PARASOLS,9336.68,60.8031630886942,A - Top
VINTAGE BLUE KITCHEN CABINET,9290.0,60.85001799698547,A - Top
GLASS  BEURRE DISH,9271.89,60.896781565945304,A - Top
LOVEBIRD HANGING DECORATION WHITE ,9270.48,60.943538023449726,A - Top
PICCADILLY TEA SET,9224.92,60.99006469520369,A - Top
BOX OF 6 MINI 50'S CRACKERS,9219.53,61.03656418203239,A - Top
GAOLERS KEYS DECORATIVE GARDEN ,9201.49,61.082972682580625,A - Top
FUNKY DIVA PEN,9173.029999999999,61.129237642688594,A - Top
NOEL WOODEN BLOCK LETTERS ,9167.61,61.17547526656375,A - Top
BOX OF 6 MINI VINTAGE CRACKERS,9162.41,61.22168666379486,A - Top
RED METAL BOX TOP SECRET,9117.62,61.26767215883626,A - Top
PINK VINTAGE PAISLEY PICNIC BAG,9087.63,61.31350639675177,A - Top
RECIPE BOX WITH METAL HEART,9075.51,61.35927950641232,A - Top
LARGE HEART MEASURING SPOONS,9005.64,61.40470022076154,A - Top
SET/3 VANILLA SCENTED CANDLE IN BOX,9001.15,61.45009828941236,A - Top
SET 2 PANTRY DESIGN TEA TOWELS,8999.27,61.49548687612263,A - Top
GIRLS VINTAGE TIN SEASIDE BUCKET,8987.24,61.54081478850063,A - Top
PACK OF 12 HEARTS DESIGN TISSUES ,8972.11,61.58606639143166,A - Top
AIRLINE BAG VINTAGE TOKYO 78,8936.8,61.631139905362495,A - Top
CHRISTMAS CRAFT TREE TOP ANGEL,8895.210000000001,61.67600365657688,A - Top
LARGE WHITE HEART OF WICKER,8878.210000000001,61.720781666839606,A - Top
BLUE 3 PIECE POLKADOT CUTLERY SET,8867.880000000001,61.76550757686523,A - Top
RETROSPOT PARTY BAG + STICKER SET,8857.32,61.81018022662912,A - Top
HAND WARMER RED LOVE HEART,8855.51,61.85484374750344,A - Top
CAKE STAND WHITE TWO TIER LACE,8809.93,61.8992773817556,A - Top
3 TIER CAKE TIN GREEN AND CREAM,8794.42,61.943632789998325,A - Top
RED SPOTTY SHOPPER BAG,8763.09,61.987830182710724,A - Top
SWEETHEART KEY CABINET,8747.05,62.031946676313446,A - Top
RED RETROSPOT SHOPPER BAG,8694.26,62.0757969190433,A - Top
12 PENCILS SMALL TUBE SKULL,8686.54,62.119608225293945,A - Top
SET OF 2 TEA TOWELS APPLE AND PEARS,8648.49,62.163227623120434,A - Top
FOUR HOOK  WHITE LOVEBIRDS,8642.300000000001,62.20681580115334,A - Top
CHARLIE+LOLA PINK HOT WATER BOTTLE,8624.1,62.25031218593211,A - Top
MINI WOODEN HAPPY BIRTHDAY GARLAND,8568.0,62.29352562557039,A - Top
VICTORIAN  METAL POSTCARD SPRING,8567.24,62.336735232083775,A - Top
BIRD HOUSE HOT WATER BOTTLE,8563.76,62.37992728691999,A - Top
SET 6 PAPER TABLE LANTERN HEARTS ,8558.76,62.423094123829244,A - Top
ICE CREAM PEN LIP GLOSS ,8553.34,62.46623362450568,A - Top
6 EGG HOUSE PAINTED WOOD,8533.09,62.50927099257794,A - Top
WHITE DOVE HONEYCOMB PAPER GARLAND,8532.17,62.55230372055161,A - Top
CHILDRENS CUTLERY SPACEBOY ,8517.67,62.59526331653713,A - Top
SCANDINAVIAN PAISLEY PICNIC BAG,8498.61,62.638126781785054,A - Top
VINTAGE DOILY TRAVEL SEWING KIT,8497.98,62.6809870695742,A - Top
LIGHT PINK CHERRY LIGHTS,8481.19,62.7237626755646,A - Top
RIBBON REEL HEARTS DESIGN ,8457.84,62.76642051383611,A - Top
RIBBON REEL LACE DESIGN ,8449.94,62.80903850778301,A - Top
FELTCRAFT PRINCESS OLIVIA DOLL,8445.97,62.851636478695916,A - Top
SMALL WHITE HEART OF WICKER,8438.539999999999,62.89419697576935,A - Top
DOOR MAT WELCOME PUPPIES,8429.7,62.93671288754792,A - Top
RETRO SPOT LARGE MILK JUG,8420.28,62.979181288752095,A - Top
KINGS CHOICE TEA CADDY ,8393.61,63.02151517753387,A - Top
AFGHAN SLIPPER SOCK PAIR,8378.8,63.06377437081599,A - Top
ROUND CONTAINER SET OF 5 RETROSPOT,8371.05,63.105994476311345,A - Top
PICNIC BOXES SET OF 3 RETROSPOT ,8367.8,63.14819819015416,A - Top
DOORMAT MERRY CHRISTMAS RED ,8366.72,63.190396456924745,A - Top
GINGHAM HEART  DOORSTOP RED,8352.94,63.23252522308863,A - Top
RAIN PONCHO RETROSPOT,8333.11,63.274553974954195,A - Top
SKULL SHOULDER BAG,8275.22,63.31629075366142,A - Top
DOOR MAT FANCY FONT HOME SWEET HOME,8238.8,63.35784384498868,A - Top
GIN AND TONIC MUG,8209.17,63.39924749488076,A - Top
CREAM SWEETHEART WALL CABINET,8201.99,63.44061493182973,A - Top
RETROSPOT LARGE MILK JUG,8194.59,63.4819450462468,A - Top
MINI CAKE STAND  HANGING STRAWBERY,8179.19,63.52319748944883,A - Top
LAUNDRY 15C METAL SIGN,8081.139999999999,63.5639554091032,A - Top
RED/WHITE DOT MINI CASES,8051.57,63.604564189937506,A - Top
PHOTO FRAME 3 CLASSIC HANGING,8020.45,63.64501601439443,A - Top
RIBBON REEL SNOWY VILLAGE,8012.57,63.68542809539846,A - Top
SET/10 RED SPOTTY PARTY CANDLES,7990.77,63.72573022624093,A - Top
CABIN BAG VINTAGE RETROSPOT,7985.03,63.76600340690326,A - Top
SET/10 PINK POLKADOT PARTY CANDLES,7962.62,63.806163560816955,A - Top
SET/2 RED SPOTTY TEA TOWELS ,7960.570000000001,63.8463133753806,A - Top
CARDHOLDER HOLLY WREATH METAL,7956.84,63.88644437737074,A - Top
ROSE CARAVAN DOORSTOP,7955.84,63.92657033577548,A - Top
VINTAGE POST OFFICE CABINET,7954.87,63.96669140190239,A - Top
RETRO SPOT TRADITIONAL TEAPOT ,7937.910000000001,64.00672692882105,A - Top
RED RETROSPOT OVEN GLOVE ,7916.58,64.0466548760633,A - Top
OWL DOORSTOP,7900.01,64.08649925109562,A - Top
KINGS CHOICE MUG,7882.08,64.12625319464185,A - Top
FAIRY TALE COTTAGE NIGHTLIGHT,7877.839999999999,64.16598575338601,A - Top
WEEKEND BAG VINTAGE ROSE PAISLEY,7875.33,64.20570565273084,A - Top
NOVELTY BISCUITS CAKE STAND 3 TIER,7821.96,64.24515637592332,A - Top
PACK OF 60 MUSHROOM CAKE CASES,7792.37,64.28445785942404,A - Top
RED RETROSPOT SUGAR JAM BOWL,7791.88,64.32375687156792,A - Top
GIRLS ALPHABET IRON ON PATCHES ,7788.67,64.36303969380268,A - Top
SET OF 4 KNICK KNACK TINS LONDON ,7771.610000000001,64.40223647247066,A - Top
STRAWBERRY SHOPPER BAG,7767.48,64.44141242113098,A - Top
DOORMAT RED SPOT,7765.42,64.48057798000538,A - Top
CHARLOTTE BAG APPLES DESIGN,7741.94,64.51962511549479,A - Top
 SPACEBOY BABY GIFT SET,7741.749999999999,64.55867129270297,A - Top
LARGE CAKE TOWEL PINK SPOTS,7729.37,64.59765503032399,A - Top
LANTERN CREAM GAZEBO ,7727.14,64.63662752074958,A - Top
CHILDRENS CUTLERY POLKADOT GREEN ,7701.71,64.67547175279867,A - Top
CHARLIE + LOLA RED HOT WATER BOTTLE,7699.25,64.7143035776277,A - Top
"DIAMANTE HEART SHAPED WALL MIRROR, ",7673.7300000000005,64.7530066901575,A - Top
HOLIDAY FUN LUDO,7669.64,64.79168917442308,A - Top
SET OF 6 T-LIGHTS SANTA,7664.72,64.83034684424852,A - Top
COLOURING PENCILS BROWN TUBE,7660.6,64.86898373450214,A - Top
I CAN ONLY PLEASE ONE PERSON MUG,7627.49,64.90745363164343,A - Top
GARDENERS KNEELING PAD,7623.41,64.94590295095632,A - Top
RED BABY BUNTING ,7613.94,64.98430450751556,A - Top
GIRAFFE WOODEN RULER,7604.889999999999,65.022660419627,A - Top
RED SPOTTY COIR DOORMAT,7563.34,65.0608067707654,A - Top
CARD HOLDER GINGHAM HEART,7559.94,65.09893597371345,A - Top
PACK OF 12 TRADITIONAL CRAYONS,7548.67,65.13700833545415,A - Top
DOG BOWL CHASING BALL DESIGN,7537.37,65.17502370467993,A - Top
GLASS JAR ENGLISH CONFECTIONERY,7529.6,65.21299988524719,A - Top
WHITE LOVEBIRD LANTERN,7527.9400000000005,65.25096769346271,A - Top
CREAM SWEETHEART TRAYS,7524.44,65.28891784912936,A - Top
SET/6 TURQUOISE BUTTERFLY T-LIGHTS,7523.570000000001,65.32686361687674,A - Top
CREAM SWEETHEART LETTER RACK,7493.06,65.36465550483378,A - Top
MIRRORED DISCO BALL ,7484.81,65.40240578321136,A - Top
BATHROOM METAL SIGN,7458.52,65.44002346572897,A - Top
RED RETROSPOT BOWL,7445.51,65.47757553120063,A - Top
ASSTD DESIGN RACING CAR PEN,7408.65,65.51494169011475,A - Top
"SET 3 RED SPOT TIN TEA,COFFEE,SUGAR",7404.09,65.55228485027948,A - Top
CHRISTMAS METAL TAGS ASSORTED ,7365.7,65.58943438720101,A - Top
SET 3 WICKER LOG BASKETS,7362.66,65.62656859162294,A - Top
LOVE LARGE WOOD LETTERS ,7361.74,65.66369815594632,A - Top
BOX OF 6 CHRISTMAS CAKE DECORATIONS,7356.18,65.70079967793492,A - Top
POTTERING MUG,7351.25,65.73787633504755,A - Top
ANTIQUE GLASS DRESSING TABLE POT,7336.09,65.77487653140562,A - Top
DOOR MAT BLACK FLOCK ,7318.79,65.81178947373641,A - Top
LAVENDER SCENTED FABRIC HEART,7306.14,65.848638614712,A - Top
GREEN 3 PIECE MINI DOTS CUTLERY SET,7306.06,65.88548735220077,A - Top
12 EGG HOUSE PAINTED WOOD,7304.69,65.92232917997754,A - Top
HANGING METAL STAR LANTERN,7284.239999999999,65.95906786643305,A - Top
PACK OF 20 NAPKINS PANTRY DESIGN,7279.03,65.99578027580864,A - Top
SET 6 PAPER TABLE LANTERN STARS ,7250.900000000001,66.03235080912718,A - Top
SET OF 4 KNICK KNACK TINS DOILEY ,7248.79,66.06891070048054,A - Top
PACK 3 BOXES BIRD PANNETONE ,7211.99,66.10528498789148,A - Top
S/4 CACTI CANDLES,7193.46,66.14156581766511,A - Top
BLACK KITCHEN SCALES,7167.4800000000005,66.17771561509025,A - Top
PACK OF 12 WOODLAND TISSUES ,7129.46,66.2136736553988,A - Top
WOODEN HEART CHRISTMAS SCANDINAVIAN,7123.929999999999,66.2496038046801,A - Top
DOOR MAT MULTICOLOUR STRIPE,7078.28,66.28530371428828,A - Top
CERAMIC CHERRY CAKE MONEY BANK,7069.879999999999,66.32096125777916,A - Top
GUMBALL MAGAZINE RACK,7060.58,66.35657189592591,A - Top
GIANT 50'S CHRISTMAS CRACKER,7053.57,66.39214717853905,A - Top
JINGLE BELL HEART ANTIQUE SILVER,7038.400000000001,66.4276459499618,A - Top
VINTAGE UNION JACK APRON,7037.62,66.46314078738793,A - Top
BIG DOUGHNUT FRIDGE MAGNETS,7028.509999999999,66.49858967775116,A - Top
PACK OF 12 PINK PAISLEY TISSUES ,7023.95,66.53401556936498,A - Top
CERAMIC CAKE BOWL + HANGING CAKES,7023.14,66.56943737567464,A - Top
SET OF 12 FAIRY CAKE BAKING CASES,6989.54,66.60468971751513,A - Top
COOKING SET RETROSPOT,6984.349999999999,66.63991588314744,A - Top
FANCY FONTS BIRTHDAY WRAP,6978.0,66.67511002201252,A - Top
20 DOLLY PEGS RETROSPOT,6955.83,66.71019234458944,A - Top
5 HOOK HANGER RED MAGIC TOADSTOOL,6951.45,66.74525257626236,A - Top
INFLATABLE POLITICAL GLOBE ,6942.26,66.78026645738552,A - Top
WOODEN REGATTA BUNTING,6933.740000000001,66.81523736716115,A - Top
SPACEBOY BIRTHDAY CARD,6931.639999999999,66.85019768540744,A - Top
HAPPY STENCIL CRAFT,6923.85,66.88511871412354,A - Top
BOTTLE BAG RETROSPOT ,6920.11,66.92002087983026,A - Top
MAN FLU METAL SIGN,6908.870000000001,66.9548663556372,A - Top
CUPCAKE LACE PAPER SET 6,6891.249999999999,66.98962296346951,A - Top
CAKE STAND LOVEBIRD 2 TIER WHITE,6885.44,67.02435026807069,A - Top
PAPER CHAIN KIT SKULLS ,6883.87,67.05906965424282,A - Top
SET/10 PINK SPOTTY PARTY CANDLES,6882.16,67.09378041588393,A - Top
RED HEART SHAPE LOVE BUCKET ,6875.71,67.12845864639925,A - Top
SMALL FAIRY CAKE FRIDGE MAGNETS,6875.0,67.16313329596896,A - Top
PAINT YOUR OWN CANVAS SET,6863.5199999999995,67.19775004517837,A - Top
SET 2 TEA TOWELS I LOVE LONDON ,6856.38,67.23233078318806,A - Top
POLKADOT CUTLERY 24 PCS IN TRAY,6855.75,67.26690834373898,A - Top
CERAMIC CAKE DESIGN SPOTTED MUG,6827.21,67.30134196036279,A - Top
WALL TIDY RETROSPOT ,6826.51,67.33577204647683,A - Top
TEA TIME OVEN GLOVE,6823.15,67.37018518614396,A - Top
GREEN CHRISTMAS TREE CARD HOLDER,6820.7,67.40458596902687,A - Top
SET OF 3 BLACK FLYING DUCKS,6809.650000000001,67.43893102029122,A - Top
SET 40 HEART SHAPE PETIT FOUR CASES,6792.23,67.47318821229801,A - Top
PACK OF 20 SKULL PAPER NAPKINS,6790.7,67.50743768761917,A - Top
TEA TIME TEAPOT IN GIFT BOX,6787.46,67.54167082172367,A - Top
12 PENCIL SMALL TUBE WOODLAND,6773.950000000001,67.57583581698951,A - Top
WATERING CAN BLUE ELEPHANT,6771.5199999999995,67.60998855634284,A - Top
WALL ART CLASSIC PUDDINGS ,6762.71,67.64409686170889,A - Top
ENAMEL WATERING CAN CREAM,6761.38,67.67819845910635,A - Top
WALL MOUNTED VINTAGE ORGANISER,6756.09,67.7122733759371,A - Top
OFFICE MUG WARMER BLACK+SILVER ,6755.56,67.7463456196676,A - Top
CHILDRENS CUTLERY DOLLY GIRL ,6753.71,67.78040853276511,A - Top
VINTAGE PAISLEY STATIONERY SET,6744.8,67.81442650751677,A - Top
WATERING CAN PINK BUNNY,6742.12,67.84843096545958,A - Top
RETROSPOT PADDED SEAT CUSHION,6735.63,67.88240269053321,A - Top
SET OF 6 T-LIGHTS SNOWMEN,6729.13,67.9163416323018,A - Top
DOLLY GIRL BABY GIFT SET,6719.61,67.95023255913743,A - Top
MINI LIGHTS WOODLAND MUSHROOMS,6719.14,67.98412111548794,A - Top
CAKE STAND LOVEBIRD 2 TIER PINK,6702.33,68.01792488916801,A - Top
METAL MERRY CHRISTMAS WREATH,6699.71,68.05171544865436,A - Top
POPPY'S PLAYHOUSE LIVINGROOM ,6699.25,68.08550368809144,A - Top
WHEELBARROW FOR CHILDREN ,6689.67,68.11924360998043,A - Top
DOOR MAT TOPIARY,6681.38,68.15294172054655,A - Top
BISCUIT TIN 50'S CHRISTMAS,6681.25,68.18663917544654,A - Top
PINK/BROWN DOTS RUFFLED UMBRELLA,6664.45,68.22025189811197,A - Top
WHITE BEADED GARLAND STRING 20LIGHT,6664.329999999999,68.25386401554715,A - Top
BLUE PARTY BAGS ,6662.54,68.28746710496448,A - Top
ANT WHITE WIRE HEART SPIRAL,6659.17,68.32105319749903,A - Top
CREAM SWEETHEART SHELF + HOOKS,6647.24,68.35457912005985,A - Top
WOODEN OWLS LIGHT GARLAND ,6631.35,68.3880249000488,A - Top
CREAM SLICE FLANNEL PINK SPOT ,6624.77,68.42143749324588,A - Top
CHARLOTTE BAG DOLLY GIRL DESIGN,6620.45,68.45482829815404,A - Top
CACTI T-LIGHT CANDLES,6606.26,68.48814753458551,A - Top
PACK 20 ENGLISH ROSE PAPER NAPKINS,6579.0199999999995,68.5213293837509,A - Top
12 PENCILS SMALL TUBE RED RETROSPOT,6570.68,68.5544691694141,A - Top
Adjustment by john on 26/01/2010 17,6563.5,68.58757274213421,A - Top
WRAP PINK FAIRY CAKES ,6558.62,68.6206517021576,A - Top
VINTAGE DONKEY TAIL GAME ,6550.17,68.65368804388444,A - Top
SKULLS PARTY BAG + STICKER SET,6520.549999999999,68.68657499461196,A - Top
TROPICAL  HONEYCOMB PAPER GARLAND ,6517.16,68.71944484758501,A - Top
GLASS JAR DIGESTIVE BISCUITS,6498.610000000001,68.75222114204902,A - Top
VINTAGE CHRISTMAS STOCKING ,6488.2,68.7849449327891,A - Top
FAIRY CAKE DESIGN UMBRELLA,6486.79,68.8176616120738,A - Top
VINTAGE CREAM CAT FOOD CONTAINER,6482.96,68.85035897442644,A - Top
EASTER CRAFT 4 CHICKS ,6480.29,68.88304287040607,A - Top
CHRISTMAS STAR WISH LIST CHALKBOARD,6471.2,68.9156809201945,A - Top
JINGLE BELL HEART DECORATION,6459.159999999999,68.94825824521482,A - Top
3 DRAWER ANTIQUE WHITE WOOD CABINET,6457.94,68.98082941706093,A - Top
ROTATING LEAVES T-LIGHT HOLDER,6449.0,69.01335549925366,A - Top
CHRISTMAS CRAFT WHITE FAIRY ,6445.389999999999,69.04586337410312,A - Top
LANDMARK FRAME CAMDEN TOWN ,6444.65,69.0783675166994,A - Top
LARGE ZINC HEART WALL ORGANISER,6431.110000000001,69.11080336914945,A - Top
DOORMAT NEIGHBOURHOOD WITCH ,6419.7,69.1431816742902,A - Top
TRADITIONAL NAUGHTS & CROSSES,6406.91,69.17549547197378,A - Top
RED RETROSPOT PLATE ,6394.53,69.2077468300702,A - Top
PANTRY WASHING UP BRUSH,6391.82,69.23998452005021,A - Top
CORONA MEXICAN TRAY,6380.2,69.27216360356798,A - Top
SET OF 60 PANTRY DESIGN CAKE CASES ,6371.89,69.30430077489113,A - Top
RED RETROSPOT TEA CUP AND SAUCER ,6364.67,69.33640153152774,A - Top
PEARL CRYSTAL PUMPKIN T-LIGHT HLDR,6363.28,69.36849527758068,A - Top
WOODEN STAR CHRISTMAS SCANDINAVIAN,6358.04,69.40056259524614,A - Top
CERAMIC BOWL WITH STRAWBERRY DESIGN,6356.06,69.43261992661255,A - Top
SMALL RED RETROSPOT WINDMILL,6351.9,69.46465627666372,A - Top
REGENCY TEA PLATE PINK,6344.409999999999,69.4966548502603,A - Top
PINK FAIRY CAKE CHILD'S APRON,6339.17,69.52862699546942,A - Top
PACK OF 6 SWEETIE GIFT BOXES,6324.7699999999995,69.5605265130489,A - Top
SET 3 WICKER OVAL BASKETS W LIDS,6316.3,69.59238331146013,A - Top
EMBOSSED GLASS TEALIGHT HOLDER,6283.87,69.62407654639708,A - Top
CHRISTMAS PUDDING TRINKET POT ,6273.84,69.65571919417253,A - Top
SET OF 4 ENGLISH ROSE PLACEMATS,6271.79,69.68735150259795,A - Top
RETRO RED SPOTTY WASHING UP GLOVES,6257.39,69.71891118339373,A - Top
RIBBON REEL CHRISTMAS SOCK BAUBLE,6226.44,69.75031476522162,A - Top
SLATE TILE NATURAL HANGING,6224.719999999999,69.78170967208264,A - Top
12 MESSAGE CARDS WITH ENVELOPES,6214.83,69.81305469788414,A - Top
LOVE SEAT ANTIQUE WHITE METAL,6210.0,69.84437536316818,A - Top
SET/10 BLUE POLKADOT PARTY CANDLES,6205.84,69.875675047137,A - Top
GINGHAM HEART DECORATION,6200.54,69.90694800010324,A - Top
SET OF 9 HEART SHAPED BALLOONS,6185.22,69.93814368534129,A - Top
CLASSIC GLASS COOKIE JAR,6183.39,69.96933014081806,A - Top
CITRONELLA CANDLE GARDEN POT,6182.39,70.00051155270943,B - Mid
SET/20 STRAWBERRY PAPER NAPKINS ,6181.25,70.03168721491346,B - Mid
LIGHT GARLAND BUTTERFILES PINK,6167.59,70.06279398174104,B - Mid
CAKE PLATE LOVEBIRD WHITE,6160.84,70.09386670436722,B - Mid
ZINC WILLIE WINKIE  CANDLE STICK,6134.7,70.12480758767124,B - Mid
SMALL HEART MEASURING SPOONS,6130.99,70.15572975927348,B - Mid
GLASS CAKE COVER AND PLATE,6126.25,70.18662802428095,B - Mid
BUNDLE OF 3 ALPHABET EXERCISE BOOKS,6114.24,70.21746571582787,B - Mid
PARISIENNE JEWELLERY DRAWER ,6102.18,70.24824258173496,B - Mid
BREAD BIN DINER STYLE MINT,6091.38,70.27896497691981,B - Mid
CHILDRENS APRON APPLES DESIGN,6079.45,70.30962720213094,B - Mid
VANILLA SCENT CANDLE JEWELLED BOX,6055.85,70.34017039872681,B - Mid
GLASS JAR DAISY FRESH COTTON WOOL,6036.26,70.37061479148487,B - Mid
WALL ART STOP FOR TEA ,6036.2,70.40105888162779,B - Mid
VICTORIAN SEWING KIT,6024.5199999999995,70.43144406269333,B - Mid
FUNKY WASHING UP GLOVES ASSORTED,6023.26,70.46182288884128,B - Mid
36 PENCILS TUBE RED RETROSPOT,6019.7,70.49218375982524,B - Mid
KINGS CHOICE GIANT TUBE MATCHES,6018.75,70.52253983940308,B - Mid
SET 12 KIDS COLOUR  CHALK STICKS,6013.139999999999,70.55286762446687,B - Mid
WOODLAND PARTY BAG + STICKER SET,6011.57,70.5831874911016,B - Mid
COSY HOUR CIGAR BOX MATCHES ,6003.08,70.61346453769633,B - Mid
BREAD BIN DINER STYLE PINK,6001.0,70.64373109363346,B - Mid
SET OF 6 TEA TIME BAKING CASES,5985.55,70.6739197261763,B - Mid
PACK OF 12 RED SPOTTY TISSUES ,5981.8099999999995,70.70408949570975,B - Mid
FINE WICKER HEART ,5979.24,70.73424630322876,B - Mid
SET/10 BLUE SPOTTY PARTY CANDLES,5966.95,70.76434112508329,B - Mid
VINTAGE CHRISTMAS GIFT SACK,5964.150000000001,70.79442182489873,B - Mid
OVERNIGHT BAG VINTAGE ROSE PAISLEY,5959.53,70.82447922334966,B - Mid
WALL ART BICYCLE SAFETY,5954.15,70.85450948731116,B - Mid
PACK OF 12 COLOURED PENCILS,5950.0,70.88451882039331,B - Mid
RECYCLED ACAPULCO MAT TURQUOISE,5949.34,70.91452482470909,B - Mid
TEA BAG PLATE RED SPOTTY ,5934.19,70.94445441870619,B - Mid
RUSTIC  SEVENTEEN DRAWER SIDEBOARD,5910.0,70.97426200837265,B - Mid
PINK DRAWER KNOB ACRYLIC EDWARDIAN,5884.92,71.00394310491748,B - Mid
BROWN CHECK CAT DOORSTOP ,5883.33,71.03361618216152,B - Mid
GREEN 3 PIECE POLKADOT CUTLERY SET,5874.71,71.06324578369951,B - Mid
DINOSAUR LUNCH BOX WITH CUTLERY,5874.01,71.09287185472772,B - Mid
PANTRY CHOPPING BOARD,5868.5,71.12247013560042,B - Mid
CHARLIE AND LOLA FIGURES TINS,5865.04,71.15205096566766,B - Mid
WHITE CHERRY LIGHTS,5850.06,71.18155624282572,B - Mid
QUEENS GUARD COFFEE MUG,5849.29,71.21105763642304,B - Mid
BOTANICAL GARDENS WALL CLOCK ,5843.92,71.24053194596681,B - Mid
SET OF 4 JAM JAR MAGNETS,5842.88,71.27000101018176,B - Mid
RIBBON REEL CHRISTMAS PRESENT ,5840.43,71.2994577176125,B - Mid
DOORMAT I LOVE LONDON,5839.41,71.32890928058615,B - Mid
CHOCOLATE CALCULATOR,5836.759999999999,71.35834747805849,B - Mid
PACK OF 6 SKULL PAPER PLATES,5820.099999999999,71.38770164939821,B - Mid
ROUND CAKE TIN VINTAGE GREEN,5811.87,71.41701431203018,B - Mid
6 CHOCOLATE LOVE HEART T-LIGHTS,5803.580000000001,71.44628516333921,B - Mid
DOORMAT CHRISTMAS VILLAGE,5784.67,71.4754606404485,B - Mid
GLASS HEART T-LIGHT HOLDER ,5771.11,71.50456772653988,B - Mid
3 PIECE SPACEBOY COOKIE CUTTER SET,5768.830000000001,71.53366331325655,B - Mid
RED RETROSPOT WRAP ,5736.42,71.56259543737067,B - Mid
FAIRY CAKE BIRTHDAY CANDLE SET,5732.6,71.5915082949886,B - Mid
TOADSTOOL MONEY BOX,5731.330000000001,71.62041474725308,B - Mid
GROW YOUR OWN BASIL IN ENAMEL MUG,5729.570000000001,71.64931232280728,B - Mid
GARLAND WOODEN HAPPY EASTER,5728.53,71.67820465303267,B - Mid
SAVE THE PLANET COTTON TOTE BAG,5716.5199999999995,71.70703640979748,B - Mid
LOVE GARLAND PAINTED ZINC ,5698.889999999999,71.73577924815186,B - Mid
METAL SIGN EMPIRE TEA,5695.1,71.76450297131758,B - Mid
LARGE CAKE STAND HANGING HEARTS,5691.41,71.79320808365321,B - Mid
DAIRY MAID TRADITIONAL TEAPOT ,5680.15,71.82185640521735,B - Mid
RED SPOTTY BOWL,5660.1900000000005,71.85040405681703,B - Mid
SPACEBOY GIFT WRAP,5656.14,71.8789312818959,B - Mid
BAG 125g SWIRLY MARBLES,5646.47,71.90740973550402,B - Mid
HEART DECORATION PAINTED ZINC ,5644.77,71.93587961501697,B - Mid
S/16 VINTAGE IVORY CUTLERY,5643.15,71.96434132392159,B - Mid
CREAM SWEETHEART EGG HOLDER,5624.5,71.99270896995866,B - Mid
BUTTON BOX ,5618.21,72.0210448918436,B - Mid
RED RETROSPOT STORAGE JAR,5604.6,72.04931217053135,B - Mid
SKULL AND CROSSBONES  GARLAND ,5597.419999999999,72.077543236276,B - Mid
SET OF 3 BABUSHKA STACKING TINS,5556.92,72.10557003681227,B - Mid
LARGE RED SPOT WINDMILL,5554.92,72.13358675017774,B - Mid
CHILDREN'S APRON DOLLY GIRL ,5542.950000000001,72.1615430918261,B - Mid
WALL ART BIG LOVE ,5538.26,72.18947577905894,B - Mid
HEART DECORATION WITH PEARLS ,5537.57,72.21740498621789,B - Mid
GLASS STAR FROSTED T-LIGHT HOLDER,5534.17,72.24531704518648,B - Mid
"KEY FOB , SHED",5529.14,72.27320373492057,B - Mid
LARGE IVORY HEART WALL ORGANISER,5525.4,72.30107156164529,B - Mid
RED SPOTTY PLATE ,5523.2,72.32892829248215,B - Mid
TREASURE ISLAND BOOK BOX,5521.29,72.3567753900709,B - Mid
SET OF 5 LUCKY CAT MAGNETS ,5513.83,72.38458486251263,B - Mid
FRENCH WC SIGN BLUE METAL,5510.57,72.41237789286598,B - Mid
DOOR MAT UNION JACK GUNS AND ROSES,5510.39,72.44017001537397,B - Mid
SMALL HEART FLOWERS HOOK ,5503.2699999999995,72.46792622755395,B - Mid
LUNCH BAG PAISLEY PARK  ,5497.33,72.49565248083671,B - Mid
CHINESE DRAGON PAPER LANTERNS,5487.3099999999995,72.52332819739385,B - Mid
FANNY'S REST STOPMETAL SIGN,5479.4400000000005,72.55096422093395,B - Mid
GLASS HONEYPOT WASP CATCHER,5473.82,72.57857189952415,B - Mid
MILK PAN RED RETROSPOT,5469.51,72.6061578402613,B - Mid
SET OF 9 BLACK SKULL BALLOONS,5457.97,72.63368557802305,B - Mid
WHITE JEWELLED HEART DECORATION,5451.49,72.66118063335144,B - Mid
ORGANISER WOOD ANTIQUE WHITE ,5450.43,72.68867034247933,B - Mid
PINK POLKADOT BOWL,5449.13,72.7161534949462,B - Mid
RED GINGHAM TEDDY BEAR ,5440.51,72.74359317170699,B - Mid
36 PENCILS TUBE SKULLS,5438.57,72.77102306391212,B - Mid
SET OF 3 CASES WOODLAND DESIGN,5435.91,72.79843954018011,B - Mid
WRAP ENGLISH ROSE ,5435.4,72.82585344421956,B - Mid
RED STAR CARD HOLDER,5431.400000000001,72.85324717391742,B - Mid
KEY CABINET MA CAMPAGNE,5430.59,72.88063681831113,B - Mid
CHRISTMAS GINGHAM HEART,5429.91,72.90802303306677,B - Mid
CREAM SWEETHEART MAGAZINE RACK,5426.74,72.9353932596567,B - Mid
LARGE RED RETROSPOT WINDMILL,5426.06,72.9627600566086,B - Mid
SMALL ZINC HEART WALL ORGANISER,5416.18,72.9900770229368,B - Mid
CHARLOTTE BAG VINTAGE ALPHABET ,5405.88,73.01734204033548,B - Mid
VINTAGE BILLBOARD TEA MUG,5404.360000000001,73.04459939148434,B - Mid
KASHMIR FOLKART TUMBLERS,5394.54,73.07180721462466,B - Mid
MAGIC DRAWING SLATE SPACEBOY ,5393.83,73.09901145681937,B - Mid
GROW YOUR OWN HERBS SET OF 3,5393.43,73.1262136815799,B - Mid
RED RETROSPOT CHILDRENS UMBRELLA,5380.2699999999995,73.15334953275668,B - Mid
RETRO SPORT PARTY BAG + STICKER SET,5370.08,73.18043398979832,B - Mid
SET OF THREE VINTAGE GIFT WRAPS,5367.009999999999,73.2075029630328,B - Mid
CAKE STAND LACE WHITE,5365.66,73.234565127427,B - Mid
ILLUSTRATED CAT BOWL ,5362.2,73.26160984101575,B - Mid
VINTAGE DOILY DELUXE SEWING KIT ,5354.01,73.28861324764013,B - Mid
WOOLLY HAT SOCK GLOVE ADVENT STRING,5341.85,73.31555532426616,B - Mid
RED RETROSPOT OVEN GLOVE DOUBLE,5334.06,73.34245811136198,B - Mid
MINI CAKE STAND WITH HANGING CAKES,5332.25,73.36935176956824,B - Mid
60 CAKE CASES DOLLY GIRL DESIGN,5314.12,73.39615398757134,B - Mid
HOME SMALL WOOD LETTERS,5296.4800000000005,73.42286723672812,B - Mid
CHARLIE + LOLA BISCUITS TINS,5287.2,73.44953368141248,B - Mid
RED SPOTTY PEG BAG,5282.89,73.47617838824378,B - Mid
12 PENCILS SMALL TUBE RED SPOTTY,5278.030000000001,73.5027985832501,B - Mid
ANTIQUE GLASS PEDESTAL BOWL,5277.95,73.52941837476956,B - Mid
TRAVEL CARD WALLET KEEP CALM,5262.82,73.55596185684206,B - Mid
FAIRY CAKE CANDLES,5257.43,73.5824781539893,B - Mid
RED METAL BEACH SPADE ,5250.3,73.60895849037267,B - Mid
ALPHABET STENCIL CRAFT,5221.400000000001,73.63529306713824,B - Mid
EMPIRE UNION JACK TV DINNER TRAY,5218.61,73.66161357230055,B - Mid
FLORAL FOLK STATIONERY SET,5216.88,73.68792535206016,B - Mid
METAL SIGN HER DINNER IS SERVED ,5207.7300000000005,73.71419098301341,B - Mid
DOORMAT WELCOME SUNRISE,5198.6,73.74041056603204,B - Mid
SWALLOWS GREETING CARD,5197.84,73.76662631592575,B - Mid
WATERING CAN GREEN DINOSAUR,5174.58,73.79272475202326,B - Mid
COSY HOUR GIANT TUBE MATCHES,5173.05,73.81881547143513,B - Mid
RETRO SPOT LAMP,5164.42,73.84486266470506,B - Mid
GLAMOROUS  MUG,5163.8,73.87090673095204,B - Mid
TABLECLOTH RED APPLES DESIGN ,5160.78,73.89693556557114,B - Mid
PURPLE DRAWERKNOB ACRYLIC EDWARDIAN,5160.03,73.9229606175012,B - Mid
SET OF 3 WOODEN HEART DECORATIONS,5147.19,73.94892090979481,B - Mid
CITRONELLA CANDLE FLOWERPOT,5145.4400000000005,73.974872375814,B - Mid
REGENCY TEA STRAINER,5143.6900000000005,74.00081501555876,B - Mid
SET OF 6 NATIVITY MAGNETS ,5143.06,74.0267544778447,B - Mid
LARGE CERAMIC TOP STORAGE JAR,5141.0599999999995,74.05268385295987,B - Mid
METAL SIGN NEIGHBOURHOOD WITCH ,5140.820000000001,74.07861201761456,B - Mid
SMALL IVORY HEART WALL ORGANISER,5138.6,74.10452898550966,B - Mid
ROCKING HORSE RED CHRISTMAS ,5135.24,74.13042900695785,B - Mid
ENAMEL WASH BOWL CREAM,5133.3,74.15631924385039,B - Mid
TV DINNER TRAY DOLLY GIRL,5130.62,74.18219596393406,B - Mid
SEWING BOX RETROSPOT DESIGN ,5130.36,74.20807137268554,B - Mid
3 HOOK HANGER MAGIC GARDEN,5122.759999999999,74.23390845018804,B - Mid
RED SPOTS  WRAP ,5115.5,74.25970891126059,B - Mid
PENS ASSORTED FUNNY FACE,5107.54,74.28546922539341,B - Mid
AIRLINE BAG VINTAGE JET SET RED,5099.84,74.31119070391873,B - Mid
FOOT STOOL HOME SWEET HOME ,5097.65,74.33690113699204,B - Mid
STRAWBERRY RAFFIA FOOD COVER,5095.63,74.36260138202286,B - Mid
BISCUIT TIN VINTAGE CHRISTMAS,5079.78,74.38822168622521,B - Mid
BISCUIT TIN VINTAGE RED,5078.03,74.41383316415312,B - Mid
SET OF 12 MINI LOAF BAKING CASES,5073.45,74.43942154245994,B - Mid
36 PENCILS TUBE WOODLAND,5069.99,74.4649924699613,B - Mid
WOODLAND DESIGN  COTTON TOTE BAG,5062.86,74.49052743669881,B - Mid
PANTRY MAGNETIC  SHOPPING LIST,5062.599999999999,74.51606109210414,B - Mid
FELTCRAFT GIRL AMELIE KIT,5059.14,74.54157729670399,B - Mid
SKULLS  WATER TRANSFER TATTOOS ,5052.21,74.5670585492571,B - Mid
DOORMAT FRIENDSHIP ,5050.04,74.5925288572299,B - Mid
PINK OWL SOFT TOY,5033.51,74.61791579473615,B - Mid
POLYESTER FILLER PAD 40x40cm,5032.95,74.64329990783459,B - Mid
BLUE SAVANNAH PICNIC HAMPER FOR 2,5016.91,74.66860312182337,B - Mid
SET 3 PAPER VINTAGE CHICK PAPER EGG,5014.650000000001,74.69389493730914,B - Mid
VINTAGE CHRISTMAS TABLECLOTH,5012.96,74.7191782291356,B - Mid
PACK OF SIX LED TEA LIGHTS,5008.26,74.74443781611072,B - Mid
CHOCOLATE BOX RIBBONS ,5000.06,74.76965604568562,B - Mid
VINTAGE BILLBOARD DRINK ME MUG,4998.32,74.79486549942195,B - Mid
BUBBLEGUM RING ASSORTED,4997.28,74.82006970782946,B - Mid
WALL ART KEEP CALM ,4994.790000000001,74.84526135770935,B - Mid
FIVE HEART HANGING DECORATION,4983.9800000000005,74.87039848643116,B - Mid
ENGLISH ROSE DESIGN PEG BAG,4983.02,74.89553077331097,B - Mid
DOCTOR'S BAG SOFT TOY,4961.33,74.92055366482366,B - Mid
PACK OF 6 HANDBAG GIFT BOXES,4955.75,74.94554841312984,B - Mid
POTTING SHED TWINE,4944.04,74.97048410105108,B - Mid
RETROSPOT LAMP,4938.96,74.99539416755854,B - Mid
LANDMARK FRAME COVENT GARDEN ,4937.01,75.02029439907449,B - Mid
TRADITIONAL PICK UP STICKS GAME ,4931.87,75.0451687065615,B - Mid
SET OF 4 NAPKIN CHARMS CUTLERY,4911.72,75.06994138580289,B - Mid
"HOOK, 5 HANGER ,MAGIC TOADSTOOL RED",4908.799999999999,75.09469933777493,B - Mid
SET/6 PURPLE BUTTERFLY T-LIGHTS,4898.400000000001,75.1194048364589,B - Mid
FRYING PAN RED POLKADOT ,4890.14,75.14406867512751,B - Mid
WASH BAG VINTAGE ROSE PAISLEY,4884.86,75.16870588366527,B - Mid
CIRCUS PARADE BABY GIFT SET,4879.599999999999,75.19331656294386,B - Mid
36 FOIL HEART CAKE CASES,4878.900000000001,75.21792371171266,B - Mid
HAND WARMER RED POLKA DOT,4876.2,75.24251724280091,B - Mid
ROLL WRAP 50'S CHRISTMAS,4875.65,75.26710799991722,B - Mid
SET/3 OCEAN SCENT CANDLE JEWEL BOX,4866.81,75.29165417173864,B - Mid
PLAYING CARDS KEEP CALM & CARRY ON,4860.55,75.31616877071552,B - Mid
PIZZA PLATE IN BOX,4840.59,75.34058269972797,B - Mid
ASSTD DESIGN BUBBLE GUM RING,4824.3,75.36491446873438,B - Mid
CHRISTMAS GINGHAM STAR,4823.9,75.38924422030665,B - Mid
TEA PARTY BIRTHDAY CARD,4806.49,75.41348616305724,B - Mid
LANDMARK FRAME OXFORD STREET,4805.53,75.43772326396584,B - Mid
"HOOK, 5 HANGER , MAGIC TOADSTOOL",4795.95,75.4619120473264,B - Mid
RED SPOTTY CHILDS UMBRELLA,4791.04,75.48607606668266,B - Mid
LANDMARK FRAME NOTTING HILL ,4780.57,75.51018727969989,B - Mid
DAIRY MAID LARGE MILK JUG,4768.64,75.53423832274339,B - Mid
GROW YOUR OWN FLOWERS SET OF 3,4765.32,75.55827262108339,B - Mid
BULL DOG BOTTLE OPENER,4764.5,75.58230278368336,B - Mid
PARTY CONES CANDY ASSORTED,4759.59,75.60630818227907,B - Mid
DOORMAT PEACE ON EARTH BLUE,4756.7,75.63029900491298,B - Mid
WOODLAND  HEIGHT CHART STICKERS ,4752.83,75.65427030887143,B - Mid
SET 12 RETRO WHITE CHALK STICKS,4751.06,75.67823268568374,B - Mid
BLUE VINTAGE SPOT BEAKER,4747.62,75.7021777125623,B - Mid
FRENCH BATHROOM SIGN BLUE METAL,4736.11,75.726064687773,B - Mid
MAGNETS PACK OF 4 CHILDHOOD MEMORY,4734.6,75.74994404716975,B - Mid
BALLOON PUMP WITH 10 BALLOONS,4733.49,75.77381780818672,B - Mid
CAMOUFLAGE DESIGN TEDDY,4722.56,75.79763644281536,B - Mid
TRADTIONAL ALPHABET STAMP SET,4717.66,75.82143036387559,B - Mid
SPACEBOY TV DINNER TRAY,4716.83,75.84522009875992,B - Mid
RETROSPOT GIANT TUBE MATCHES,4713.6,75.86899354286345,B - Mid
SET OF 5 PANCAKE DAY MAGNETS,4713.52,75.89276658348014,B - Mid
COFFEE MUG PINK PAISLEY DESIGN,4711.53,75.91652958736191,B - Mid
PORCELAIN BUTTERFLY OIL BURNER,4710.74,75.94028860681121,B - Mid
LANDMARK FRAME LONDON BRIDGE ,4703.87,75.96401297682887,B - Mid
SPACEBOY MINI BACKPACK,4697.54,75.98770542095099,B - Mid
ABC TREASURE BOOK BOX ,4693.08,76.01137537068226,B - Mid
DOOR MAT BIRD ON THE WIRE,4691.77,76.03503871331668,B - Mid
COFFEE MUG BLUE PAISLEY DESIGN,4689.56,76.05869090962739,B - Mid
STRAWBERRY BATH SPONGE ,4687.65,76.08233347269,B - Mid
MONSTERS STENCIL CRAFT,4682.3,76.10594905257076,B - Mid
RED SPOTTY CHILDS APRON,4678.23,76.12954410505898,B - Mid
APPLE BATH SPONGE,4676.15,76.15312866688957,B - Mid
SET OF 3 CAKE TINS SKETCHBOOK,4671.81,76.17669133955957,B - Mid
TREASURE TIN GYMKHANA DESIGN,4669.55,76.20024261372659,B - Mid
6 RIBBONS ELEGANT CHRISTMAS ,4660.69,76.22374920172702,B - Mid
TOILET METAL SIGN,4649.0,76.24719683021422,B - Mid
TEA BAG PLATE RED RETROSPOT,4648.929999999999,76.27064410565045,B - Mid
PINK  SPOTTY PLATE ,4645.09,76.29407201371878,B - Mid
BLUE PAPER PARASOL ,4644.13,76.31749507994512,B - Mid
RED SPOTTY APRON ,4638.110000000001,76.34088778378741,B - Mid
HEART WOODEN CHRISTMAS DECORATION,4629.17,76.36423539797629,B - Mid
BALLOONS  WRITING SET ,4612.63,76.38749959126278,B - Mid
BLUE POLKADOT BOWL,4611.89,76.4107600522961,B - Mid
PEACE WOODEN BLOCK LETTERS,4591.13,76.43391580849668,B - Mid
PACK OF 6 SANDCASTLE FLAGS ASSORTED,4586.48,76.45704811202518,B - Mid
ANTIQUE TALL SWIRLGLASS TRINKET POT,4586.4,76.48018001206685,B - Mid
PINK VINTAGE SPOT BEAKER,4572.41,76.50324135234888,B - Mid
HOME SWEET HOME BLACKBOARD,4561.76,76.5262489784465,B - Mid
RED PAPER PARASOL,4559.650000000001,76.54924596257894,B - Mid
"FEATHER PEN,HOT PINK",4556.5,76.57222705941739,B - Mid
S/4 BLUE ROUND DECOUPAGE BOXES,4552.69,76.59518894019548,B - Mid
CHRISTMAS RETROSPOT ANGEL WOOD,4547.19,76.61812308125393,B - Mid
MAKE YOUR OWN FLOWERPOWER CARD KIT,4542.5,76.6410335678969,B - Mid
CERAMIC CAKE DESIGN SPOTTED PLATE,4540.849999999999,76.66393573262395,B - Mid
SET OF 12 ROSE BOTANICAL T-LIGHTS,4538.17,76.68682438054218,B - Mid
"FANCY FONT BIRTHDAY CARD, ",4534.49,76.70969446806615,B - Mid
MODERN FLORAL STATIONERY SET,4530.54,76.7325446334278,B - Mid
PINK  HEART SHAPE LOVE BUCKET ,4524.5,76.75536433553371,B - Mid
PACK OF 20 NAPKINS RED APPLES,4524.0,76.77818151584694,B - Mid
SET OF 3 HANGING OWLS OLLIE BEAK,4521.72,76.80098719678546,B - Mid
REGENCY SUGAR TONGS,4515.22,76.82376009441893,B - Mid
PARISIENNE CURIO CABINET,4507.08,76.8464919372673,B - Mid
"TRAY, BREAKFAST IN BED",4506.889999999999,76.86922282183446,B - Mid
SET OF 60 I LOVE LONDON CAKE CASES ,4495.85,76.89189802521888,B - Mid
POPPY'S PLAYHOUSE BATHROOM,4487.2,76.91452960158966,B - Mid
SMALL CERAMIC TOP STORAGE JAR ,4476.009999999999,76.93710474023992,B - Mid
SMALL RED RETROSPOT MUG IN BOX ,4462.95,76.95961400966495,B - Mid
SET OF 16 VINTAGE PISTACHIO CUTLERY,4451.95,76.98206779965065,B - Mid
GREEN VINTAGE SPOT BEAKER,4444.2300000000005,77.00448265315715,B - Mid
RIBBON REEL MAKING SNOWMEN ,4439.28,77.02687254091596,B - Mid
BOOM BOX SPEAKER BOYS,4432.92,77.04923035147166,B - Mid
UNION JACK FLAG PASSPORT COVER ,4431.54,77.07158120187954,B - Mid
PIG KEYRING WITH LIGHT & SOUND ,4430.82,77.09392842090593,B - Mid
WILLOW BRANCH LIGHTS.,4423.6900000000005,77.11623967916846,B - Mid
CHARLIE+LOLA RED HOT WATER BOTTLE ,4420.650000000001,77.13853560493142,B - Mid
BLUE POLKADOT PLATE ,4419.44,77.16082542795604,B - Mid
CHILDS APRON SPACEBOY DESIGN,4412.87,77.18308211462464,B - Mid
WALL ART ONLY ONE PERSON ,4406.57,77.20530702670527,B - Mid
HEADS AND TAILS SPORTING FUN,4404.31,77.22752054028292,B - Mid
STAR WOODEN CHRISTMAS DECORATION,4403.83,77.24973163293959,B - Mid
PACK OF 12 SKULL TISSUES,4401.44,77.27193067142716,B - Mid
RETRO SPOT SMALL MILK JUG,4380.61,77.29402465203101,B - Mid
FANCY FONT HOME SWEET HOME DOORMAT,4378.65,77.31610874720751,B - Mid
CHRISTMAS GINGHAM TREE,4377.33,77.33818618485128,B - Mid
CHRISTMAS HANGING STAR WITH BELL,4374.41,77.36024889522571,B - Mid
S/4 VALENTINE DECOUPAGE HEART BOX,4369.7300000000005,77.3822880016205,B - Mid
FRENCH ENAMEL CANDLEHOLDER,4363.280000000001,77.40429457688951,B - Mid
PEG BAG APPLES DESIGN,4356.2,77.42626544357395,B - Mid
BOYS ALPHABET IRON ON PATCHES,4350.14,77.44820574613091,B - Mid
PINK SPOTTY BOWL,4348.93,77.47013994594955,B - Mid
SANDALWOOD FAN,4345.62,77.49205745150054,B - Mid
RETRO SPOT MUG,4343.01,77.51396179329366,B - Mid
ROLL WRAP VINTAGE CHRISTMAS,4342.6,77.53586406721676,B - Mid
VINTAGE UNION JACK SHOPPING BAG,4338.63,77.55774631810588,B - Mid
LUNCH BOX WITH CUTLERY FAIRY CAKES ,4320.21,77.57953566615207,B - Mid
CLASSIC CAFE SUGAR DISPENSER,4311.35,77.60128032803168,B - Mid
VINTAGE SEASIDE JIGSAW PUZZLES,4302.48,77.62298025330885,B - Mid
TEA TIME DES TEA COSY,4298.599999999999,77.64466060947473,B - Mid
RED SPOTTY TABLECLOTH ,4294.6900000000005,77.66632124522171,B - Mid
ANTIQUE ALL GLASS CANDLESTICK,4293.7,77.68797688781915,B - Mid
SET/3 ROSE CANDLE IN JEWELLED BOX,4288.33,77.70960544636303,B - Mid
RECYCLED ACAPULCO MAT GREEN,4286.55,77.73122502732492,B - Mid
SANDWICH BATH SPONGE,4265.24,77.75273712948211,B - Mid
PINK  POLKADOT PLATE ,4265.05,77.77424827335808,B - Mid
SET OF 6 HERB TINS SKETCHBOOK,4262.820000000001,77.79574817003862,B - Mid
OCEAN SCENT CANDLE IN JEWELLED BOX,4258.97,77.8172286489154,B - Mid
OFFICE MUG WARMER POLKADOT,4254.05,77.83868431335206,B - Mid
36 PENCILS TUBE RED SPOTTY,4252.11,77.86013019323305,B - Mid
MAKE YOUR OWN MONSOON CARD KIT,4245.17,77.88154107063143,B - Mid
CERAMIC STRAWBERRY MONEY BOX,4244.41,77.90294811490489,B - Mid
12 PENCILS TALL TUBE SKULLS,4243.8,77.92435208259127,B - Mid
SET OF 2 TINS VINTAGE BATHROOM ,4239.07,77.94573219411876,B - Mid
VINTAGE BILLBOARD LOVE/HATE MUG,4224.63,77.96703947627319,B - Mid
TOAST ITS - I LOVE YOU ,4218.05,77.98831357163573,B - Mid
GLASS BON BON JAR,4215.78,78.00957621805942,B - Mid
CHRISTMAS RETROSPOT STAR WOOD,4209.9,78.03080920820102,B - Mid
CHEST OF DRAWERS GINGHAM HEART ,4205.5599999999995,78.05202030918203,B - Mid
ASSORTED COLOUR T-LIGHT HOLDER,4199.27,78.07319968601091,B - Mid
ZINC T-LIGHT HOLDER STARS SMALL,4197.83,78.09437180007683,B - Mid
GLASS APOTHECARY BOTTLE PERFUME,4197.110000000001,78.11554028276126,B - Mid
SET 20 NAPKINS FAIRY CAKES DESIGN ,4193.679999999999,78.13669146594779,B - Mid
FLOWER VINE RAFFIA FOOD COVER,4190.93,78.1578287792745,B - Mid
SWEETHEART CREAM STEEL FOLDIN BENCH,4189.5,78.1789588802741,B - Mid
RETROSPOT RED WASHING UP GLOVES,4187.43,78.20007854105194,B - Mid
SET 12 LAVENDER  BOTANICAL T-LIGHTS,4186.29,78.22119245214243,B - Mid
MAGIC DRAWING SLATE DOLLY GIRL ,4176.45,78.24225673435265,B - Mid
RED RETROSPOT CUP,4164.55,78.26326099789674,B - Mid
HALL CABINET WITH 3 DRAWERS,4163.54,78.28426016741956,B - Mid
PARTY CONES CARNIVAL ASSORTED,4153.11,78.30520673234675,B - Mid
SET OF 16 VINTAGE ROSE CUTLERY,4152.17,78.32614855630366,B - Mid
IVORY GIANT GARDEN THERMOMETER,4150.31,78.34708099919176,B - Mid
ANTIQUE GLASS HEART DECORATION ,4149.15,78.3680075915208,B - Mid
PARISIENNE KEY CABINET ,4147.18,78.38892424798661,B - Mid
ANTIQUE HEART SHELF UNIT,4145.47,78.4098322799214,B - Mid
RETRO SPOTS BUTTER DISH,4142.87,78.43072719853417,B - Mid
KINGS CHOICE CIGAR BOX MATCHES ,4141.28,78.45161409784616,B - Mid
LOVE HEART POCKET WARMER,4139.5599999999995,78.4724923221913,B - Mid
DOORMAT VINTAGE LEAF,4122.2,78.49328298989403,B - Mid
SMALL DOLLY MIX DESIGN ORANGE BOWL,4099.7699999999995,78.51396052997639,B - Mid
CHILDRENS CUTLERY CIRCUS PARADE,4097.22,78.53462520891603,B - Mid
UNION JACK HOT WATER BOTTLE ,4089.09,78.55524888350642,B - Mid
SET OF 6 T-LIGHTS TOADSTOOLS,4086.5600000000004,78.57585979782577,B - Mid
I LOVE LONDON BABY GIFT SET,4082.5199999999995,78.59645033606014,B - Mid
GARDEN METAL SIGN ,4080.8499999999995,78.6170324515069,B - Mid
BUFFALO BILL TREASURE BOOK BOX,4079.28,78.63760664852461,B - Mid
RED RETROSPOT APRON ,4079.2000000000003,78.65818044205547,B - Mid
LADYBIRD + BEE RAFFIA FOOD COVER,4077.82,78.6787472754385,B - Mid
12 PENCILS TALL TUBE WOODLAND,4069.16,78.69927043137204,B - Mid
"KEY FOB , BACK DOOR ",4061.51,78.71975500387731,B - Mid
MOUSE TOY WITH PINK T-SHIRT,4051.94,78.74019130927039,B - Mid
HANGING FAIRY CAKE DECORATION,4049.4,78.76061480395659,B - Mid
EASTER TIN BUCKET,4039.6299999999997,78.7809890228135,B - Mid
SKULLS  STICKERS,4034.5099999999998,78.8013374185132,B - Mid
VINTAGE CHRISTMAS CAKE FRILL,4034.08,78.82168364547118,B - Mid
SET OF 4 NAPKIN CHARMS HEARTS,4021.12,78.84196450756248,B - Mid
EMPIRE DESIGN ROSETTE,4020.8899999999994,78.86224420962915,B - Mid
HEN HOUSE DECORATION,4017.74,78.88250802440183,B - Mid
CERAMIC PLATE STRAWBERRY DESIGN,4011.73,78.90274152722631,B - Mid
IVY HEART WREATH,4010.73,78.92296998646539,B - Mid
HEART SHAPED HOLLY WREATH,3999.5000000000005,78.94314180624052,B - Mid
RED SPOTTY CUP,3999.45,78.96331337383637,B - Mid
GREY FLORAL FELTCRAFT SHOULDER BAG,3997.34,78.98347429946705,B - Mid
"HOOK, 1 HANGER ,MAGIC GARDEN",3988.85,79.00359240505776,B - Mid
PACK OF 6 SKULL PAPER CUPS,3988.0600000000004,79.023706526216,B - Mid
UNION JACK GUNS & ROSES  DOORMAT,3987.11,79.04381585596812,B - Mid
TEA COSY VINTAGE UNION JACK,3984.99,79.06391449331922,B - Mid
SET OF 36 DOILIES PANTRY DESIGN,3983.6,79.08400612008661,B - Mid
CREAM FELT EASTER EGG BASKET,3982.91,79.1040942667801,B - Mid
"HOOK, 3 HANGER ,MAGIC GARDEN",3979.2,79.12416370177176,B - Mid
SPOTTY  HOME SWEET HOME DOORMAT,3978.34,79.14422879927999,B - Mid
WRAP CHRISTMAS VILLAGE,3971.46,79.16425919692074,B - Mid
CHARLOTTE BAG PINK WITH WHITE SPOTS,3959.52,79.1842293741519,B - Mid
ASSORTED TUTTI FRUTTI SMALL PURSE,3956.48,79.20418421888347,B - Mid
BROCANTE COAT RACK,3942.62,79.22406915952149,B - Mid
WALL ART DOG LICENCE ,3939.76,79.2439396755053,B - Mid
LANDMARK FRAME BAKER STREET ,3930.27,79.26376232786374,B - Mid
GLASS JAR KINGS CHOICE,3928.2799999999997,79.28357494348725,B - Mid
WHITE TALL PORCELAIN T-LIGHT HOLDER,3924.9199999999996,79.30337061266385,B - Mid
GARLAND WITH HEARTS AND BELLS,3917.4900000000002,79.323128808001,B - Mid
PANTRY SCRUBBING BRUSH,3910.0099999999998,79.34284927731939,B - Mid
SET 10 NIGHT OWL LIGHTS,3908.73,79.3625632908485,B - Mid
GREEN METAL BOX ARMY SUPPLIES,3906.25,79.38226479628582,B - Mid
POLYESTER FILLER PAD 45x45cm,3901.3500000000004,79.40194158815473,B - Mid
RECYCLED ACAPULCO MAT RED,3896.84,79.42159563345352,B - Mid
OFFICE MUG WARMER CHOC+BLUE,3888.4800000000005,79.44120751437845,B - Mid
WHITE BELL HONEYCOMB PAPER ,3885.64,79.46080507152085,B - Mid
"MIRROR, ARCHED GEORGIAN",3884.0000000000005,79.4803943571832,B - Mid
BICYCLE PUNCTURE REPAIR KIT ,3881.91,79.49997310175209,B - Mid
MULTICOLOUR SPRING FLOWER MUG,3881.33,79.51954892104146,B - Mid
PLEASE ONE PERSON  METAL SIGN,3868.0700000000006,79.53905786238853,B - Mid
ROSE SCENT CANDLE IN JEWELLED BOX,3864.87,79.55855066426233,B - Mid
BLUE  SPOTTY PLATE ,3859.6299999999997,79.5780170377487,B - Mid
SKULL DESIGN TV DINNER TRAY,3856.8,79.59746913788838,B - Mid
CARDHOLDER GINGHAM CHRISTMAS TREE,3854.15,79.6169078725268,B - Mid
BISCUIT TIN VINTAGE GREEN,3851.76,79.63633455299612,B - Mid
BIRDHOUSE GARDEN MARKER ,3848.41,79.65574433745438,B - Mid
FELTCRAFT DOLL MARIA,3848.34,79.67515376886166,B - Mid
PENCIL CASE LIFE IS BEAUTIFUL,3842.6600000000003,79.69453455270393,B - Mid
12 IVORY ROSE PEG PLACE SETTINGS,3842.63,79.71391518523862,B - Mid
JOY WOODEN BLOCK LETTERS,3842.07,79.7332929933655,B - Mid
PARISIENNE SEWING BOX,3839.2400000000002,79.7526565281457,B - Mid
TOOL BOX SOFT TOY ,3839.0899999999997,79.7720193063881,B - Mid
SET/4 BLUE FLOWER CANDLES IN BOWL,3837.2999999999997,79.79137305661267,B - Mid
SET OF SALT AND PEPPER TOADSTOOLS,3835.71,79.81071878753644,B - Mid
VINTAGE RED TEATIME MUG,3830.67,79.83003909878987,B - Mid
GLASS CLOCHE SMALL,3828.66,79.84934927243663,B - Mid
GLASS CLOCHE LARGE,3821.82,79.86862494795932,B - Mid
GYMKHANA TREASURE BOOK BOX,3815.5299999999997,79.88786889932989,B - Mid
S/4 PINK FLOWER CANDLES IN BOWL,3809.64,79.9070831439825,B - Mid
IVORY ENCHANTED FOREST PLACEMAT,3804.81,79.92627302811766,B - Mid
PINK DIAMANTE PEN IN GIFT BOX,3803.4,79.94545580079743,B - Mid
REX CASH+CARRY JUMBO SHOPPER,3801.8999999999996,79.96463100809912,B - Mid
"CHARLOTTE BAG , SUKI DESIGN",3796.59,79.98377943396237,B - Mid
CHARLIE AND LOLA CHARLOTTE BAG,3795.0,80.00291984052484,B - Mid
FLAG OF ST GEORGE CAR FLAG,3791.67,80.02204345194795,B - Mid
CAST IRON HOOK GARDEN FORK,3790.47,80.04116101106861,B - Mid
WHITE HANGING BEADS CANDLE HOLDER,3789.25,80.06027241701509,B - Mid
16 PIECE CUTLERY SET PANTRY DESIGN,3785.06,80.07936269033877,B - Mid
RED SPOTTY OVEN GLOVE ,3778.37,80.09841922207616,B - Mid
POMPOM CURTAIN,3771.0400000000004,80.11743878433263,B - Mid
STAR PORTABLE TABLE LIGHT ,3767.0800000000004,80.13643837399097,B - Mid
ELEPHANT CARNIVAL POUFFE,3766.35,80.15543428183197,B - Mid
FOOD COVER WITH BEADS SET 2 ,3761.63,80.17440638394991,B - Mid
GARLAND WITH STARS AND BELLS,3761.4100000000003,80.19337737647908,B - Mid
UTILTY CABINET WITH HOOKS,3760.71,80.21234483849847,B - Mid
DINOSAURS  WRITING SET ,3760.66,80.23131204833858,B - Mid
DAIRY MAID STRIPE MUG,3758.4100000000003,80.25026791011156,B - Mid
LARGE ANTIQUE WHITE PHOTO FRAME,3757.78,80.26922059442575,B - Mid
"KEY FOB , GARAGE DESIGN",3756.6600000000003,80.28816762992429,B - Mid
MINI JIGSAW SPACEBOY,3756.52,80.30711395932089,B - Mid
ENAMEL COLANDER CREAM,3754.4,80.32604959631644,B - Mid
3D DOG PICTURE PLAYING CARDS,3753.28,80.34497958449637,B - Mid
ROMANTIC PINKS RIBBONS ,3748.75,80.36388672523445,B - Mid
"CHARLOTTE BAG , PINK/WHITE SPOTS",3740.38,80.38275165116283,B - Mid
HEART GARLAND RUSTIC PADDED,3737.9,80.40160406899942,B - Mid
SET OF 3 BLUE STRIPE BASKET,3734.9400000000005,80.42044155782325,B - Mid
3D VINTAGE CHRISTMAS STICKERS ,3733.84,80.43927349870316,B - Mid
EMERGENCY FIRST AID TIN ,3730.92,80.45809071231372,B - Mid
CINDERELLA CHANDELIER ,3717.56,80.47684054362344,B - Mid
WOODEN TREE CHRISTMAS SCANDINAVIAN,3715.68,80.49558089299262,B - Mid
RED SPOTTY OVEN GLOVE DOUBLE,3715.23,80.51431897274838,B - Mid
SET 3 WICKER STORAGE BASKETS ,3712.2999999999997,80.53304227479894,B - Mid
STORAGE TIN VINTAGE DOILY ,3704.78,80.55172764908735,B - Mid
CINAMMON & ORANGE WREATH,3702.75,80.57040278489742,B - Mid
 RED/WHITE DOT MINI CASES,3696.59,80.58904685222147,B - Mid
SKULLS AND CROSSBONES WRAP,3695.3,80.60768441332037,B - Mid
TOILET SIGN OCCUPIED OR VACANT,3688.2099999999996,80.62628621539885,B - Mid
MAGNETS PACK OF 4 SWALLOWS,3687.48,80.64488433565997,B - Mid
FLORAL ELEPHANT SOFT TOY,3682.76,80.66345865019807,B - Mid
MISTLETOE HEART WREATH GREEN,3676.1800000000003,80.68199977794426,B - Mid
GLASS APOTHECARY BOTTLE TONIC,3674.1600000000003,80.70053071764796,B - Mid
FUSCHIA RETRO BAR STOOL,3672.35,80.71905252846211,B - Mid
RIBBON REEL SPOTS DESIGN ,3668.58,80.73755532495935,B - Mid
BLUE POLKADOT CUP,3658.27,80.75600612209118,B - Mid
CHALKBOARD KITCHEN ORGANISER,3656.86,80.7744498077676,B - Mid
CHEST NATURAL WOOD 20 DRAWERS,3655.0,80.79288411237519,B - Mid
RETRO SPOT  CIGAR BOX MATCHES ,3652.0,80.81130328622662,B - Mid
SET/3 DECOUPAGE STACKING TINS,3646.8300000000004,80.82969638474157,B - Mid
JAM JAR WITH PINK LID,3640.93,80.8480597261027,B - Mid
PINK HEART DOTS HOT WATER BOTTLE,3638.67,80.86641166896086,B - Mid
CARDHOLDER GINGHAM STAR,3626.7799999999997,80.88470364358868,B - Mid
SAVOY ART DECO CLOCK,3607.81,80.90289994140166,B - Mid
SET OF 6 SNACK LOAF BAKING CASES,3607.81,80.9210962392146,B - Mid
LUNCHBOX WITH CUTLERY FAIRY CAKES ,3597.68,80.93924144550753,B - Mid
DRAWER KNOB CRACKLE GLAZE IVORY,3595.3799999999997,80.95737505155407,B - Mid
RAIN PONCHO WITH RED SPOTS,3592.9700000000003,80.9754965025598,B - Mid
UNION JACK FLAG LUGGAGE TAG,3591.5,80.99361053949502,B - Mid
RED DRAWER KNOB ACRYLIC EDWARDIAN,3591.06,81.01172235725267,B - Mid
COWBOYS AND INDIANS BIRTHDAY CARD ,3587.22,81.0298148076424,B - Mid
ANTIQUE SILVER BAUBLE LAMP  ,3583.23,81.04788713412643,B - Mid
COLOURED GLASS STAR T-LIGHT HOLDER,3580.96,81.06594801167161,B - Mid
CLASSIC CHROME BICYCLE BELL ,3578.62,81.08399708722696,B - Mid
CHRISTMAS METAL POSTCARD WITH BELLS,3577.9900000000002,81.10204298532354,B - Mid
RED RETRO BAR STOOL,3570.87,81.1200529730921,B - Mid
"SWISS ROLL TOWEL, PINK  SPOTS",3570.57,81.13806144778506,B - Mid
WRAP RED APPLES ,3564.76,81.1560406192469,B - Mid
PINK HAWAIIAN PICNIC HAMPER FOR 4,3560.09,81.17399623716494,B - Mid
DINOSAUR PARTY BAG + STICKER SET,3552.3599999999997,81.1919128681679,B - Mid
CLASSIC FRENCH STYLE BASKET NATURAL,3552.09,81.20982813740282,B - Mid
CHRISTMAS RETROSPOT TREE WOOD,3552.0899999999997,81.22774340663773,B - Mid
WHITE ROCKING HORSE HAND PAINTED,3551.53,81.24565585146483,B - Mid
BIRDS MOBILE VINTAGE DESIGN,3545.02,81.26353546255102,B - Mid
IVORY WICKER HEART LARGE,3542.7099999999996,81.28140342295495,B - Mid
BOX OF 9 PEBBLE CANDLES,3540.22,81.29925882483128,B - Mid
SHOE SHINE BOX ,3538.2799999999997,81.31710444215192,B - Mid
NURSE'S BAG SOFT TOY,3537.9999999999995,81.33494864726867,B - Mid
BLACK RETRO BAR STOOL,3533.9,81.3527721736853,B - Mid
BUNDLE OF 3 RETRO NOTE BOOKS,3529.8899999999994,81.37057547532451,B - Mid
CHRISTMAS RETROSPOT HEART WOOD,3529.31,81.3883758516842,B - Mid
MINATURE COLOURED GARDENING SET,3527.42,81.40616669566751,B - Mid
NO JUNK MAIL METAL SIGN,3517.9,81.42390952471786,B - Mid
ZINC HERB GARDEN CONTAINER,3516.64,81.44164599885063,B - Mid
6 GIFT TAGS VINTAGE CHRISTMAS ,3510.0499999999997,81.45934923575567,B - Mid
NEWSPAPER STAND,3508.3,81.47704364638628,B - Mid
SET OF 12 FORK CANDLES,3507.51,81.49473407258442,B - Mid
TOTE BAG I LOVE LONDON,3506.56,81.51241970737644,B - Mid
SILVER CHRISTMAS TREE BAUBLE STAND ,3505.58,81.53010039945478,B - Mid
BLUE POLKADOT WRAP,3504.84,81.54777735927992,B - Mid
6 RIBBONS EMPIRE  ,3490.1899999999996,81.56538043057907,B - Mid
POLKA DOT RAFFIA FOOD COVER,3482.01,81.58294224534971,B - Mid
LUNCHBOX WITH CUTLERY RETROSPOT ,3481.89,81.60050345489012,B - Mid
RED FLOWER CROCHET FOOD COVER,3479.79,81.61805407290117,B - Mid
"RUSTIC WOODEN CABINET, GLASS DOORS",3462.49,81.63551743688498,B - Mid
TEA COSY RED  STRIPE,3459.08,81.6529636022426,B - Mid
BLUE SPOTTY BOWL,3455.94,81.67039393074207,B - Mid
STRAWBERRY LUNCHBOX WITH CUTLERY,3454.0899999999997,81.68781492860857,B - Mid
METAL SHELF WITH RAIL ,3451.82,81.70522447753623,B - Mid
ROLL WRAP VINTAGE SPOT ,3445.08,81.72260003269835,B - Mid
METAL SIGN DROP YOUR PANTS,3444.4300000000003,81.73997230952996,B - Mid
SET OF 4 ENGLISH ROSE COASTERS,3439.84,81.75732143630464,B - Mid
6 GIFT TAGS 50'S CHRISTMAS ,3429.3999999999996,81.77461790804782,B - Mid
MAGIC DRAWING SLATE CIRCUS PARADE  ,3427.12,81.79190288041629,B - Mid
SET OF 5 MINI GROCERY MAGNETS,3423.29,81.80916853585272,B - Mid
FELTCRAFT GIRL NICOLE KIT,3422.4,81.82642970249815,B - Mid
DOOR MAT FRIENDSHIP ,3420.2400000000002,81.84367997499913,B - Mid
GLASS APOTHECARY BOTTLE ELIXIR,3419.5800000000004,81.86092691873375,B - Mid
WOODLAND MINI BACKPACK,3411.34,81.87813230332476,B - Mid
LARGE WHITE HONEYCOMB PAPER BELL  ,3408.61,81.89532391892763,B - Mid
"KEY FOB , FRONT  DOOR ",3408.03,81.91251260925098,B - Mid
PEACE SMALL WOOD LETTERS,3407.7200000000003,81.92969973606286,B - Mid
PINK AND LILAC QUILTED THROW ,3402.32,81.94685962751362,B - Mid
TEA TIME TEA SET IN GIFT BOX,3401.15,81.96401361796947,B - Mid
BALLOON WATER BOMB PACK OF 35,3399.41,81.98115883258674,B - Mid
12 PENCILS TALL TUBE RED RETROSPOT,3395.02,81.99828190586413,B - Mid
CERAMIC STRWBERRY DESIGN MUG,3393.1,82.01539529545758,B - Mid
CAST IRON HOOK GARDEN TROWEL,3389.74,82.03249173860412,B - Mid
SQUARE MIRROR CURTAIN,3381.6200000000003,82.04954722783727,B - Mid
ENAMEL FIRE BUCKET CREAM,3379.67,82.0665928820789,B - Mid
SKULLS WRITING SET ,3378.5099999999998,82.08363268576147,B - Mid
S/16 VINTAGE RED CUTLERY,3375.2499999999995,82.10065604735567,B - Mid
VINTAGE  2 METRE FOLDING RULER,3374.0499999999997,82.1176733566474,B - Mid
LOVE HEART NAPKIN BOX ,3373.22,82.13468647976326,B - Mid
SWEETHEART 3 TIER CAKE STAND ,3371.58,82.15169133139908,B - Mid
CAMOFLAGE DESIGN TEDDY,3368.92,82.16868276709775,B - Mid
CREAM WALL PLANTER HEART SHAPED,3367.35,82.18566628436734,B - Mid
DOOR MAT AIRMAIL ,3366.71,82.2026465737423,B - Mid
SET OF 72 SKULL PAPER  DOILIES,3365.64,82.21962146648089,B - Mid
CHERRY BLOSSOM  DECORATIVE FLASK,3365.0,82.23659313132482,B - Mid
CAKE PLATE LOVEBIRD PINK,3359.6600000000003,82.25353786342276,B - Mid
WATERING CAN GARDEN MARKER,3356.74,82.27046786825136,B - Mid
SET OF 4 KNICK KNACK TINS POPPIES,3353.84,82.28738324668232,B - Mid
EMPIRE GIFT WRAP,3351.0,82.30428430133077,B - Mid
"WALL MIRROR , DIAMANTE OVAL SHAPE",3331.91,82.32108907393409,B - Mid
SET 12 KIDS  WHITE CHALK STICKS,3324.22,82.33785506136573,B - Mid
LOVE HEART SOCK HANGER,3322.22,82.35461096162659,B - Mid
MAGIC DRAWING SLATE PURDEY,3314.08,82.37132580710237,B - Mid
LARGE DECO JEWELLERY STAND,3302.44,82.38798194524418,B - Mid
SET OF 4 DIAMOND NAPKIN RINGS,3300.7599999999998,82.40462961016254,B - Mid
PINK POLKADOT WRAP ,3298.5,82.4212658765779,B - Mid
BLUE OWL SOFT TOY,3297.9300000000003,82.4378992681496,B - Mid
CAKE STAND VICTORIAN FILIGREE MED,3297.25,82.45452923008322,B - Mid
PINK PADDED MOBILE,3296.7,82.47115641804488,B - Mid
PINK  POLKADOT CUP,3292.9,82.48776444038207,B - Mid
PINK SPOTTY CHILDS UMBRELLA,3292.86,82.50437226097581,B - Mid
SET OF 2 FANCY FONT TEA TOWELS,3290.0800000000004,82.52096606040217,B - Mid
BLACK AND WHITE PAISLEY FLOWER MUG,3288.65,82.53755264750144,B - Mid
EASTER TREE YELLOW BIRDS,3285.86,82.55412516299745,B - Mid
CHARLIE LOLA BLUE HOT WATER BOTTLE ,3279.66,82.57066640826403,B - Mid
CUPBOARD 3 DRAWER MA CAMPAGNE,3276.62,82.58719232103103,B - Mid
SET OF 60 VINTAGE LEAF CAKE CASES ,3272.61,82.60369800902059,B - Mid
SET 3 SONG BIRD PAPER EGGS ASSORTED,3271.4100000000003,82.62019764470769,B - Mid
SWEETHEART WIRE MAGAZINE RACK,3271.35,82.63669697777966,B - Mid
HEART SHAPED MIRROR,3266.4,82.65317134510396,B - Mid
CHERRY CROCHET FOOD COVER,3263.75,82.66963234692695,B - Mid
BELLE JARDINIERE CUSHION COVER,3257.08,82.68605970803539,B - Mid
RECYCLED ACAPULCO MAT PINK,3254.32,82.70247314884813,B - Mid
STRING OF 20 ROSE LIGHTS,3248.94,82.71885945517148,B - Mid
CERAMIC STRAWBERRY DESIGN MUG,3245.93,82.73523058030278,B - Mid
FAIRY SOAP SOAP HOLDER,3244.14,82.75159267741626,B - Mid
SMALL MARSHMALLOWS PINK BOWL,3243.32,82.7679506387897,B - Mid
LIPSTICK PEN RED,3242.59,82.7843049183458,B - Mid
DINOSAUR KEYRINGS ASSORTED,3242.18,82.80065713003188,B - Mid
FLUTED ANTIQUE CANDLE HOLDER,3241.1299999999997,82.81700404595333,B - Mid
3D TRADITIONAL CHRISTMAS STICKERS,3238.49,82.83333764680933,B - Mid
RECYCLED ACAPULCO MAT BLUE,3223.49,82.84959559388444,B - Mid
JAZZ HEARTS PURSE NOTEBOOK,3220.4,82.8658379562807,B - Mid
WRAP ALPHABET DESIGN,3217.92,82.88206781058518,B - Mid
RED HANGING METAL STAR TLIGHT HLDR,3214.57,82.8982807688786,B - Mid
SWEETHEART CREAM STEEL TABLE RECT,3212.16,82.91448157213124,B - Mid
BLACK DINER WALL CLOCK,3212.1,82.93068207276873,B - Mid
WHITE SWEETHEARTS CABINET 4 DRAWERS,3210.04,82.94687218362033,B - Mid
GREEN CHERRY LIGHTS,3209.36,82.96305886483385,B - Mid
HOME SWEET HOME CUSHION COVER ,3207.91,82.97923823284856,B - Mid
BLACK WINE GLASS,3196.0099999999998,82.9953575821971,B - Mid
PACK OF 12 PINK SPOT TISSUES ,3194.19,83.01146775222024,B - Mid
CLASSIC WHITE FRAME,3192.09,83.02756733071405,B - Mid
"SWISS ROLL TOWEL, CHOCOLATE  SPOTS",3187.1600000000003,83.04364204433188,B - Mid
ASSORTED CREEPY CRAWLIES,3185.6,83.05970888995648,B - Mid
TRIANGULAR POUFFE VINTAGE ,3185.2799999999997,83.07577412163377,B - Mid
RETRO SPOT SMALL TUBE MATCHES,3183.45,83.0918301235498,B - Mid
CABIN BAG VINTAGE PAISLEY,3178.02,83.10785873879713,B - Mid
S/16 VINTAGE PISTACHIO CUTLERY,3177.2999999999997,83.12388372266301,B - Mid
SET OF 6 FUNKY BEAKERS,3169.3900000000003,83.13986881176842,B - Mid
SOAP DISH BROCANTE,3166.61,83.15583987970643,B - Mid
RED/WHITE SPOT PICNIC BAG,3164.5899999999997,83.17180075960196,B - Mid
SET OF 6 STRAWBERRY CHOPSTICKS,3164.18,83.1877595716275,B - Mid
3 TRADITIONAl BISCUIT CUTTERS  SET,3162.6400000000003,83.20371061653151,B - Mid
MINT DINER WALL CLOCK,3159.41,83.21964537065472,B - Mid
BLACK AND WHITE CAT BOWL,3156.3199999999997,83.23556454009905,B - Mid
BLACK AND WHITE DOG BOWL,3155.4,83.25147906944483,B - Mid
SET OF 6 KASHMIR FOLKART BAUBLES,3153.88,83.26738593254082,B - Mid
GIN & TONIC DIET GREETING CARD ,3149.93,83.2832728734745,B - Mid
DRAWER KNOB CERAMIC IVORY,3147.79,83.29914902113545,B - Mid
WHITE WICKER STAR ,3146.78,83.31502007477515,B - Mid
OFFICE MUG WARMER PINK,3146.07,83.33088754746922,B - Mid
BAG 500g SWIRLY MARBLES,3145.7099999999996,83.34675320447256,B - Mid
PINK  SPOTTY CUP,3145.4900000000002,83.3626177518871,B - Mid
PINK SPOTS  WRAP ,3144.5,83.3784773061521,B - Mid
GREEN DRAWER KNOB ACRYLIC EDWARDIAN,3141.11,83.39431976266263,B - Mid
MOBILE VINTAGE HEARTS ,3139.9900000000002,83.41015657035751,B - Mid
GLITTER HEART GARLAND WITH BELLS ,3132.39,83.42595504680344,B - Mid
KITCHEN METAL SIGN,3129.2400000000002,83.44173763595536,B - Mid
LADS ONLY TISSUE BOX,3123.03,83.457488904442,B - Mid
SPACEBOY BEAKER,3112.34,83.4731862570008,B - Mid
EUCALYPTUS & PINECONE  WREATH,3110.28,83.48887321977368,B - Mid
SALLE DE BAIN HOOK,3109.83,83.50455791293315,B - Mid
MONEY BOX KINGS CHOICE DESIGN,3104.35,83.52021496724468,B - Mid
TEA FOR ONE POLKADOT,3103.7,83.53586874322568,B - Mid
5 HOOK BLACKBOARD ORGANISER ,3101.46,83.55151122157542,B - Mid
CHILDREN'S SPACEBOY MUG,3100.9399999999996,83.56715107726076,B - Mid
ENGLISH ROSE GARDEN SECATEURS,3096.08,83.5827664211211,B - Mid
ROCKING HORSE GREEN CHRISTMAS ,3087.18,83.59833687707142,B - Mid
PORCELAIN T-LIGHT HOLDERS ASSORTED,3083.82,83.61389038657485,B - Mid
TEATIME CAKE TIN WITH HANDLE,3083.2,83.62944076905532,B - Mid
"FOLDING UMBRELLA , BLACK/BLUE  SPOT",3077.01,83.64495993174222,B - Mid
CHERRY BLOSSOM DECORATIVE FLASK,3076.92,83.66047864050644,B - Mid
HANGING METAL BIRD BATH,3076.39,83.6759946761704,B - Mid
PIZZA SLICE DISH,3074.18,83.69149956551065,B - Mid
VINTAGE  2 METER FOLDING RULER,3073.72,83.70700213480163,B - Mid
AIRLINE BAG VINTAGE WORLD CHAMPION ,3073.43,83.72250324145281,B - Mid
ANGEL DECORATION 3 BUTTONS ,3073.32,83.73800379330962,B - Mid
GREEN ROSE WASHBAG,3072.64,83.75350091552836,B - Mid
TV DINNER TRAY VINTAGE PAISLEY,3070.92,83.76898936278023,B - Mid
LARGE RED BABUSHKA NOTEBOOK ,3070.18,83.78447407777891,B - Mid
STRAWBERRY HONEYCOMB  GARLAND ,3067.8999999999996,83.7999472934029,B - Mid
RED RETROSPOT PUDDING BOWL,3065.45,83.81540815224267,B - Mid
JAM JAR WITH GREEN LID,3060.43,83.83084369228376,B - Mid
WHITE BAMBOO RIBS LAMPSHADE,3052.83,83.8462409010759,B - Mid
HEART CALCULATOR,3047.99,83.86161369891472,B - Mid
BOX OF 6 ASSORTED COLOUR TEASPOONS,3047.91,83.87698609326672,B - Mid
SPOTTY PINK DUCK DOORSTOP,3045.31,83.89234537429671,B - Mid
SMALL RED BABUSHKA NOTEBOOK ,3044.8599999999997,83.90770238571325,B - Mid
SWEETHEART BIRD HOUSE,3041.21,83.92304098804313,B - Mid
DECORATIVE WICKER HEART LARGE,3038.1899999999996,83.9383643587451,B - Mid
WOOD STAMP SET THANK YOU,3036.95,83.95368147540121,B - Mid
ROBOT BIRTHDAY CARD,3035.7,83.96899228757557,B - Mid
RETRO SPOT GIANT  TUBE MATCHES,3034.95,83.98429931706089,B - Mid
PURPLE PAPER PARASOL,3027.26,83.99956756137453,B - Mid
TREASURE TIN BUFFALO BILL ,3024.63,84.0148225410586,B - Mid
SET OF 4 KNICK KNACK TINS LEAF,3020.61,84.0300572455294,B - Mid
CHOC TRUFFLE GOLD TRINKET POT ,3019.3199999999997,84.04528544377506,B - Mid
VINTAGE UNION JACK PENNANT,3017.0699999999997,84.06050229395356,B - Mid
"DOG BOWL , CHASING BALL DESIGN",3014.3,84.07570517340054,B - Mid
MAGNETS PACK OF 4 VINTAGE COLLAGE,3012.78,84.09090038659771,B - Mid
PINK ROSE WASHBAG,3012.0,84.10609166579829,B - Mid
MILK PAN PINK RETROSPOT,3011.2400000000002,84.12127911187396,B - Mid
BLUE DRAWER KNOB ACRYLIC EDWARDIAN,3008.82,84.136454352473,B - Mid
DOILEY STORAGE TIN,3004.46,84.15160760303971,B - Mid
CARD DOLLY GIRL ,3002.42,84.16675056469222,B - Mid
SMALL PURPLE BABUSHKA NOTEBOOK ,2997.6299999999997,84.18186936757073,B - Mid
DOLLY GIRL MINI BACKPACK,2992.3900000000003,84.19696174206176,B - Mid
RED LOVE HEART SHAPE CUP,2989.81,84.21204110410248,B - Mid
BLUE GIANT GARDEN THERMOMETER,2989.52,84.22711900350345,B - Mid
"ELEPHANT, BIRTHDAY CARD, ",2980.63,84.24215206543028,B - Mid
TOAST ITS - BEST MUM,2979.46,84.2571792263622,B - Mid
AIRLINE BAG VINTAGE JET SET BROWN,2969.29,84.27215509403068,B - Mid
CHILDS GARDEN BRUSH PINK,2968.7700000000004,84.28712833903475,B - Mid
"FOLDING UMBRELLA , RED/WHITE SPOT",2962.82,84.30207157470575,B - Mid
CALENDAR IN SEASON DESIGN,2957.17,84.31698631411929,B - Mid
FRENCH TOILET SIGN BLUE METAL,2956.33,84.33189681692109,B - Mid
TOY TIDY DOLLY GIRL DESIGN,2954.19,84.34679652645015,B - Mid
CARD MOTORBIKE SANTA,2950.93,84.36167979389083,B - Mid
GREEN GIANT GARDEN THERMOMETER,2948.57,84.37655115847,B - Mid
RED ROCKING HORSE HAND PAINTED,2930.57,84.3913317385121,B - Mid
SMALL WHITE RETROSPOT MUG IN BOX ,2929.75,84.4061081828142,B - Mid
BRIGHT BLUES RIBBONS ,2927.88,84.42087519561159,B - Mid
COSMETIC BAG VINTAGE ROSE PAISLEY,2927.4900000000002,84.4356402414107,B - Mid
SET OF 6 CAKE CHOPSTICKS,2921.36,84.45037437003134,B - Mid
SET OF 72 IVORY PAPER DOILIES,2920.8199999999997,84.46510577511587,B - Mid
COTTON APRON PANTRY DESIGN,2917.4300000000003,84.47982008244593,B - Mid
FRYING PAN PINK POLKADOT ,2904.26,84.49446796575637,B - Mid
RETROSPOT CIGAR BOX MATCHES ,2900.46,84.50909668344232,B - Mid
CHILDS GARDEN BRUSH BLUE,2899.8,84.52372207236192,B - Mid
SPACEBOY CHILDRENS BOWL,2890.3500000000004,84.53829979939957,B - Mid
CAKE STAND VICTORIAN FILIGREE LARGE,2887.07,84.55286098347712,B - Mid
RETROSPOT SMALL TUBE MATCHES,2886.6,84.56741979706953,B - Mid
 DOLLY GIRL BEAKER,2886.25,84.58197684540707,B - Mid
36 FOIL STAR CAKE CASES ,2885.26,84.59652890059508,B - Mid
SET OF 6 T-LIGHTS CACTI ,2884.13,84.61107525653158,B - Mid
PINK FAIRY CAKE CUSHION COVER,2883.31,84.62561747672805,B - Mid
DOORMAT VINTAGE LEAVES DESIGN ,2881.18,84.64014895408766,B - Mid
FLOWERS CHANDELIER T-LIGHT HOLDER,2879.37,84.65467130255769,B - Mid
BLUE  SPOTTY CUP,2877.47,84.66918406821549,B - Mid
RED ENCHANTED FOREST PLACEMAT,2875.7,84.68368790672713,B - Mid
PINK FLOWER CROCHET FOOD COVER,2875.6400000000003,84.69819144262365,B - Mid
GLITTER STAR GARLAND WITH BELLS ,2866.6,84.71264938450824,B - Mid
TEA CUP AND SAUCER RETRO SPOT,2866.34,84.72710601506063,B - Mid
CHARLIE AND LOLA TABLE TINS,2863.37,84.7415476661644,B - Mid
RED TEA TOWEL CLASSIC DESIGN,2863.06,84.75598775375668,B - Mid
WOODLAND STORAGE BOX LARGE ,2861.64,84.77042067945773,B - Mid
STOOL HOME SWEET HOME ,2860.58,84.78484825895823,B - Mid
RETRO SPOT STORAGE JAR,2853.29,84.79923907072124,B - Mid
WOOD STOCKING CHRISTMAS SCANDISPOT,2852.6299999999997,84.8136265537179,B - Mid
PLAYING CARDS JUBILEE UNION JACK,2848.89,84.82799517370519,B - Mid
BAKING MOULD HEART MILK CHOCOLATE,2846.8,84.84235325259901,B - Mid
FRYING PAN PINK POLKADOT,2846.69,84.85671077669845,B - Mid
HEART WREATH DECORATION WITH BELL,2845.89,84.87106426592958,B - Mid
HANGING MEDINA LANTERN SMALL,2845.71,84.88541684731533,B - Mid
SILVER PLATE CANDLE BOWL SMALL,2845.6500000000005,84.89976912608593,B - Mid
RIBBON REEL POLKADOTS ,2843.86,84.9141123768387,B - Mid
SILK PURSE BABUSHKA PINK,2843.8300000000004,84.92845547628389,B - Mid
BASKET OF TOADSTOOLS,2837.54,84.94276685157698,B - Mid
SWALLOW WOODEN CHRISTMAS DECORATION,2835.08,84.95706581965,B - Mid
"DECORATION HEN ON NEST, HANGING",2829.1899999999996,84.97133508100507,B - Mid
3D CHRISTMAS STAMPS STICKERS ,2828.62,84.98560146751647,B - Mid
WRAP I LOVE LONDON ,2821.28,84.9998308341111,B - Mid
T-LIGHT HOLDER HANGING LACE,2814.81,85.01402756870823,B - Mid
FRENCH LAUNDRY SIGN BLUE METAL,2811.3399999999997,85.02820680206405,B - Mid
VINTAGE KID DOLLY CARD ,2808.62,85.04237231686761,B - Mid
HAND OPEN SHAPE DECO.WHITE,2806.69,85.05652809755136,B - Mid
MEASURING TAPE BABUSHKA PINK,2806.4,85.07068241559534,B - Mid
PINK PAISLEY QUILT ,2797.55,85.08479209790862,B - Mid
CHILDRENS DOLLY GIRL MUG,2795.8099999999995,85.0988930043833,B - Mid
WICKER WREATH LARGE,2790.83,85.11296879380272,B - Mid
JOY LARGE WOOD LETTERS,2790.41,85.12704246491629,B - Mid
MIRROR MOSAIC VOTIVE HOLDER,2790.27,85.14111542992791,B - Mid
SMALL HANGING IVORY/RED WOOD BIRD,2789.2799999999997,85.15518340178998,B - Mid
36 DOILIES DOLLY GIRL,2788.5299999999997,85.16924759096302,B - Mid
TOMATO CHARLIE+LOLA COASTER SET,2788.4500000000003,85.18331137664921,B - Mid
SET OF 3 RED STRIPE BASKETS,2782.19,85.19734358949087,B - Mid
METAL MEDINA LANTERN ,2773.11,85.21133000657716,B - Mid
3D HEARTS  HONEYCOMB PAPER GARLAND,2771.34,85.2253074965173,B - Mid
LARGE MEDINA STAMPED METAL BOWL ,2767.59,85.23926607301222,B - Mid
DOOR MAT RESPECTABLE HOUSE,2765.69,85.2532150666949,B - Mid
5 HOOK HANGER MAGIC TOADSTOOL,2763.9599999999996,85.26715533497486,B - Mid
BUNDLE OF 3 SCHOOL EXERCISE BOOKS  ,2761.8999999999996,85.28108521346891,B - Mid
RIBBON REEL FLORA + FAUNA ,2761.04,85.2950107544795,B - Mid
MEDIUM MEDINA STAMPED METAL BOWL ,2757.4700000000003,85.30891828989026,B - Mid
WALL ART 70'S ALPHABET ,2757.06,85.322823757431,B - Mid
FRENCH KITCHEN SIGN BLUE METAL,2754.95,85.33671858300657,B - Mid
ICE CREAM DESIGN GARDEN PARASOL,2753.72,85.35060720497209,B - Mid
CHRISTMAS CRAFT HEART STOCKING ,2752.6600000000003,85.36449048073712,B - Mid
OCEAN STRIPE HAMMOCK ,2752.59,85.37837340345116,B - Mid
"FEATHER PEN,COAL BLACK",2752.33,85.392255014833,B - Mid
SINGLE ANTIQUE ROSE HOOK IVORY,2752.2,85.40613597054873,B - Mid
SET OF 12  VINTAGE POSTCARD SET,2750.0,85.42000583037662,B - Mid
200 RED + WHITE BENDY STRAWS,2749.51,85.43387321884767,B - Mid
CHILDRENS GARDEN GLOVES PINK,2748.79,85.44773697593722,B - Mid
SET OF 3 WOODEN STOCKING DECORATION,2743.82,85.46157566640737,B - Mid
PINK DINER WALL CLOCK,2741.35,85.47540189922162,B - Mid
BLUE TEA TOWEL CLASSIC DESIGN,2739.43,85.4892184483519,B - Mid
SILVER BELLS TABLE DECORATION,2739.38,85.50303474530293,B - Mid
HEART DECORATION RUSTIC HANGING ,2738.28,85.51684549431002,B - Mid
CHARLIE & LOLA WASTEPAPER BIN FLORA,2731.7599999999998,85.53062335914035,B - Mid
LOVE HEART TRINKET POT,2729.16,85.54438811064867,B - Mid
KIDS RAIN MAC BLUE,2725.0899999999997,85.55813233476442,B - Mid
 OVAL WALL MIRROR DIAMANTE ,2724.42,85.571873179678,B - Mid
WRAP SUKI AND FRIENDS,2721.92,85.58560141562808,B - Mid
CARD CHRISTMAS VILLAGE,2720.86,85.59932430537764,B - Mid
GENTLEMAN SHIRT REPAIR KIT ,2720.8599999999997,85.61304719512718,B - Mid
BLUE COAT RACK PARIS FASHION,2720.6600000000003,85.62676907615968,B - Mid
SET/3 FLORAL GARDEN TOOLS IN BAG,2719.38,85.64048450140284,B - Mid
REGENCY CAKE SLICE,2718.65,85.65419624482867,B - Mid
CERAMIC PIRATE CHEST MONEY BANK,2717.8799999999997,85.66790410469376,B - Mid
"CHRISTMAS GARLAND STARS,TREES",2715.53,85.68160011213318,B - Mid
HANGING PHOTO CLIP ROPE LADDER,2713.9799999999996,85.69528830201524,B - Mid
CHILDRENS GARDEN GLOVES BLUE,2713.23,85.70897270920827,B - Mid
JIGSAW TREE WITH BIRDHOUSE,2712.48,85.72265333371224,B - Mid
SET/6 FRUIT SALAD  PAPER PLATES,2711.71,85.73633007465547,B - Mid
ROSE 3 WICK MORRIS BOX CANDLE,2710.79,85.75000217550013,B - Mid
SET OF 2 TRAYS HOME SWEET HOME,2709.43,85.76366741706866,B - Mid
SNOWFLAKE PORTABLE TABLE LIGHT ,2697.1600000000003,85.77727077384442,B - Mid
SUNSET CHECK HAMMOCK,2696.81,85.7908723653653,B - Mid
IVORY WICKER HEART MEDIUM,2695.45,85.80446709761004,B - Mid
RECIPE BOX RETRO SPOT DESIGN,2694.65,85.81805779498647,B - Mid
SET/4 SKULL BADGES,2691.91,85.83163467293893,B - Mid
DAISY GARDEN MARKER,2691.19,85.84520791950992,B - Mid
SET OF 3 WOODEN SLEIGH DECORATIONS,2690.81,85.85877924951843,B - Mid
S/16 VINTAGE BLACK CUTLERY,2687.41,85.87233343133663,B - Mid
12 COLOURED PARTY BALLOONS,2687.05,85.8858857974641,B - Mid
DAISIES  HONEYCOMB GARLAND ,2682.99,85.89941768663486,B - Mid
SET OF 2 ROUND TINS CAMEMBERT ,2682.32,85.91294619660341,B - Mid
DIAMANTE RING ASSORTED IN BOX.,2675.88,85.92644222588203,B - Mid
STAR DECORATION RUSTIC,2671.81,85.9399177277681,B - Mid
PACK OF 12 RED RETROSPOT TISSUES ,2668.33,85.95337567797702,B - Mid
PENNY FARTHING BIRTHDAY CARD,2665.13,85.96681748871268,B - Mid
LUSH GREENS RIBBONS,2663.2400000000002,85.98024976707195,B - Mid
RED/CREAM STRIPE FRINGE HAMMOCK,2662.64,85.99367901928,B - Mid
LARGE CAKE TOWEL CHOCOLATE SPOTS,2661.67,86.0071033792102,B - Mid
SMALL HAMMERED SILVER CANDLEPOT ,2648.6200000000003,86.02046192035105,B - Mid
SET OF 2 TINS JARDIN DE PROVENCE,2647.31,86.03381385439502,B - Mid
LARGE ROUND WICKER PLATTER ,2647.28,86.04716563713146,B - Mid
TRIPLE HOOK ANTIQUE IVORY ROSE,2645.26,86.06050723182538,B - Mid
PLACE SETTING WHITE STAR,2642.2799999999997,86.07383379663484,B - Mid
FLAMINGO LIGHTS,2642.2,86.08715995795747,B - Mid
POTTING SHED CANDLE CITRONELLA,2641.36,86.10048188266836,B - Mid
N0 SINGING METAL SIGN,2639.42,86.11379402282361,B - Mid
HAPPY EASTER HANGING DECORATION,2638.67,86.12710238028981,B - Mid
S/15 SILVER GLASS BAUBLES IN BAG,2634.59,86.1403901599276,B - Mid
BABY BOOM RIBBONS ,2634.0,86.15367496385002,B - Mid
EASTER CRAFT IVY WREATH WITH CHICK,2633.13,86.16695537985314,B - Mid
AIRLINE BAG VINTAGE JET SET WHITE,2632.18,86.18023100445014,B - Mid
MAGIC SHEEP WOOL GROWING FROM PAPER,2628.47,86.19348791734532,B - Mid
TEATIME FUNKY FLOWER BACKPACK FOR 2,2620.0099999999998,86.2067021615081,B - Mid
PORCELAIN ROSE SMALL,2619.17,86.21991216905917,B - Mid
LARGE PURPLE BABUSHKA NOTEBOOK  ,2618.35,86.23311804087021,B - Mid
HOT BATHS SOAP HOLDER,2618.27,86.2463235091944,B - Mid
CARD I LOVE LONDON ,2616.12,86.25951813381,B - Mid
3 WHITE CHOC MORRIS BOXED CANDLES,2614.93,86.272706756559,B - Mid
4 IVORY DINNER CANDLES SILVER FLOCK,2613.82,86.2858897809282,B - Mid
TEA PARTY  WRAPPING PAPER ,2613.5,86.29907119135008,B - Mid
SET OF 6 3D KIT CARDS FOR KIDS,2605.75,86.31221351398517,B - Mid
RECYCLED ACAPULCO MAT LAVENDER,2604.93,86.32535170088023,B - Mid
3 ROSE MORRIS BOXED CANDLES,2604.15,86.3384859537787,B - Mid
VINTAGE LEAF MAGNETIC NOTEPAD,2601.15,86.35160507592097,B - Mid
IVORY PILLAR CANDLE SILVER FLOCK,2600.6400000000003,86.36472162583472,B - Mid
TEA TIME MUG IN GIFT BOX,2599.79,86.37783388870086,B - Mid
6 ROCKET BALLOONS ,2599.01,86.39094221757043,B - Mid
LOCAL CAFE MUG,2591.67,86.4040135265232,B - Mid
CARNIVAL BRACELET,2591.42,86.41708357457964,B - Mid
FRYING PAN RED RETROSPOT,2590.21,86.43014751989774,B - Mid
CHOCOLATE 3 WICK MORRIS BOX CANDLE,2590.11,86.4432109608573,B - Mid
BAKING MOULD EASTER EGG MILK CHOC,2585.92,86.45625326919408,B - Mid
SWALLOW GIANT TUBE MATCHES,2583.4500000000003,86.46928311987492,B - Mid
SWEETHEART WIRE WALL TIDY,2581.22,86.48230172336034,B - Mid
BATHROOM METAL SIGN ,2578.27,86.49530544826885,B - Mid
ASSORTED TUTTI FRUTTI PEN,2575.18,86.5082935884985,B - Mid
STOP FOR TEA WALL ART,2572.7,86.5212692206364,B - Mid
BOMBS AWAY METAL SIGN,2569.6600000000003,86.53422952027469,B - Mid
TV DINNER TRAY AIR HOSTESS ,2568.76,86.54718528068614,B - Mid
GLASS ETCHED T-LIGHT HOLDER LARGE,2565.67,86.56012545641872,B - Mid
REGENCY MIRROR WITH SHUTTERS,2565.0,86.5730622529491,B - Mid
SPACEBOY CHILDRENS CUP,2557.57,86.58596157564,B - Mid
STRIPEY CHOCOLATE NESTING BOXES,2557.4700000000003,86.59886039397236,B - Mid
APRON APPLE DELIGHT,2556.66,86.61175512700056,B - Mid
BLUE SPOTS  WRAP,2555.0,86.62464148767701,B - Mid
WATERMELON BATH SPONGE,2550.84,86.63750686703823,B - Mid
"METAL SIGN,CUPCAKE SINGLE HOOK",2548.0499999999997,86.65035817479621,B - Mid
RIBBON REEL SOCKS AND MITTENS,2541.38,86.66317584183962,B - Mid
POTTING SHED ROSE CANDLE,2538.81,86.67598054686856,B - Mid
S/16 VINTAGE ROSE CUTLERY,2536.73,86.6887747612399,B - Mid
MISTLETOE HEART WREATH CREAM,2535.48,86.7015626711295,B - Mid
BLUE RETRO BAR STOOL,2535.1,86.71434866445665,B - Mid
"POPCORN HOLDER , SMALL ",2531.64,86.72711720697835,B - Mid
SET OF 16 VINTAGE SKY BLUE CUTLERY,2530.33,86.73987914240317,B - Mid
BUTTERFLIES  HONEYCOMB GARLAND,2526.9999999999995,86.75262428268864,B - Mid
LUNCH BAG RED VINTAGE DOILY,2525.04,86.76535953754674,B - Mid
SILK PURSE BABUSHKA RED,2521.7200000000003,86.77807804770134,B - Mid
HOME GARLAND PAINTED ZINC ,2521.2499999999995,86.7907941873708,B - Mid
CAT BOWL ,2521.24,86.80351027660443,B - Mid
WHITE TISSUE REAM,2520.15,86.81622086832995,B - Mid
CLASSIC FRENCH STYLE BASKET GREEN ,2517.88,86.82892001111664,B - Mid
GREEN GINGHAM FLOWER JEWELLERY BOX,2511.3599999999997,86.84158626972659,B - Mid
GINGHAM RECIPE BOOK BOX,2509.62,86.85424375249795,B - Mid
HANGING MEDINA LANTERN LARGE,2506.89,86.8668874662812,B - Mid
BAKING MOULD CHOCOLATE CUPCAKES,2502.04,86.87950671867529,B - Mid
RED REFECTORY CLOCK ,2501.64,86.89212395363522,B - Mid
"SPRING DEC , HANGING CHICK CREAM",2499.58,86.90473079880924,B - Mid
"AIRLINE LOUNGE,METAL SIGN",2498.98,86.91733461783203,B - Mid
FRENCH ENAMEL POT W LID,2495.0200000000004,86.92991846425666,B - Mid
SET 12 COLOUR PENCILS SPACEBOY ,2491.2000000000003,86.94248304418511,B - Mid
SET/4 PINK ORCHID CANDLES IN BOWL,2489.87,86.95504091614498,B - Mid
BLUE/CREAM STRIPE FRINGE HAMMOCK,2486.6600000000003,86.96758259819575,B - Mid
EMPIRE TISSUE BOX,2485.86,86.98012024537819,B - Mid
WOODLAND  STICKERS,2483.68,86.99264689754447,B - Mid
PINK FELT EASTER EGG BASKET,2477.2999999999997,87.00514137163597,B - Mid
MAKE YOUR OWN PLAYTIME CARD KIT,2475.3,87.01762575855669,B - Mid
PARTY CONES CANDY TREE DECORATION,2473.16,87.03009935220466,B - Mid
ANGEL DECORATION STARS ON DRESS,2469.16,87.04255277151105,B - Mid
MEDINA STAMPED METAL STOOL,2460.1400000000003,87.05496069767725,B - Mid
ROLL WRAP 50'S RED CHRISTMAS ,2459.2,87.06736388287312,B - Mid
4 PEAR BOTANICAL DINNER CANDLES,2458.58,87.07976394104607,B - Mid
DISCO BALL CHRISTMAS DECORATION,2454.88,87.09214533795307,B - Mid
PAPER CHAIN KIT LONDON,2454.3500000000004,87.10452406175983,B - Mid
WOODLAND ANIMAL  WRITING SET ,2454.0699999999997,87.11690137336268,B - Mid
SMALL SKULL WINDMILL,2452.35,87.12927000999865,B - Mid
PAINTED METAL HEART WITH HOLLY BELL,2447.72,87.14161529483424,B - Mid
VINTAGE BELLS GARLAND,2443.35,87.15393853920168,B - Mid
KIDS RAIN MAC PINK,2437.0699999999997,87.16623010985286,B - Mid
SWEETHEART CARRY-ALL BASKET,2430.82,87.17849015809533,B - Mid
BLUE FELT EASTER EGG BASKET,2430.31,87.19074763410926,B - Mid
CHRISTMAS HANGING TREE WITH BELL,2427.89,87.20299290464654,B - Mid
"NURSERY A,B,C PAINTED LETTERS",2425.41,87.21522566709204,B - Mid
HOME SWEET HOME KEY HOLDER,2422.6600000000003,87.2274445596777,B - Mid
EMBOSSED HEART 3 DRAWER SHELF,2420.69,87.23965351640018,B - Mid
SET OF 36 MUSHROOM PAPER DOILIES,2420.0299999999997,87.25185914435627,B - Mid
PACK OF 20 SPACEBOY NAPKINS,2419.7599999999998,87.26406341054434,B - Mid
CREAM SLICE FLANNEL CHOCOLATE SPOT ,2419.6800000000003,87.27626727324554,B - Mid
T-LIGHT HOLDER SWEETHEART HANGING,2419.54,87.28847042984479,B - Mid
PENS ASSORTED SPACEBALL,2414.54,87.30064836851707,B - Mid
GLASS JAR PEACOCK BATH SALTS,2410.53,87.31280608241195,B - Mid
MINI JIGSAW CIRCUS PARADE ,2410.29,87.32496258584634,B - Mid
OVEN MITT APPLES DESIGN,2409.75,87.33711636574459,B - Mid
SHELF WITH 4 HOOKS HOME SWEET HOME,2409.34,87.34926807777286,B - Mid
GARDENIA 1 WICK MORRIS BOXED CANDLE,2405.79,87.36140188507297,B - Mid
SET OF 3 WOODEN TREE DECORATIONS,2404.79,87.37353064878768,B - Mid
FRENCH ENAMEL WATER BASIN,2399.89,87.38563469893398,B - Mid
3 GARDENIA MORRIS BOXED CANDLES,2389.69,87.3976873045093,B - Mid
GREEN POLKADOT BOWL,2385.08,87.40971665915593,B - Mid
DANISH ROSE PHOTO FRAME,2382.25,87.42173174045593,B - Mid
RETRO SPOT SUGAR JAM BOWL,2382.24,87.43374677132006,B - Mid
HANGING HEART WITH BELL,2374.7999999999997,87.44572427790887,B - Mid
ENGLISH ROSE TABLE CLOTH,2373.01,87.45769275647984,B - Mid
CLASSIC BICYCLE CLIPS ,2372.68,87.46965957066763,B - Mid
BICYCLE SAFTEY WALL ART,2371.94,87.48162265260223,B - Mid
GARDENIA 3 WICK MORRIS BOXED CANDLE,2370.31,87.49357751349264,B - Mid
SET OF 10 LANTERNS FAIRY LIGHT STAR,2368.37,87.5055225898274,B - Mid
WHITE GOOSE FEATHER CHRISTMAS TREE ,2366.0200000000004,87.51745581373646,B - Mid
BUTTERFLY CROCHET FOOD COVER,2361.39,87.52936568584518,B - Mid
MAGIC DRAWING SLATE DINOSAUR,2360.43,87.54127071611191,B - Mid
IF YOU CAN'T STAND THE HEAT MUG,2360.0099999999998,87.55317362807278,B - Mid
RUSTIC MIRROR WITH LACE HEART,2354.87,87.56505061600475,B - Mid
HEART MIRROR ANTIQUE WHITE,2354.8,87.57692725088575,B - Mid
LIPSTICK PEN FUSCHIA,2351.86,87.58878905762566,B - Mid
PAINTED METAL STAR WITH HOLLY BELLS,2351.46,87.60064884693143,B - Mid
24 HANGING EASTER EGGS FLORAL TUB,2350.92,87.6125059127011,B - Mid
SET OF 6 GIRLS CELEBRATION CANDLES,2349.22,87.62435440437558,B - Mid
SET OF 4 NAPKIN CHARMS STARS   ,2348.47,87.63619911336103,B - Mid
LE JARDIN BOTANIQUE CUSHION COVER,2345.0,87.64802632110516,B - Mid
 50'S CHRISTMAS GIFT BAG LARGE,2343.63,87.65984661913731,B - Mid
YELLOW METAL CHICKEN HEART ,2341.77,87.67165753610064,B - Mid
SET OF 4 NEW ENGLAND PLACEMATS,2336.1,87.68343985593478,B - Mid
Adjustment by john on 26/01/2010 16,2334.43,87.69521375298133,B - Mid
EIGHT PIECE DINOSAUR SET,2326.87,87.70694952052231,B - Mid
BIRDHOUSE DECORATION MAGIC GARDEN,2317.64,87.71863873577013,B - Mid
SILVER MUG BONE CHINA TREE OF LIFE,2316.2,87.73032068825498,B - Mid
ENGLISH ROSE NOTEBOOK A7 SIZE,2309.7,87.74196985743478,B - Mid
4 LAVENDER BOTANICAL DINNER CANDLES,2308.67,87.75361383172164,B - Mid
PINK HAWAIIAN PICNIC HAMPER FOR 2,2307.23,87.76525054324551,B - Mid
SET 36 COLOUR PENCILS SPACEBOY ,2304.78,87.7768748979852,B - Mid
GLASS JAR MARMALADE ,2303.39,87.78849224214117,B - Mid
SET OF 6 HEART CHOPSTICKS,2302.81,87.80010666101762,B - Mid
CARD BILLBOARD FONT,2300.21,87.81170796657206,B - Mid
HANGING JAM JAR T-LIGHT HOLDERS,2298.0499999999997,87.82329837798206,B - Mid
MUSHROOM BLUE HOT WATER BOTTLE,2296.76,87.83488228316688,B - Mid
BLACK ENCHANTED FOREST PLACEMAT,2296.54,87.84646507876292,B - Mid
COSY SLIPPER SHOES LARGE GREEN,2293.7500000000005,87.85803380275571,B - Mid
SEWING SUSAN 21 NEEDLE SET,2293.0,87.86959874405949,B - Mid
FELTCRAFT HAIRBAND PINK AND PURPLE,2292.22,87.88115975136662,B - Mid
DECORATIVE WICKER HEART MEDIUM,2286.97,87.89269427985046,B - Mid
DISCO BALL ROTATOR BATTERY OPERATED,2286.75,87.90422769874552,B - Mid
WHITE BROCANTE SOAP DISH,2286.28,87.91575874715545,B - Mid
LARGE HANGING IVORY & RED WOOD BIRD,2285.02,87.92728344064777,B - Mid
DRAWER KNOB CRACKLE GLAZE GREEN,2284.12,87.93880359491325,B - Mid
RED SPOTTY PURSE ,2278.17,87.95029373984565,B - Mid
HANGING RIDGE GLASS T-LIGHT HOLDER,2277.5,87.96178050557583,B - Mid
CHARLIE & LOLA WASTEPAPER BIN BLUE,2275.75,87.97325844503158,B - Mid
CUT GLASS T-LIGHT HOLDER OCTAGON,2274.79,87.98473154264535,B - Mid
HYACINTH BULB T-LIGHT CANDLES,2274.56,87.99620348023446,B - Mid
CUT GLASS HEXAGON T-LIGHT HOLDER,2271.24,88.00765867312008,B - Mid
BLUE/BROWN DOTS RUFFLED UMBRELLA,2270.73,88.01911129377716,B - Mid
MINI JIGSAW DOLLY GIRL,2268.13,88.03055080111221,B - Mid
HAND OPEN SHAPE GOLD,2259.47,88.04194663099777,B - Mid
PINK LOVE HEART SHAPE CUP,2258.61,88.0533381233999,B - Mid
SQUARE CHERRY BLOSSOM CABINET,2257.4,88.0647235130637,B - Mid
RAINY LADIES BIRTHDAY CARD,2257.0,88.07610688529334,B - Mid
CHILDREN'S CIRCUS PARADE MUG,2254.93,88.08747981730122,B - Mid
SKETCHBOOK MAGNETIC SHOPPING LIST,2253.7,88.09884654569906,B - Mid
SMALL SILVER TRELLIS CANDLEPOT,2251.1400000000003,88.11020036251833,B - Mid
ROSE DES PADDED FLOOR CUSHION,2249.41,88.12154545393483,B - Mid
GLITTER CHRISTMAS STAR ,2247.14,88.13287909641252,B - Mid
WHITE BELL HONEYCOMB PAPER GARLAND ,2243.7799999999997,88.1441957924433,B - Mid
WHITE CHRISTMAS GARLAND STARS TREES,2240.9900000000002,88.1554984168708,B - Mid
GREEN CHRISTMAS TREE STRING 20LIGHT,2239.34,88.16679271938243,B - Mid
SMALL PARISIENNE HEART PHOTO FRAME ,2239.2400000000002,88.1780865175355,B - Mid
BLUE POT PLANT CANDLE ,2238.07,88.18937441469367,B - Mid
IVORY EMBROIDERED QUILT ,2237.84,88.20066115182722,B - Mid
HANGING MINI COLOURED BOTTLES,2237.08,88.21194405583584,B - Mid
HEART STRING MEMO HOLDER HANGING,2235.1200000000003,88.22321707441712,B - Mid
DOVE DECORATION PAINTED ZINC ,2234.96,88.23448928602473,B - Mid
GIANT MEDINA STAMPED METAL BOWL ,2234.81,88.24576074109453,B - Mid
SLEEPING CAT ERASERS,2233.15,88.25702382381256,B - Mid
VINTAGE RED ENAMEL TRIM JUG ,2231.61,88.2682791394091,B - Mid
MONEY BOX BISCUITS DESIGN,2230.46,88.27952865488244,B - Mid
PACK 20 DOLLY PEGS,2225.5,88.29075315417225,B - Mid
"FEATHER PEN,LIGHT PINK",2222.35,88.30196176616806,B - Mid
ASSORTED TUTTI FRUTTI NOTEBOOK,2220.94,88.31316326670849,B - Mid
STEEL SWEETHEART ROUND TABLE CREAM,2219.5099999999998,88.32435755492179,B - Mid
KEY RING BASEBALL BOOT UNION JACK,2217.87,88.33554357165507,B - Mid
6 RIBBONS SHIMMERING PINKS ,2216.3399999999997,88.34672187170267,B - Mid
SOFT PINK ROSE TOWEL ,2211.54,88.35787596254039,B - Mid
CARD CIRCUS PARADE,2211.41,88.36902939771201,B - Mid
SET 6 FOOTBALL CELEBRATION CANDLES,2211.38,88.38018268157609,B - Mid
WRAP CIRCUS PARADE,2210.34,88.39133072011133,B - Mid
TOADSTOOL BEDSIDE LIGHT ,2207.5499999999997,88.40246468704335,B - Mid
SET OF 16 VINTAGE BLACK CUTLERY,2207.2,88.41359688872046,B - Mid
BLACK CANDELABRA T-LIGHT HOLDER,2206.2400000000002,88.4247242485556,B - Mid
VANILLA INCENSE IN TIN,2204.35,88.43584207601438,B - Mid
LETTER HOLDER HOME SWEET HOME,2204.11,88.44695869301265,B - Mid
CHILDS GARDEN SPADE BLUE,2202.92,88.45806930814429,B - Mid
CHRISTMAS HANGING HEART WITH BELL,2202.38,88.46917719973983,B - Mid
HANGING GLASS ETCHED TEALIGHT,2200.3599999999997,88.48027490329288,B - Mid
HERB MARKER BASIL,2199.19,88.49136670585102,B - Mid
S/4 IVORY MINI ROSE CANDLE IN BOWL,2191.96,88.50242204328677,B - Mid
ABSTRACT CIRCLE JOURNAL ,2190.59,88.51347047101054,B - Mid
HANGING HEART MIRROR DECORATION ,2183.17,88.5244814753307,B - Mid
VINTAGE CHRISTMAS GIFT BAG LARGE ,2182.39,88.53548854565426,B - Mid
SET OF 12 LILY BOTANICAL T-LIGHTS,2182.19,88.54649460726074,B - Mid
KNEELING MAT HOUSEWORK  DESIGN,2181.4199999999996,88.55749678530647,B - Mid
72 CAKE CASES VINTAGE CHRISTMAS,2178.1400000000003,88.5684824203921,B - Mid
"SPRING DEC , HANGING CHICK  YELLOW",2164.88,88.57940117753544,B - Mid
METAL DECORATION NAUGHTY CHILDREN ,2164.69,88.59031897639757,B - Mid
ICE CREAM BUBBLES,2161.24,88.60121937489006,B - Mid
"DECORATION, HANGING HEART+MIRROR ",2161.0,88.61211856292208,B - Mid
CARD BIRTHDAY COWBOY,2157.91,88.62300216627524,B - Mid
CAKE STAND VICTORIAN FILIGREE SMALL,2156.45,88.63387840599371,B - Mid
GREEN  SPOTTY PLATE ,2155.17,88.64474818992292,B - Mid
ASSORTED CAKES FRIDGE MAGNETS,2154.2200000000003,88.65561318244598,B - Mid
3 TIER SWEETHEART GARDEN SHELF,2153.9500000000003,88.66647681320097,B - Mid
STAR DECORATION PAINTED ZINC ,2151.9900000000002,88.6773305585286,B - Mid
RED SPOTTY BIG BOWL,2150.8500000000004,88.6881785541689,B - Mid
REGENCY CAKE FORK,2145.3,88.69899855791026,B - Mid
PORCELAIN ROSE LARGE ,2144.48,88.7098144259116,B - Mid
MORE BUTTER METAL SIGN ,2141.07,88.72061309528677,B - Mid
WRAP DOLLY GIRL,2140.5,88.73140888981824,B - Mid
IVORY KNITTED MUG COSY ,2140.35,88.74220392781193,B - Mid
DRAWER KNOB CRACKLE GLAZE BLUE,2138.6299999999997,88.75299029083872,B - Mid
STAR WREATH DECORATION WITH BELL,2138.42,88.76377559471258,B - Mid
MEASURING TAPE BABUSHKA RED,2137.21,88.77455479584815,B - Mid
4 LILY  BOTANICAL DINNER CANDLES,2135.01,88.78532290109582,B - Mid
ABSTRACT CIRCLES SKETCHBOOK ,2134.76,88.79608974544718,B - Mid
DOG BOWL VINTAGE CREAM,2132.63,88.80684584696161,B - Mid
DRAWER KNOB CRACKLE GLAZE PINK,2132.4999999999995,88.81760129280997,B - Mid
STRAWBERRY CERAMIC TRINKET POT,2131.2200000000003,88.82835028286901,B - Mid
DECORATIVE CATS BATHROOM BOTTLE,2129.81,88.83909216147264,B - Mid
CHILDS GARDEN SPADE PINK,2129.7400000000002,88.8498336870253,B - Mid
JAPANESE CROCHETED ANIMAL,2128.72,88.86057006812086,B - Mid
ASSORTED TUTTI FRUTTI MIRROR,2127.94,88.87130251521982,B - Mid
TRAVEL CARD WALLET I LOVE LONDON,2126.55,88.88202795173508,B - Mid
PINK  HONEYCOMB PAPER BALL ,2122.66,88.89273376870318,B - Mid
SET OF 16 VINTAGE RED CUTLERY,2118.83,88.90342026873921,B - Mid
RELAX LARGE WOOD LETTERS,2116.48,88.91409491634958,B - Mid
FOLDING UMBRELLA  CHOC/WHITE  SPOT,2115.77,88.92476598301432,B - Mid
GREEN POLKADOT PLATE ,2113.19,88.93542403722876,B - Mid
PAPER LANTERN 9 POINT DELUXE STAR,2111.4900000000002,88.946073517348,B - Mid
WRAP VINTAGE LEAF DESIGN,2109.42,88.95671255724551,B - Mid
RED COAT RACK PARIS FASHION,2107.85,88.96734367871396,B - Mid
WRAP POPPIES  DESIGN,2105.5,88.97796294775672,B - Mid
POCKET BAG BLUE PAISLEY RED SPOT,2104.62,88.98857777844434,B - Mid
BATH DUCK WATERING CAN,2102.46,88.99918171498751,B - Mid
CHERRY DESIGN PAPERLANTERNS,2100.33,89.0097749086938,B - Mid
TRAVEL CARD WALLET VINTAGE TICKET,2094.93,89.02034086703897,B - Mid
IVORY REFECTORY CLOCK,2094.24,89.03090334531021,B - Mid
VINTAGE RED ENAMEL TRIM MUG ,2090.75,89.04144822146844,B - Mid
 RED SPOT GIFT BAG LARGE,2089.92,89.0519889114508,B - Mid
EASTER TIN BUNNY BOUQUET,2085.75,89.06250856968208,B - Mid
PINK UNION JACK  PASSPORT COVER ,2085.6400000000003,89.07302767311897,B - Mid
TEA COSY BLUE STRIPE,2085.0499999999997,89.08354380084047,B - Mid
VINTAGE BILLBOARD MUG ,2083.46,89.0940519092612,B - Mid
IVORY PILLAR CANDLE GOLD FLOCK,2082.7400000000002,89.10455638630043,B - Mid
DOG LICENCE WALL ART,2081.64,89.11505531539575,B - Mid
IVORY SWEETHEART WIRE LETTER RACK ,2080.65,89.12554925134152,B - Mid
SET OF 4 FAIRY CAKE PLACEMATS,2080.03,89.13604006026435,B - Mid
GIRLY PINK TOOL SET,2079.4700000000003,89.14652804477936,B - Mid
BLUE SAVANNAH PICNIC HAMPER FOR 4,2077.82,89.15700770737848,B - Mid
EMPIRE BIRTHDAY CARD,2076.77,89.16748207421293,B - Mid
12 PENCILS TALL TUBE RED SPOTTY,2074.06,89.17794277293096,B - Mid
VILLAGE SHOW WALL ART,2072.42,89.18839520016897,B - Mid
SET 36 COLOURING PENCILS DOILY,2070.35,89.1988371871852,B - Mid
WICKER WREATH SMALL,2070.15,89.20927816548436,B - Mid
SET 8 CANDLES VINTAGE DOILY,2070.1,89.21971889160426,B - Mid
FILIGREE HEART BUTTERFLY WHITE ,2070.06,89.23015941598072,B - Mid
4 VANILLA BOTANICAL CANDLES,2069.02,89.24059469502839,B - Mid
EAU DE NIL DINER WALL CLOCK,2067.2,89.25102079475063,B - Mid
URBAN BLACK RIBBONS ,2067.18,89.26144679360118,B - Mid
BAKING MOULD ROSE MILK CHOCOLATE,2066.82,89.27187097676098,B - Mid
MULTICOLOUR HONEYCOMB PAPER GARLAND,2065.16,89.28228678756905,B - Mid
GLASS  SONGBIRD STORAGE JAR,2065.14,89.29270249750539,B - Mid
FOLDING UMBRELLA RED/WHITE POLKADOT,2063.39,89.3031093811673,B - Mid
60 GOLD AND SILVER FAIRY CAKE CASES,2062.19,89.31351021252675,B - Mid
DOLLY GIRL CHILDRENS CUP,2059.03,89.32389510615634,B - Mid
SET/20 WOODLAND PAPER NAPKINS ,2058.1,89.33427530925154,B - Mid
PARTY INVITES WOODLAND,2055.5899999999997,89.34464285294739,B - Mid
MAGNETS PACK OF 4 HOME SWEET HOME,2049.56,89.35497998382333,B - Mid
ASSORTED TUTTI FRUTTI  FOB NOTEBOOK,2049.4,89.36531630772559,B - Mid
PINK METAL CHICKEN HEART ,2041.69,89.3756137455845,B - Mid
YELLOW GIANT GARDEN THERMOMETER,2041.3500000000001,89.38590946862438,B - Mid
KEY RING BASEBALL BOOT ASSORTED ,2038.33,89.39618996003635,B - Mid
SET OF 6 VINTAGE NOTELETS KIT,2033.33,89.40644523352137,B - Mid
T-LIGHT HOLDER HANGING LOVE BIRD,2032.77,89.41669768259858,B - Mid
PINK SPOTS CHOCOLATE NESTING BOXES ,2030.8400000000001,89.42694039755598,B - Mid
BROWN  PIRATE TREASURE CHEST ,2026.4099999999999,89.4371607694301,B - Mid
SET 12 WILDFLOWER BOTANICAL T-LIGHT,2025.7700000000002,89.44737791340955,B - Mid
FELT EGG COSY WHITE RABBIT ,2024.35,89.45758789549777,B - Mid
WOOD STAMP SET FLOWERS,2022.35,89.4677877904152,B - Mid
BLUE FAIRY CAKE CHILD'S APRON,2021.47,89.47798324697746,B - Mid
SWEETHEART WIRE FRUIT BOWL,2020.84,89.48817552608095,B - Mid
SET OF 2 CERAMIC CHRISTMAS REINDEER,2018.1399999999999,89.49835418750388,B - Mid
KEEP CALM WALL ART ,2015.97,89.5085219043465,B - Mid
TOAST ITS - FAIRY FLOWER,2014.1599999999999,89.51868049229955,B - Mid
DOLLY GIRL CHILDRENS BOWL,2013.7,89.52883676020333,B - Mid
CHILDS GARDEN TROWEL BLUE ,2011.28,89.53898082263048,B - Mid
CONDIMENT TRAY 4 BOWLS AND 4 SPOONS,2010.6000000000001,89.54912145541954,B - Mid
CAT BOWL VINTAGE CREAM,2008.77,89.55925285844735,B - Mid
HOT STUFF HOT WATER BOTTLE,2008.38,89.56938229447684,B - Mid
IVORY HANGING DECORATION  BIRD,2008.09,89.57951026786657,B - Mid
GOLD  CHERRY LIGHTS,2007.88,89.58963718210336,B - Mid
FOLKART STAR CHRISTMAS DECORATIONS,2007.22,89.59976076757381,B - Mid
SMALL DECO JEWELLERY STAND,2005.81,89.60987724158885,B - Mid
SKULLS GREETING CARD,2005.02,89.61998973117142,B - Mid
STAR T-LIGHT HOLDER WILLIE WINKIE,2004.9999999999998,89.6301021198823,B - Mid
IVORY PAPER CUP CAKE CASES ,2003.72,89.64020805280384,B - Mid
STORAGE TIN VINTAGE LEAF,2003.1000000000001,89.65031085870248,B - Mid
DOLLY MIXTURE CHILDREN'S UMBRELLA,2002.84,89.66041235326891,B - Mid
SET OF 2 ROUND TINS DUTCH CHEESE,1996.0900000000001,89.67047980363394,B - Mid
CALENDAR FAMILY FAVOURITES,1994.96,89.68054155474748,B - Mid
BLUE PADDED SOFT MOBILE,1993.47,89.69059579091878,B - Mid
CHILDS GARDEN TROWEL PINK,1987.9299999999998,89.70062208562702,B - Mid
BAKING MOULD TOFFEE CUP CHOCOLATE,1985.5800000000002,89.71063652790956,B - Mid
HOT WATER BOTTLE SEX BOMB,1982.0500000000002,89.72063316633569,B - Mid
ASSORTED ICE CREAM FRIDGE MAGNETS,1981.8500000000001,89.73062879604475,B - Mid
FAIRY TALE COTTAGE NIGHT LIGHT,1979.34,89.74061176635446,B - Mid
RED RETROSPOT PURSE ,1978.1700000000003,89.75058883566928,B - Mid
OPULENT VELVET SET/3 CANDLES,1978.0500000000002,89.76056529975385,B - Mid
CHRISTMAS MUSICAL ZINC STAR,1976.8799999999999,89.77053586284349,B - Mid
JUNGLE POPSICLES ICE LOLLY HOLDERS,1976.31,89.78050355108947,B - Mid
SILK PURSE RUSSIAN DOLL RED,1975.27,89.79046599400662,B - Mid
FLOOR CUSHION ELEPHANT CARNIVAL,1973.3899999999999,89.80041895498326,B - Mid
HEART SHAPE WIRELESS DOORBELL,1973.0700000000002,89.81037030201257,B - Mid
ASSORTED INCENSE PACK,1968.45,89.82029834767737,B - Mid
MILK BOTTLE WITH GLASS STOPPER ,1967.38,89.83022099670579,B - Mid
GREEN SPOTTY BOWL,1963.44,89.84012377400778,B - Mid
MONEY BOX POCKET MONEY DESIGN,1963.38,89.85002624869463,B - Mid
BAKING MOULD HEART WHITE CHOCOLATE,1963.3,89.85992831989466,B - Mid
GUMBALL MONOCHROME COAT RACK,1962.83,89.86982802060955,B - Mid
RED SPOT PAPER GIFT BAG,1962.83,89.87972772132443,B - Mid
SET/20 FRUIT SALAD PAPER NAPKINS ,1960.45,89.8896154183061,B - Mid
FILIGREE HEART BIRD WHITE ,1960.0,89.89950084567432,B - Mid
ZINC HEART LATTICE T-LIGHT HOLDER,1956.81,89.90937018400514,B - Mid
ZINC T-LIGHT HOLDER STAR LARGE,1956.6799999999998,89.91923886666989,B - Mid
PACK OF 12 SPACEBOY TISSUES,1954.2999999999997,89.92909554560138,B - Mid
SMALL SILVER FLOWER CANDLE POT,1952.1800000000003,89.93894153213185,B - Mid
BOUDOIR SQUARE TISSUE BOX,1952.04,89.94878681256037,B - Mid
FELT EGG COSY CHICKEN,1947.82,89.95861080905853,B - Mid
ROSE FOLKART HEART DECORATIONS,1947.74,89.96843440206985,B - Mid
12 PENCILS TALL TUBE POSY,1940.9599999999998,89.97822379957222,B - Mid
CHRISTMAS TREE STAR DECORATION,1938.96,89.98800310990381,B - Mid
SUNSET COLOUR CHUNKY KNITTED THROW,1938.1899999999998,89.99777853667466,B - Mid
FAUX FUR CHOCOLATE THROW,1933.59,90.0075307629527,C - Low
PINK POLKADOT GARDEN PARASOL,1932.97,90.01727986220777,C - Low
BOHEMIAN COLLAGE STATIONERY SET,1927.54,90.02700157479417,C - Low
WRAP DOILEY DESIGN,1927.26,90.03672187517668,C - Low
PARTY FOOD SHOPPER BAG,1925.04,90.04643097879962,C - Low
LE GRAND TRAY CHIC SET,1924.92,90.0561394771923,C - Low
DAIRY MAID  PUDDING BOWL,1924.51,90.06584590771499,C - Low
APRON MODERN VINTAGE COTTON,1921.03,90.07553478656051,C - Low
BROCANTE SHELF WITH HOOKS,1920.5,90.08522099230576,C - Low
DOG TOY WITH PINK CROCHET SKIRT,1920.02,90.09490477713003,C - Low
CHRISTMAS TREE HEART DECORATION,1917.1999999999998,90.10457433904348,C - Low
SMALL YELLOW BABUSHKA NOTEBOOK ,1915.2099999999998,90.114233864222,C - Low
SWISS ROLL TOWEL PINK  SPOTS,1913.6899999999998,90.12388572315075,C - Low
HANGING CHICK CREAM DECORATION,1913.35,90.13353586726046,C - Low
BALLOON ART MAKE YOUR OWN FLOWERS,1913.22,90.14318535570405,C - Low
STRAWBERRY DREAM CHILDS UMBRELLA,1910.06,90.15281890641779,C - Low
SILVER LATTICE VANILLA CANDLE POT,1906.62,90.16243510719782,C - Low
MEASURING TAPE BABUSHKA BLUE,1906.1100000000001,90.17204873574927,C - Low
CHILDS GARDEN FORK BLUE ,1905.81,90.18166085122512,C - Low
BLACK RETRODISC LAMPSHADE,1905.15,90.1912696379346,C - Low
KNICKERBOCKERGLORY MAGNET ASSORTED ,1904.77,90.20087650808163,C - Low
ZINC FINISH 15CM PLANTER POTS,1903.0,90.21047445108252,C - Low
DECORATIVE ROSE BATHROOM BOTTLE,1899.4,90.220054237176,C - Low
ASSORTED TUTTI FRUTTI LARGE PURSE,1899.2800000000002,90.22963341803923,C - Low
WOOD STAMP SET BEST WISHES,1898.4199999999998,90.23920826141905,C - Low
VINTAGE JINGLE BELLS HEART,1897.76,90.24877977603249,C - Low
CARROT CHARLIE+LOLA COASTER SET,1895.3700000000001,90.25833923647684,C - Low
DOORSTOP FOOTBALL DESIGN,1894.7,90.26789531771898,C - Low
WRAP 50'S  CHRISTMAS,1892.46,90.27744010132986,C - Low
ALUMINIUM STAMPED HEART,1892.2300000000002,90.28698372491607,C - Low
GLASS CAKE STAND,1891.7,90.29652467540204,C - Low
SKULLS  DESIGN  COTTON TOTE BAG,1890.74,90.30606078404601,C - Low
12 PINK ROSE PEG PLACE SETTINGS,1887.23,90.31557918970528,C - Low
RETROSPOT WOODEN HEART DECORATION,1886.28,90.32509280395841,C - Low
DAIRY MAID BUTTER DISH,1885.33,90.33460162680544,C - Low
FELTCRAFT BOY JEAN-PAUL KIT,1884.76,90.34410757480879,C - Low
CINAMMON SET OF 9 T-LIGHTS,1884.4199999999998,90.3536118079931,C - Low
3 RAFFIA RIBBONS 50'S CHRISTMAS ,1884.17,90.36311478028108,C - Low
CHILDS GARDEN FORK PINK,1882.29,90.37260827062849,C - Low
POSTE FRANCE CUSHION COVER,1877.65,90.38207835873969,C - Low
EASTER TIN KEEPSAKE,1877.34,90.39154688333943,C - Low
SMALL TAHITI BEACH BAG,1877.21,90.40101475227307,C - Low
PACK OF 12 BLUE PAISLEY TISSUES ,1875.0199999999998,90.4104715757547,C - Low
SET/4 RED MINI ROSE CANDLE IN BOWL,1873.82,90.41992234693384,C - Low
SET/6 WOODLAND PAPER CUPS,1872.68,90.42936736842564,C - Low
BLACK PIRATE TREASURE CHEST,1871.34,90.43880563151305,C - Low
SILVER PLATE CANDLE BOWL LARGE,1871.23,90.44824333980603,C - Low
LARGE CHINESE STYLE SCISSOR,1870.7,90.45767837499876,C - Low
VINTAGE GLASS T-LIGHT HOLDER,1870.0299999999997,90.46711003098929,C - Low
PARLOUR CERAMIC WALL HOOK,1869.0000000000002,90.47653649208685,C - Low
SET/6 WOODLAND PAPER PLATES,1868.7,90.4859614401088,C - Low
S/12 VANILLA  BOTANICAL T-LIGHTS,1861.4500000000003,90.49534982213665,C - Low
SCENTED VELVET LOUNGE CANDLE ,1860.0,90.50473089096569,C - Low
HEARTS  STICKERS,1859.3799999999999,90.51410883277178,C - Low
BABY MOUSE RED GINGHAM DRESS,1857.47,90.52347714132976,C - Low
BLACK BAROQUE CUCKOO CLOCK,1851.22,90.53281392747905,C - Low
GARDEN PATH JOURNAL,1848.73,90.54213815510074,C - Low
CERAMIC BIRDHOUSE CRESTED TIT SMALL,1848.4700000000003,90.55146107139021,C - Low
WHITE RETRODISC LAMPSHADE,1841.7,90.56074984260655,C - Low
FELTCRAFT HAIRBANDS PINK AND WHITE ,1840.9899999999998,90.5700350328773,C - Low
PACK OF 12 50'S CHRISTMAS TISSUES,1840.08,90.57931563348531,C - Low
POTTING SHED SEED ENVELOPES,1836.14,90.58857636236691,C - Low
SILVER T-LIGHT SETTING,1831.56,90.59781399162739,C - Low
TOAST ITS - DINOSAUR,1827.76,90.60703245526341,C - Low
FIVE CATS HANGING DECORATION,1827.64,90.61625031366916,C - Low
LED TEA LIGHTS,1826.76,90.62546373371978,C - Low
SET/6 FROG PRINCE T-LIGHT CANDLES,1826.07,90.63467367369647,C - Low
4 WILDFLOWER BOTANICAL CANDLES,1823.74,90.64387186211918,C - Low
PINK JUMPER LARRY THE LAMB,1820.2700000000002,90.6530525493006,C - Low
SET/6 FRUIT SALAD PAPER CUPS,1816.73,90.66221538218973,C - Low
FELTCRAFT HAIRBAND PINK AND BLUE,1815.1399999999999,90.6713701957781,C - Low
"LARGE CAKE TOWEL, CHOCOLATE SPOTS",1814.82,90.68052339541912,C - Low
WOOD AND GLASS MEDICINE CABINET,1814.75,90.68967624200917,C - Low
SET/10 IVORY POLKADOT PARTY CANDLES,1814.59,90.69882828162557,C - Low
IVORY HANGING DECORATION  BUTTERFLY,1810.1899999999998,90.70795812946623,C - Low
KEEP OUT BOYS DOOR HANGER ,1806.05,90.71706709686337,C - Low
GOLD MUG BONE CHINA TREE OF LIFE,1804.11,90.72616627970486,C - Low
BEADED LOVE HEART JEWELLERY SET,1801.1699999999998,90.73525063440529,C - Low
VINTAGE KITCHEN PRINT VEGETABLES,1800.44,90.74433130728839,C - Low
MIRROR CORNICE,1799.62,90.75340784443148,C - Low
RED SPOTTY SHOPPING BAG,1798.04,90.76247641270963,C - Low
"ART LIGHTS,FUNK MONKEY",1797.95,90.77154452706509,C - Low
MEASURING TAPE RUSSIAN DOLL RED,1796.42,90.78060492473492,C - Low
REGENCY TEA SPOON,1794.48,90.78965553784909,C - Low
MOODY GIRL DOOR HANGER ,1792.6599999999999,90.79869697163782,C - Low
FELT TOADSTOOL LARGE,1792.21,90.80773613581314,C - Low
FRIDGE MAGNETS US DINER ASSORTED,1789.1999999999998,90.81676011879642,C - Low
WALL MIRROR RECTANGLE DIAMANTE PINK,1781.97,90.82574763665733,C - Low
FOLK FELT HANGING MULTICOL GARLAND,1781.12,90.83473086747065,C - Low
RED SPOTTY CANDY BAG,1778.12,90.84369896752781,C - Low
BLUE REFECTORY CLOCK ,1777.46,90.85266373881859,C - Low
CERAMIC BIRDHOUSE FINCH BLUE ROOF,1776.1200000000001,90.86162175170496,C - Low
MINIATURE ANTIQUE ROSE HOOK IVORY,1775.5099999999998,90.87057668800425,C - Low
GREEN SPOTTY CUP,1774.72,90.87952763987104,C - Low
STRIPES DESIGN MONKEY DOLL,1764.03,90.88842467581003,C - Low
MAGIC DRAWING SLATE BAKE A CAKE ,1763.2,90.89731752557311,C - Low
TOOTHPASTE TUBE PEN,1760.94,90.90619897683324,C - Low
MIRROR MOSAIC T-LIGHT HOLDER ROUND,1760.6399999999999,90.91507891501773,C - Low
DO NOT TOUCH MY STUFF DOOR HANGER ,1757.92,90.92394513464997,C - Low
WOOD STAMP SET HAPPY BIRTHDAY,1753.9399999999998,90.93279128081235,C - Low
SET 36 COLOUR PENCILS DOLLY GIRL,1750.29,90.94161901788803,C - Low
GLASS ETCHED T-LIGHT HOLDER MEDIUM,1747.9399999999998,90.95043490253806,C - Low
FAIRY CAKES NOTEBOOK A6 SIZE,1747.76,90.9592498793427,C - Low
SET OF 12 T-LIGHTS VINTAGE DOILY,1747.51,90.96806359525101,C - Low
MULTICOLOUR 3D BALLS GARLAND,1746.97,90.97687458762319,C - Low
"WALL MIRROR , RECT DIAMANTE, PINK/",1746.78,90.98568462171416,C - Low
MA CAMPAGNE 4 DRAWER WALL SHELF,1745.85,90.99448996527072,C - Low
WOOD FAN WITH FLOWER DESIGN,1745.62,91.00329414880262,C - Low
HOME SWEET HOME HANGING HEART,1745.55,91.01209797928355,C - Low
ROSE DU SUD COSMETICS BAG,1744.98,91.02089893492082,C - Low
SET OF 4 FAIRY CAKE PLACEMATS ,1744.82,91.02969908358442,C - Low
ASSORTED SANSKRIT MINI NOTEBOOK,1741.72,91.0384835971333,C - Low
BLUE PAISLEY JOURNAL ,1741.61,91.04726755588777,C - Low
MAGIC DRAWING SLATE BUNNIES ,1741.53,91.05605111115544,C - Low
FRENCH STYLE WALL DRESSER,1740.0,91.06482694973744,C - Low
SILVER STARS TABLE DECORATION,1739.6299999999999,91.07360092219284,C - Low
MAGIC TREE -PAPER FLOWERS,1738.07,91.08236702665504,C - Low
PETIT TRAY CHIC,1736.6899999999998,91.09112617096939,C - Low
VINTAGE GLASS COFFEE CADDY,1735.0500000000002,91.09987704380372,C - Low
BULL DOG BOTTLE TOP WALL CLOCK,1733.57,91.10862045213165,C - Low
 SILVER CHERRY LIGHTS,1732.3000000000002,91.11735745510614,C - Low
VINTAGE CARAVAN GREETING CARD ,1731.24,91.1260891118801,C - Low
WHITE SOAP RACK WITH 2 BOTTLES,1731.06,91.1348198608087,C - Low
SET OF 4 ROSE BOTANICAL CANDLES,1729.61,91.14354329653848,C - Low
SET/6 COLLAGE PAPER PLATES,1729.09,91.15226410960385,C - Low
BLUE/CREAM STRIPE CUSHION COVER ,1728.24,91.16098063562164,C - Low
PARTY CHARMS 50 PIECES,1726.09,91.16968631793084,C - Low
FRENCH BLUE METAL DOOR SIGN 1,1722.31,91.17837293548725,C - Low
PINK HORSE SOCK PUPPET,1719.5600000000002,91.18704568318384,C - Low
RETRO SPOT PADDED SEAT CUSHION,1718.93,91.19571525342164,C - Low
POTTING SHED SOW 'N' GROW SET,1718.63,91.20438331058381,C - Low
BANQUET BIRTHDAY  CARD  ,1717.47,91.21304551718691,C - Low
VINTAGE KITCHEN PRINT SEAFOOD,1716.8,91.22170434458783,C - Low
MINI FUNKY DESIGN TAPES,1715.78,91.23035802753165,C - Low
 FLAMINGO LIGHTS,1715.18,91.23900868432423,C - Low
ZINC TOP  2 DOOR WOODEN SHELF ,1714.48,91.24765581060703,C - Low
SMALL SQUARE CUT GLASS CANDLESTICK,1710.67,91.2562837208295,C - Low
ENAMEL PINK TEA CONTAINER,1708.32,91.26489977862629,C - Low
BAKING MOULD EASTER EGG WHITE CHOC,1707.47,91.27351154937548,C - Low
GEORGIAN TRINKET BOX,1706.5,91.28211842784685,C - Low
SPRING FLOWER CHOPSTICKS SET/5,1706.1399999999999,91.29072349062749,C - Low
WOVEN ROSE GARDEN CUSHION COVER ,1704.6399999999999,91.29932098803005,C - Low
CHILDS GARDEN RAKE BLUE,1700.6000000000001,91.3078981093476,C - Low
PING MICROWAVE APRON,1700.1399999999999,91.3164729106159,C - Low
RED POLKADOT BEAKER ,1698.8799999999999,91.32504135696658,C - Low
WHITE HONEYCOMB PAPER GARLAND ,1698.8799999999999,91.33360980331726,C - Low
HAIRCLIPS FORTIES FABRIC ASSORTED,1698.0400000000002,91.34217401305621,C - Low
"DECORATION , WOBBLY RABBIT , METAL ",1696.2899999999997,91.35072939652072,C - Low
"POPCORN HOLDER , LARGE",1696.2099999999998,91.35928437649842,C - Low
PASTEL STRIPE HAMMOCK ,1696.02,91.36783839819489,C - Low
WRAP COWBOYS  ,1693.24,91.37637839872396,C - Low
SQUARE FLOOR CUSHION VINTAGE RED,1690.8999999999999,91.38490659726321,C - Low
RAIN HAT WITH RED SPOTS,1688.2,91.3934211781219,C - Low
JAZZ HEARTS ADDRESS BOOK,1686.79,91.4019286475252,C - Low
FELTCRAFT HAIRBAND RED AND BLUE,1686.51,91.41043470472458,C - Low
LETS GO SHOPPING COTTON TOTE BAG,1686.19,91.41893914797666,C - Low
ASSORTED COLOUR SILK COIN PURSE,1685.46,91.42743990941139,C - Low
HI TEC ALPINE HAND WARMER,1684.58,91.43593623249096,C - Low
DINOSAUR HEIGHT CHART STICKER SET,1683.93,91.44442927724003,C - Low
SET OF 36 DOILIES SPACEBOY DESIGN ,1682.57,91.45291546271298,C - Low
SPACEBOY CHILDRENS EGG CUP,1679.66,91.46138697135244,C - Low
SET 12 COLOUR PENCILS DOLLY GIRL ,1679.5500000000002,91.4698579251975,C - Low
SET/3 CHRISTMAS DECOUPAGE CANDLES,1671.52,91.47828837905186,C - Low
JINGLE BELL HEART ANTIQUE GOLD,1670.0800000000002,91.48671157014326,C - Low
12 RED ROSE PEG PLACE SETTINGS,1669.83,91.4951335003383,C - Low
BLUE POLKADOT GARDEN PARASOL,1668.49,91.50354867212891,C - Low
FRENCH GARDEN SIGN BLUE METAL,1667.5,91.51195885077,C - Low
SET/4 SPRING FLOWER DECORATION,1665.66,91.52035974921397,C - Low
PINK HANGING HEART T-LIGHT HOLDER,1664.16,91.52875308227985,C - Low
SUNFLOWER DECORATIVE PARASOL,1663.11,91.53714111958105,C - Low
TOXIC AREA  DOOR HANGER ,1655.8799999999999,91.54549269175989,C - Low
RETRO BLUE SPOTTY WASHING UP GLOVES,1655.74,91.55384355783676,C - Low
VINTAGE KITCHEN PRINT PUDDINGS,1654.4499999999998,91.56218791768848,C - Low
ETCHED GLASS COASTER,1653.75,91.57052874703042,C - Low
PLAYING CARDS I LOVE LONDON ,1651.29,91.5788571691523,C - Low
SILVER RECORD COVER FRAME,1649.6399999999999,91.58717726935829,C - Low
HEART T-LIGHT HOLDER WILLIE WINKIE,1649.0499999999997,91.5954943938489,C - Low
WOODLAND STORAGE BOX SMALL,1647.0700000000002,91.60380153204044,C - Low
SET OF 2 CERAMIC PAINTED HEARTS ,1646.32,91.61210488754293,C - Low
MOROCCAN BEATEN METAL MIRROR,1644.17,91.62039739933682,C - Low
ASSORTED TUTTI FRUTTI ROUND BOX,1642.6499999999999,91.6286822448809,C - Low
RING OF ROSES BIRTHDAY CARD,1641.6399999999999,91.63696199640377,C - Low
12 DAISY PEGS IN WOOD BOX,1640.1699999999998,91.6452343338561,C - Low
CERAMIC BIRDHOUSE BUTTERFLY SMALL,1640.1200000000001,91.65350641912916,C - Low
ASSORTED WHITE EMBOSSED CHINA MUGS,1639.8000000000002,91.66177689045489,C - Low
MONEY BOX HOUSEKEEPING DESIGN,1637.46,91.6700355597908,C - Low
RED HEARTS LIGHT CHAIN ,1636.42,91.67828898379793,C - Low
HANGING  BUTTERFLY T-LIGHT HOLDER,1636.36,91.6865421051899,C - Low
DINOSAURS WATER TRANSFER TATTOOS ,1636.24,91.69479462135163,C - Low
SET 12 COLOURING PENCILS DOILY,1636.1000000000001,91.70304643141142,C - Low
CHILDRENS TOY COOKING UTENSIL SET,1633.81,91.71128669166065,C - Low
ENAMEL BLUE RIM BISCUIT BIN,1631.42,91.7195148977408,C - Low
SWALLOW CIGAR BOX MATCHES ,1629.31,91.72773246185577,C - Low
NATURAL BARK CANDLE SMALL,1629.2,91.73594947117633,C - Low
ROSE 1 WICK MORRIS BOXED CANDLE,1629.02,91.74416557265153,C - Low
CLASSIC FRENCH STYLE BASKET BROWN,1627.3600000000001,91.75237330177498,C - Low
RED RETROSPOT SHOPPING BAG,1625.61,91.760572204624,C - Low
 I LOVE LONDON MINI BACKPACK,1624.02,91.76876308817225,C - Low
BLUE GINGHAM ROSE QUILT ,1622.96,91.77694862551998,C - Low
WHITE BIRD GARDEN DESIGN MUG,1622.7900000000002,91.78513330545817,C - Low
CROSS STITCH ALPHABET CUSHION COVER,1622.64,91.79331722885858,C - Low
VINTAGE KITCHEN PRINT FRUITS,1621.83,91.80149706695482,C - Low
SET OF 2 CHRISTMAS DECOUPAGE CANDLE,1621.28,91.80967413107909,C - Low
BEADED PEARL HEART WHITE ON STICK,1619.23,91.81784085585332,C - Low
SEASIDE FLYING DISC,1616.33,91.82599295422989,C - Low
RIDGED GLASS POSY VASE ,1614.54,91.8341360245886,C - Low
LAUREL HEART ANTIQUE SILVER,1613.82,91.84227546356585,C - Low
DOOR MAT GREEN PAISLEY ,1613.56,91.8504135912109,C - Low
HANGING CHICK  YELLOW DECORATION,1608.86,91.85852801400459,C - Low
FRENCH FLORAL CUSHION COVER ,1607.1599999999999,91.86663386270313,C - Low
ENAMEL PINK COFFEE CONTAINER,1604.74,91.87472750592501,C - Low
PINK MARSHMALLOW SCARF KNITTING KIT,1603.97,91.88281726558614,C - Low
RED VINTAGE SPOT BEAKER,1603.3899999999999,91.89090409996776,C - Low
WOODLAND WATER TRANSFER TATTOOS ,1600.75,91.89897761928393,C - Low
SMALL GLASS SUNDAE DISH CLEAR,1596.81,91.90703126687364,C - Low
FILIGREE HEART DAISY WHITE,1596.67,91.91508420836144,C - Low
FELT EGG COSY BLUE RABBIT ,1594.77,91.92312756703697,C - Low
ROUND STORAGE TIN VINTAGE LEAF,1593.58,91.93116492384587,C - Low
MINT GREEN ROSE TOWEL,1593.29,91.93920081801501,C - Low
SMALL REGAL  SILVER CANDLEPOT ,1593.16,91.94723605651807,C - Low
PACK OF 12 PINK POLKADOT TISSUES,1591.9399999999998,91.95526514184694,C - Low
SET OF 3 BIRD LIGHT PINK FEATHER ,1591.86,91.96329382368897,C - Low
BUDDHA INCENSE HOLDER ASSORTED,1590.6399999999999,91.97131635235685,C - Low
PACK OF 12 STICKY BUNNIES,1590.43,91.97933782187178,C - Low
MIRROR MOSAIC HURRICANE LAMP ,1589.98,91.98735702177328,C - Low
CHILDS GARDEN RAKE PINK,1589.41,91.99537334683112,C - Low
CHRISTMAS MUSICAL ZINC HEART ,1586.49,92.0033749446196,C - Low
CARAVAN SQUARE TISSUE BOX,1585.46,92.01137134751511,C - Low
SET/6 IVORY BIRD T-LIGHT CANDLES,1585.06,92.01936573297648,C - Low
SET 36 COLOUR PENCILS LOVE LONDON,1581.06,92.02733994409628,C - Low
ASSORTED COLOUR SILK COSMETIC PURSE,1579.68,92.03530719506826,C - Low
SET/10 IVORY SPOTTY PARTY CANDLES,1578.47,92.04326834330189,C - Low
POLKADOT COFFEE CUP & SAUCER PINK,1577.6200000000001,92.05122520448795,C - Low
BUTTERFLIES STICKERS,1576.84,92.0591781316774,C - Low
PENS ASSORTED FUNKY JEWELED ,1573.81,92.0671157768031,C - Low
HIPPY CHIC DECORATIVE PARASOL,1571.75,92.07504303214291,C - Low
SET/6 STRAWBERRY PAPER PLATES,1571.5,92.08296902658637,C - Low
FAIRY CAKES NOTEBOOK A7 SIZE,1567.97,92.0908772171734,C - Low
WRAP GREEN PEARS ,1567.86,92.09878485296602,C - Low
ROCOCO WALL MIRROR WHITE,1567.1399999999999,92.10668885737718,C - Low
ENGLISH ROSE EDWARDIAN PARASOL,1567.0,92.11459215568637,C - Low
BLACK CHERRY LIGHTS,1565.7,92.12248889733455,C - Low
CERAMIC BIRDHOUSE CRESTED TIT LARGE,1565.51,92.13038468070152,C - Low
PINK UNION JACK  LUGGAGE TAG,1562.87,92.13826714900306,C - Low
UNION STRIPE CUSHION COVER ,1562.33,92.14614689376846,C - Low
LOLITA  DESIGN  COTTON TOTE BAG,1560.85,92.1540191740275,C - Low
SET OF 36 DINOSAUR PAPER DOILIES,1560.82,92.16189130297899,C - Low
HANGING SPRING FLOWER EGG LARGE,1560.6299999999999,92.16976247364921,C - Low
TWO EMBOSSED HEART MINI DRAWERS,1558.94,92.17762512066017,C - Low
ENCHANTED BIRD PLANT CAGE,1558.39,92.18548499369913,C - Low
ROSE SCENT CANDLE JEWELLED DRAWER,1553.5,92.19332020360554,C - Low
SILK PURSE BABUSHKA BLUE,1552.3500000000001,92.20114961338875,C - Low
FOLDING UMBRELLA  PINK/WHITE  SPOT,1549.34,92.20896384197992,C - Low
LARGE STRIPES CHOCOLATE GIFT BAG,1549.31,92.21677791926354,C - Low
GARDEN PATH SKETCHBOOK,1548.47,92.22458775993542,C - Low
CHOCOLATE 1 WICK MORRIS BOX CANDLE,1547.1,92.23239069089531,C - Low
BLUE CUSHION COVER WITH FLOWER,1545.53,92.24018570342615,C - Low
MINI HIGHLIGHTER PENS,1544.52,92.24797562193572,C - Low
PANTRY PASTRY BRUSH,1543.77,92.25576175775628,C - Low
SET 12 PEAR BOTANICAL T-LIGHTS,1543.67,92.26354738921827,C - Low
METAL TUBE CHIME ON BAMBOO,1543.03,92.27132979278564,C - Low
PARTY PIZZA DISH RED RETROSPOT,1541.47,92.27910432835978,C - Low
BLACK MINI TAPE MEASURE ,1540.29,92.28687291250314,C - Low
SEASIDE STRIPE HAMMOCK,1538.79,92.29463393126842,C - Low
RED RETROSPOT BIG BOWL,1534.78,92.3023747252563,C - Low
GREEN FERN JOURNAL ,1534.19,92.31011254352879,C - Low
SET OF 4 SANTA PLACE SETTINGS,1531.95,92.31783906416999,C - Low
FROSTED BOX 9 WHITE T-LIGHT CANDLES,1531.3999999999999,92.32556281083923,C - Low
BLUE CALCULATOR RULER,1530.95,92.33328428789504,C - Low
SILK PURSE RUSSIAN DOLL PINK,1530.6200000000001,92.34100410056769,C - Low
VINTAGE KEEPSAKE BOX PARIS DAYS,1525.22,92.34869667787919,C - Low
ANGEL DECORATION PAINTED ZINC ,1522.52,92.35637563751015,C - Low
NATURAL BARK CANDLE LARGE,1522.28,92.36405338668064,C - Low
"SPRING DEC , HANGING CHICK  GREEN",1516.9199999999998,92.37170410223341,C - Low
SET/6 STRAWBERRY PAPER CUPS,1516.64,92.37935340558226,C - Low
"WHITE TEA,COFFEE,SUGAR JARS",1516.5,92.38700200282916,C - Low
BASKET OF FLOWERS SEWING KIT,1514.78,92.3946419251092,C - Low
RAIN PONCHO ,1514.63,92.40228109085142,C - Low
ANTIQUE GLASS RIDGED HANGING BALL,1513.6699999999998,92.40991541475167,C - Low
VINTAGE GLASS TEA CADDY,1511.3100000000002,92.41753783579037,C - Low
NOEL GARLAND PAINTED ZINC ,1511.05,92.4251589454969,C - Low
BATHROOM SET LOVE HEART DESIGN,1508.28,92.43276608447188,C - Low
ASSORTED MINI MADRAS NOTEBOOK,1507.74,92.44037049991074,C - Low
ROSE DU SUD DRAWSTRING BAG,1507.22,92.4479722926852,C - Low
GIANT BLACK SUNGLASSES,1503.6399999999999,92.45555602942397,C - Low
VINTAGE RED TRIM ENAMEL BOWL ,1501.03,92.46312660240486,C - Low
PINK  HEART CONFETTI IN TUBE,1495.6999999999998,92.47067029307561,C - Low
FOLDING BUTTERFLY MIRROR HOT PINK ,1495.24,92.47821166369707,C - Low
ETCHED GLASS STAR TREE DECORATION,1494.99,92.48575177342218,C - Low
VINTAGE RED MUG,1494.67,92.49329026919997,C - Low
LARGE TAHITI BEACH BAG,1492.28,92.50081671080869,C - Low
IVORY WICKER HEART SMALL,1491.75,92.50834047931714,C - Low
FRENCH BLUE METAL DOOR SIGN 2,1486.62,92.51583837423254,C - Low
RIBBONS PURSE ,1486.16,92.52333394909866,C - Low
BLUE WHITE SPOTS GARDEN PARASOL,1485.24,92.53082488386619,C - Low
CHRISTMAS TABLE SILVER CANDLE SPIKE,1483.61,92.53830759758955,C - Low
SILVER DIAMANTE PEN IN GIFT BOX,1483.51,92.54578980695439,C - Low
SET OF 4 FAIRY CAKES COASTERS ,1483.2,92.55327045280772,C - Low
WOODLAND BUNNIES LOLLY MAKERS,1482.41,92.56074711422862,C - Low
SMALL ROUND CUT GLASS CANDLESTICK,1479.51,92.56820914925189,C - Low
MINI JIGSAW PURDEY,1478.56,92.57566639286901,C - Low
SPACEBOY ROCKET LOLLY MAKERS,1475.03,92.58310583262971,C - Low
ASSORTED BOTTLE TOP  MAGNETS ,1474.52,92.59054270016185,C - Low
LILAC DIAMANTE PEN IN GIFT BOX,1473.56,92.59797472585201,C - Low
SILVER ROCCOCO CHANDELIER,1472.62,92.60540201057192,C - Low
WHITE HEART CONFETTI IN TUBE,1472.3,92.6128276813445,C - Low
YELLOW COAT RACK PARIS FASHION,1471.0900000000001,92.62024724937875,C - Low
SILVER MINI TAPE MEASURE ,1470.62,92.62766444692788,C - Low
POTTING SHED COFFEE MUG,1469.5800000000002,92.63507639914819,C - Low
WHITE TRAVEL ALARM CLOCK,1469.51,92.64248799831752,C - Low
ASSORTED FARMYARD ANIMALS IN BUCKET,1469.4999999999998,92.649899547051,C - Low
CARD PSYCHEDELIC APPLES,1468.53,92.65730620350666,C - Low
CHRISTMAS TREE DECORATION WITH BELL,1467.6599999999999,92.66470847204302,C - Low
CIRCUS PARADE CHILDRENS EGG CUP ,1465.26,92.67209863597444,C - Low
PINK POLKADOT CHILDRENS UMBRELLA,1464.29,92.67948390762803,C - Low
SET 12 COLOUR PENCILS LOVE LONDON,1463.0800000000002,92.68686307654328,C - Low
ASSORTED TUTTI FRUTTI HEART BOX,1461.47,92.69423412528606,C - Low
GLITTER CHRISTMAS HEART ,1460.86,92.70160209744175,C - Low
CARD HOLDER LOVE BIRD LARGE ,1460.5,92.7089682539067,C - Low
VINTAGE CARAVAN GIFT WRAP,1460.5,92.71633441037166,C - Low
SCHOOL DESK AND CHAIR ,1459.75,92.72369678414756,C - Low
PAPERWEIGHT VINTAGE COLLAGE,1459.37,92.73105724136103,C - Low
COUNTRY COTTAGE  DOORSTOP GREEN,1458.28,92.73841220106641,C - Low
BLUE FLYING SINGING CANARY,1456.94,92.74576040236738,C - Low
BUNNY WOODEN PAINTED WITH BIRD ,1456.6,92.75310688884932,C - Low
BOOM BOX SPEAKER GIRLS,1455.36,92.76044712128535,C - Low
KITCHEN FLOWER POTS WALL PLAQUE,1454.49,92.76778296580208,C - Low
GLASS SPHERE CANDLE STAND MEDIUM,1453.4,92.77511331281075,C - Low
SMALL CHOCOLATES PINK BOWL,1453.16,92.78244244935892,C - Low
GOLD MINI TAPE MEASURE ,1452.2,92.78976674406512,C - Low
COSY SLIPPER SHOES SMALL GREEN,1451.8500000000001,92.79708927351643,C - Low
RED SHARK HELICOPTER,1451.69,92.80441099599409,C - Low
ANGEL DECORATION WITH LACE PADDED,1451.3999999999999,92.81173125583196,C - Low
DRAWER KNOB CERAMIC BLACK,1448.6699999999998,92.81903774668174,C - Low
PAPERWEIGHT CHILDHOOD MEMORIES,1448.52,92.8263434809937,C - Low
GINGHAM ROSE WRAP,1445.98,92.83363640459876,C - Low
SPOTS DESIGN MUG W PINK INSIDE,1445.78,92.84092831948675,C - Low
MOODY BOY  DOOR HANGER ,1445.37,92.84821816650472,C - Low
IVORY STRING CURTAIN WITH POLE ,1445.05,92.85550639957538,C - Low
FRENCH ENAMEL UTENSIL HOLDER,1442.94,92.86278399068085,C - Low
ORANGE TV TRAY TABLE ,1442.3899999999999,92.87005880781436,C - Low
ZINC  STAR T-LIGHT HOLDER ,1441.43,92.87732878310588,C - Low
CARD SUKI BIRTHDAY,1434.9,92.8845658237848,C - Low
DECORATION WHITE CHICK MAGIC GARDEN,1434.6599999999999,92.89180165400323,C - Low
200 BENDY SKULL STRAWS,1432.82,92.89902820402453,C - Low
DINOSAUR LUNCHBOX WITH CUTLERY,1429.8999999999999,92.90624002677647,C - Low
MOTORING TISSUE BOX,1429.8700000000001,92.91345169822088,C - Low
SMALL STRIPES CHOCOLATE GIFT BAG ,1427.11,92.92064944936959,C - Low
MAGNETS PACK OF 4 RETRO PHOTO,1427.08,92.92784704921073,C - Low
BLACK GRAND BAROQUE PHOTO FRAME,1426.34,92.9350409167987,C - Low
SMALL RETRO SPOT MUG IN BOX  WHITE,1426.13,92.94223372523372,C - Low
RED RETROSPOT TISSUE BOX,1424.16,92.94941659780554,C - Low
SKULLS WRAP,1424.0,92.95659866340368,C - Low
FOLKART HEART NAPKIN RINGS,1423.63,92.96377886287523,C - Low
BLUE PAISLEY SKETCHBOOK,1422.46,92.97095316135187,C - Low
WHITE CHRISTMAS STAR DECORATION,1422.45,92.97812740939266,C - Low
LARGE PINK GLASS SUNDAE DISH,1422.0,92.98529938782002,C - Low
BEADED CHANDELIER T-LIGHT HOLDER,1420.97,92.99246617135441,C - Low
DAIRY MAID SUGAR JAM BOWL,1419.71,92.99962659997124,C - Low
SET OF 3 GOLD FLYING DUCKS,1419.51,93.00678601987099,C - Low
HANGING HEN ON NEST DECORATION,1418.82,93.0139419596968,C - Low
"BIRTHDAY CARD, RETRO SPOT",1418.12,93.02109436901284,C - Low
PAPER POCKET TRAVELING FAN ,1416.2600000000002,93.02823739726006,C - Low
BLUE CHARLIE+LOLA PERSONAL DOORSIGN,1415.69,93.03537755066361,C - Low
RETRO SPOT PARTY BAG + STICKER SET,1412.25,93.04250035413341,C - Low
VINTAGE RED ENAMEL TRIM PLATE,1406.2999999999997,93.04959314827012,C - Low
ASS FLORAL PRINT MULTI SCREWDRIVER,1405.51,93.05668195797438,C - Low
PACK OF 6 LARGE FRUIT STRAWS ,1401.7,93.06375155161827,C - Low
TOAST ITS - HAPPY BIRTHDAY,1398.71,93.07080606494186,C - Low
WAY OUT METAL SIGN ,1398.1799999999998,93.07785790516519,C - Low
EIGHT PIECE SNAKE  SET,1396.6200000000001,93.0849018773953,C - Low
IVORY CHANDELIER T-LIGHT HOLDER,1395.18,93.09193858686245,C - Low
PINK WHITE SPOTS GARDEN PARASOL,1394.7,93.0989728754086,C - Low
LARGE YELLOW BABUSHKA NOTEBOOK ,1393.45,93.10600085947303,C - Low
CANDY SPOT CUSHION COVER,1392.64,93.11302475823328,C - Low
ENVELOPE 50 BLOSSOM IMAGES,1390.3899999999999,93.12003730892641,C - Low
ASSORTED FLORAL SECATEURS,1389.44,93.1270450682134,C - Low
BLUE POLKADOT KIDS BAG,1389.06,93.13405091093796,C - Low
FRENCH BLUE METAL DOOR SIGN No,1388.45,93.14105367707542,C - Low
HERB MARKER ROSEMARY,1386.65,93.14804736475917,C - Low
IVORY LOVE BIRD CANDLE,1385.82,93.15503686626705,C - Low
CHRISTMAS TREE PAINTED ZINC ,1385.46,93.16202455208419,C - Low
RED SPOTTY LUGGAGE TAG,1385.3,93.16901143092767,C - Low
PACK OF 12 VINTAGE CHRISTMAS TISSUE,1384.9099999999999,93.17599634277285,C - Low
DECORATION  BUTTERFLY  MAGIC GARDEN,1382.96,93.18297141962651,C - Low
6 HOOK JEWELLERY STAND BLACK DRESS,1380.52,93.18993419013182,C - Low
IVORY CAFE HANGING LAMP ,1380.42,93.1968964562786,C - Low
ZINC BOX SIGN HOME,1378.75,93.20385029963775,C - Low
PINK/WHITE RIBBED MELAMINE JUG,1378.26,93.21080167164007,C - Low
GLITTER SNOW PEAR TREE DECORATION,1373.8,93.21773054925154,C - Low
WOVEN BERRIES CUSHION COVER ,1373.36,93.22465720768544,C - Low
PINK SWEETHEART BRACELET,1372.26,93.23157831817541,C - Low
MR ROBOT SOFT TOY,1371.42,93.23849519205366,C - Low
WALL ART VILLAGE SHOW ,1369.71,93.24540344140088,C - Low
BLUE ROSE FABRIC MIRROR,1368.91,93.25230765587979,C - Low
TRAVEL CARD WALLET TRANSPORT,1368.28,93.2592086928999,C - Low
DANISH ROSE ROUND SEWING BOX,1368.26,93.2661096290483,C - Low
MULTICOLOUR HONEYCOMB FAN,1368.04,93.27300945560792,C - Low
RED  SPOTTY COFFEE  MUG,1367.79,93.27990802127117,C - Low
FUNKY FLOWER PICNIC BAG FOR 4,1367.51,93.28680517473053,C - Low
PINK AND WHITE CHRISTMAS TREE 120CM,1366.48,93.29369713329694,C - Low
BEACH HUT KEY CABINET,1366.17,93.30058752835187,C - Low
WRAP PAISLEY PARK ,1365.0,93.3074720224119,C - Low
HERB MARKER THYME,1363.38,93.31434834586358,C - Low
REINDEER HEART DECORATION SILVER,1363.04,93.32122295449622,C - Low
"WRAP,SUKI AND FRIENDS",1363.0,93.32809736138546,C - Low
VINTAGE BEAD COSMETIC BAG ,1362.8999999999999,93.33497126391615,C - Low
POLKADOT RAIN HAT ,1360.83,93.34183472622507,C - Low
BLUE KASHMIRI COFFEE TABLE ,1359.95,93.34869375017885,C - Low
EGG CUP NATURAL CHICKEN,1357.7,93.35554142606551,C - Low
SMALL MEDINA STAMPED METAL BOWL ,1357.61,93.3623886480295,C - Low
CARD HOLDER LOVE BIRD SMALL,1355.24,93.36922391669607,C - Low
PINK PAISLEY ROSE GIFT WRAP,1354.0,93.37605293131679,C - Low
CLEAR COLOUR GLASS GEMS IN BAG,1351.1799999999998,93.38286772302669,C - Low
PARTY INVITES DINOSAURS,1348.56,93.38966930054285,C - Low
TOP SECRET PEN SET,1348.36,93.39646986934194,C - Low
RETRO SPOT CERAMIC TOASTRACK,1346.0800000000002,93.40325893876634,C - Low
GREEN FERN SKETCHBOOK ,1343.79,93.41003645838019,C - Low
GLITTER CHRISTMAS TREE WITH BELLS,1343.7,93.41681352407136,C - Low
HANGING CHICK GREEN DECORATION,1343.28,93.42358847145668,C - Low
 3 STRIPEY MICE FELTCRAFT,1342.03,93.43035711436025,C - Low
JUNGLE POPSICLES ICE LOLLY MOULDS,1338.8700000000001,93.43710981953399,C - Low
BLUE  SPOTTY EGG CUP ,1338.3600000000001,93.44385995247916,C - Low
PINK HEARTS PAPER GARLAND,1337.59,93.45060620186358,C - Low
JAZZ HEARTS MEMO PAD,1334.1100000000001,93.45733489957085,C - Low
BLACK EAR MUFF HEADPHONES,1333.96,93.4640628407403,C - Low
RECYCLED PENCIL WITH RABBIT ERASER,1333.95,93.47079073147391,C - Low
"GARLAND, MAGIC GARDEN 1.8M",1332.36,93.47751060290673,C - Low
SET/3 POLKA DOT STACKING TINS,1331.76,93.48422744818834,C - Low
RABBIT  DESIGN  COTTON TOTE BAG,1329.6299999999999,93.49093355063303,C - Low
WALL ART VINTAGE HEART,1329.54,93.49763919915505,C - Low
YELLOW POT PLANT CANDLE,1329.4900000000002,93.50434459549778,C - Low
PIN CUSHION BABUSHKA PINK,1329.48,93.51104994140469,C - Low
YULETIDE IMAGES GIFT WRAP SET,1327.68,93.51774620885787,C - Low
WRAP VINTAGE PETALS  DESIGN,1327.5,93.5244415684657,C - Low
DECORATIVE FLORE BATHROOM BOTTLE,1326.29,93.5311308253352,C - Low
RED/CREAM STRIPE CUSHION COVER ,1325.27,93.5378149377476,C - Low
PAPER LANTERN 9 POINT SNOW STAR ,1325.03,93.5444978396995,C - Low
MILK PAN PINK POLKADOT,1325.01,93.5511806407797,C - Low
ROMANTIC IMAGES GIFT WRAP SET,1323.51,93.55785587648182,C - Low
FRIDGE MAGNETS LA VIE EN ROSE,1323.4199999999998,93.56453065826126,C - Low
HERB MARKER PARSLEY,1322.8600000000001,93.57120261563286,C - Low
COSY SLIPPER SHOES SMALL  RED ,1322.63,93.57787341297981,C - Low
PINK DOG BOWL,1320.5700000000002,93.58453382054087,C - Low
RED SPOTTY WASHBAG,1319.96,93.59119115151483,C - Low
BUNNY EGG BOX,1319.09,93.59784409456951,C - Low
RED DRAGONFLY HELICOPTER,1317.92,93.60449113662929,C - Low
BLUE SCANDINAVIAN PAISLEY WRAP,1317.5,93.61113606038319,C - Low
RED CHARLIE+LOLA PERSONAL DOORSIGN,1316.48,93.61777583968001,C - Low
FRIDGE MAGNETS LES ENFANTS ASSORTED,1314.8899999999999,93.62440759967603,C - Low
DOLLY GIRL CHILDRENS EGG CUP,1313.86,93.63103416477911,C - Low
GARDEN PATH POCKET BOOK,1313.66,93.63765972116511,C - Low
BEACH HUT DESIGN BLACKBOARD,1313.52,93.64428457144915,C - Low
VINTAGE CHRISTMAS PAPER GIFT BAG,1313.3899999999999,93.65090876606709,C - Low
PINK/WHITE CHRISTMAS TREE 60CM,1312.2,93.65752695881841,C - Low
HOME SWEET HOME 2 DRAWER CABINET,1311.48,93.66414152018827,C - Low
BLACK TEA TOWEL CLASSIC DESIGN,1309.81,93.6707476587705,C - Low
FRENCH STYLE EMBOSSED HEART CABINET,1309.3899999999999,93.67735167904686,C - Low
PINK HEART CANDY BUTTON CALCULATOR,1308.74,93.68395242099272,C - Low
HANGING BAUBLE T-LIGHT HOLDER SMALL,1308.5900000000001,93.69055240640078,C - Low
CLEAR MILKSHAKE GLASS,1308.15,93.69715017263125,C - Low
STRAWBERRIES  DESIGN FLANNEL ,1307.1,93.7037426430971,C - Low
MINI CAKE STAND T-LIGHT HOLDER,1306.09,93.71033001954167,C - Low
WOVEN BUBBLE GUM CUSHION COVER,1303.88,93.71690624966253,C - Low
SET/4 BADGES BALLOON GIRL,1303.27,93.72347940319631,C - Low
GREEN MINI TAPE MEASURE ,1301.72,93.73004473917273,C - Low
DOOR HANGER  MUM + DADS ROOM,1299.55,93.73659913056885,C - Low
SET/6 PINK BIRD T-LIGHT CANDLES,1296.36,93.74313743292755,C - Low
MIRROR MOSAIC GOBLET CANDLE HOLDER,1294.7,93.74966736293452,C - Low
RETRO PLASTIC ELEPHANT TRAY,1293.76,93.75619255197122,C - Low
JIGSAW TOADSTOOLS 3 PIECE,1292.59,93.76271184001301,C - Low
EASTER DECORATION EGG BUNNY ,1291.47,93.76922547923915,C - Low
SNOWSTORM PHOTO FRAME FRIDGE MAGNET,1291.3799999999999,93.77573866454262,C - Low
ORANGE SCENTED SET/9 T-LIGHTS,1291.09,93.78225038720632,C - Low
FELT FARM ANIMAL RABBIT,1291.05,93.7887619081266,C - Low
SET 4 NURSERY DES ROUND BOXES,1289.31,93.79526465320829,C - Low
TALL ROCOCO CANDLE HOLDER,1289.24,93.80176704523902,C - Low
PACK 6 HEART/ICE-CREAM PATCHES,1287.54,93.80826086317458,C - Low
JARDIN ETCHED GLASS FRUITBOWL,1286.44,93.8147491331662,C - Low
PINK HEART SHAPE PHOTO FRAME,1285.9099999999999,93.82123473005758,C - Low
LAVENDER INCENSE IN TIN,1285.8899999999999,93.82772022607723,C - Low
3D SHEET OF DOG STICKERS,1285.87,93.83420562122521,C - Low
CHRISTMAS DECOUPAGE CANDLE,1283.1299999999999,93.84067719694917,C - Low
CANDY POP CHUNKY KNITTED THROW ,1282.9,93.84714761264851,C - Low
METAL SIGN CUPCAKE SINGLE HOOK,1281.86,93.85361278301905,C - Low
SWALLOW SQUARE TISSUE BOX,1281.75,93.8600773985952,C - Low
MINI JIGSAW BAKE A CAKE ,1281.49,93.8665407028391,C - Low
CANDLE PLATE LACE WHITE,1279.79,93.87299543298788,C - Low
DANISH ROSE BEDSIDE CABINET,1278.3500000000001,93.8794429003737,C - Low
PINK POLKADOT KIDS BAG,1275.31,93.8858750352599,C - Low
SKULLS STORAGE BOX LARGE,1274.93,93.89230525358367,C - Low
METAL WALL SHELF UNIT WITH HOOKS,1274.47,93.89873315185815,C - Low
MARIE ANTOINETTE TRINKET BOX SILVER,1273.76,93.90515746918702,C - Low
RETRO SPOTS PUDDING BOWL,1273.26,93.91157926472319,C - Low
RATTLE SNAKE EGGS,1271.66,93.91799299052272,C - Low
VINTAGE BEAD PINK PURSE ,1270.93,93.92440303450492,C - Low
CERAMIC BIRDHOUSE RED ROOF SMALL,1270.39,93.930810354951,C - Low
BLACK BAROQUE WALL CLOCK ,1268.6599999999999,93.93720894999437,C - Low
SILVER VANILLA  FLOWER CANDLE POT,1268.12,93.94360482150162,C - Low
3D STICKERS VINTAGE CHRISTMAS,1268.0,93.95000008777863,C - Low
CHRYSANTHEMUM SKETCHBOOK ,1265.06,93.95638052591457,C - Low
CHRYSANTHEMUM NOTEBOOK,1262.7,93.96274906118899,C - Low
FOLDING UMBRELLA  CREAM/MULTI  SPOT,1260.25,93.9691052396792,C - Low
VINTAGE EMBOSSED HEART,1257.68,93.97544845615495,C - Low
PARTY INVITES JAZZ HEARTS,1256.27,93.9817845611753,C - Low
ANTIQUE GLASS PLACE SETTING,1256.21,93.98812036358053,C - Low
UNION FLAG WINDSOCK,1255.97,93.99445495552527,C - Low
HERB MARKER MINT,1255.44,94.00078687436975,C - Low
GOLD WINE GLASS,1255.08,94.00711697752348,C - Low
SMALLFOLKART BAUBLE CHRISTMAS DEC,1254.9,94.01344617283183,C - Low
SET OF 4 KNICK KNACK TINS LEAVES ,1253.7800000000002,94.01976971932457,C - Low
POSY CANDY BAG,1252.92,94.02608892833388,C - Low
EMBROIDERED RIBBON REEL EMILY ,1252.01,94.03240354768046,C - Low
BLUE KASHMIRI OCCASIONAL TABLE,1249.45,94.03870525544843,C - Low
"BLACK TEA,COFFEE,SUGAR JARS",1248.98,94.04500459273129,C - Low
POCKET BAG PINK PAISELY BROWN SPOT,1248.74,94.05130271955363,C - Low
CERAMIC BOWL WITH LOVE HEART DESIGN,1248.15,94.05759787066059,C - Low
SILK PURSE RUSSIAN DOLL BLUE,1245.93,94.06388182500798,C - Low
PAPERWEIGHT SAVE THE PLANET,1245.52,94.07016371148538,C - Low
GLASS CAKE STAND MIRRORED BASE,1244.81,94.07644201701713,C - Low
75 GREEN FAIRY CAKE CASES,1243.99,94.08271618680885,C - Low
SET OF 6 T-LIGHTS EASTER CHICKS,1243.88,94.0889898018062,C - Low
CRAZY DAISY HEART DECORATION,1243.68,94.09526240808647,C - Low
RETRO MOD TRAY,1242.96,94.10153138298526,C - Low
BLACK CHAMPAGNE GLASS,1240.83,94.10778961504715,C - Low
GIANT SEVENTEEN DRAWER SIDEBOARD,1240.0,94.11404366093318,C - Low
MINI JIGSAW BUNNIES,1239.62,94.12029579025676,C - Low
SMALL RETRO SPOT MUG IN BOX  RED,1238.54,94.1265424725081,C - Low
GIN AND TONIC DIET METAL SIGN,1237.5,94.13278390943066,C - Low
HANGING ENGRAVED METAL HEART,1236.66,94.13902110974148,C - Low
SILVER RETRODISC LAMPSHADE,1234.27,94.1452462558832,C - Low
ASSORTED COLOUR SET 6 TEASPOONS,1232.02,94.15146005395779,C - Low
SINGLE WIRE HOOK IVORY HEART,1231.51,94.15767127980385,C - Low
PIN CUSHION RUSSIAN DOLL RED,1230.67,94.16387826903818,C - Low
PINK PAISLEY CUSHION COVER ,1230.39,94.1700838460686,C - Low
FRENCH BLUE METAL DOOR SIGN 3,1230.38,94.17628937266315,C - Low
TUB 24 HANGING EASTER EGGS SPOTTY,1229.8200000000002,94.18249207484988,C - Low
SCOTTIES CHILDRENS APRON,1228.82,94.18868973345123,C - Low
HERB MARKER CHIVES ,1226.72,94.19487680052325,C - Low
BLUE DRAGONFLY HELICOPTER,1226.51,94.20106280844234,C - Low
SET OF PICTURE FRAME  STICKERS,1225.17,94.207242057957,C - Low
RED POLKA DOT TISSUE BOX,1224.89,94.21341989526778,C - Low
TEATIME PEN CASE & PENS,1223.5,94.21959072199483,C - Low
STANDING METAL RABBIT WITH EGG,1223.02,94.22575912780088,C - Low
PINK STITCHED WALL CLOCK,1221.96,94.23192218740645,C - Low
IVORY WIRE KITCHEN ORGANISER,1220.8200000000002,94.23807949732466,C - Low
T-LIGHT HOLDER WHITE LACE,1215.83,94.24421163975175,C - Low
PAPER BUNTING VINTAGE PARTY,1215.53,94.25034226910324,C - Low
DOORMAT BIRD ON THE WIRE,1213.8700000000001,94.25646452610299,C - Low
BLUE POLKADOT WASHING UP GLOVES,1212.46,94.26257967164732,C - Low
SET OF THREE 50'S GIFT WRAPS ,1210.6,94.26868543612284,C - Low
FRENCH BLUE METAL DOOR SIGN 5,1210.34,94.27478988926613,C - Low
JIGSAW RABBIT AND BIRDHOUSE,1210.11,94.28089318238479,C - Low
DANISH ROSE FOLDING CHAIR,1210.0,94.28699592070906,C - Low
BEACH HUT SHELF W 3 DRAWERS,1208.06,94.29308887447766,C - Low
EASTER DECORATION NATURAL CHICK,1207.8000000000002,94.29918051691406,C - Low
SMALL LICORICE DES PINK BOWL,1205.61,94.30526111389845,C - Low
RED SPOTTY EGG CUP ,1205.25,94.31133989519212,C - Low
CHRYSANTHEMUM  JOURNAL,1201.6799999999998,94.31740067088592,C - Low
HOUSE WRECKING METAL SIGN ,1201.52,94.32346063960605,C - Low
COLOURFUL STANDING GNOME,1200.93,94.32951763261082,C - Low
FELT FARM ANIMAL CHICKEN,1200.07,94.33557028813215,C - Low
Next Day Carriage,1200.0,94.3416225906025,C - Low
WHITE STITCHED CUSHION COVER,1199.66,94.34767317825381,C - Low
STARS GIFT TAPE ,1199.48,94.35372285805975,C - Low
DRAWER KNOB VINTAGE GLASS STAR,1198.96,94.3597699152013,C - Low
PIN CUSHION BABUSHKA RED,1196.0600000000002,94.3658023459452,C - Low
MAGNETS PACK OF 4 VINTAGE LABELS ,1195.8899999999999,94.37183391927958,C - Low
LARGE ENGLISH ARBORETUM,1195.15,94.37786176036077,C - Low
BEADED CRYSTAL HEART PINK SMALL,1193.56,94.3838815821412,C - Low
  DOORMAT UNION JACK GUNS AND ROSES,1193.31,94.38990014302526,C - Low
PINK NEW BAROQUECANDLESTICK CANDLE,1193.0,94.39591714039787,C - Low
MARIE ANTOINETTE TRINKET BOX GOLD,1192.6,94.40193212033631,C - Low
MILK PAN BLUE RETROSPOT,1192.13,94.40794472978963,C - Low
MIRROR MOSAIC T-LIGHT HOLDER ,1191.69,94.41395512006537,C - Low
FENG SHUI PILLAR CANDLE,1190.92,94.41996162678036,C - Low
PINK SMALL GLASS CAKE STAND,1189.23,94.42595960983606,C - Low
3D STICKERS TRADITIONAL CHRISTMAS ,1187.0,94.4319463456963,C - Low
ASS FLORAL PRINT SCISSORS,1186.9,94.437932577198,C - Low
SET/3 POT PLANT CANDLES,1185.07,94.44390957893846,C - Low
SET OF 3 DANISH ROSE PLANTERS,1183.8200000000002,94.44988027619716,C - Low
CHEST 7 DRAWER MA CAMPAGNE,1182.78,94.45584572812706,C - Low
WALL ART LOVES' SECRET ,1180.35,94.46179892414447,C - Low
MUSICAL ZINC HEART DECORATION ,1179.59,94.46774828703697,C - Low
WHITE CHRISTMAS HEART DECORATION,1179.4299999999998,94.4736968429558,C - Low
LARGE CHUNKY GLASS ROMAN BOWL,1179.17,94.47964408754244,C - Low
DAIRY MAID TOASTRACK,1178.5,94.48558795292686,C - Low
BEADED PEARL HEART WHITE LARGE,1176.29,94.49152067198756,C - Low
CHERUB HEART DECORATION SILVER ,1176.1699999999998,94.49745278581803,C - Low
FLYING PIG WATERING CAN,1175.93,94.503383689188,C - Low
BLUE POLKADOT BEAKER ,1174.1599999999999,94.50930566541182,C - Low
CUPID DESIGN SCENTED CANDLES,1174.01,94.51522688509783,C - Low
NATURAL HANGING QUILTED HEARTS ,1171.23,94.52113408361646,C - Low
BIRD DECORATION RED RETROSPOT,1170.3999999999999,94.52703709595919,C - Low
BIRD DECORATION RED SPOT,1169.55,94.53293582125436,C - Low
BIRTHDAY BANQUET GIFT WRAP,1166.3,94.538818154897,C - Low
LAVENDER TOILETTE BOTTLE,1166.0,94.54469897546402,C - Low
EMBROIDERED RIBBON REEL DAISY ,1164.98,94.55057465157394,C - Low
BLUE TV TRAY TABLE ,1164.04,94.5564455867136,C - Low
ASSORTED TUTTI FRUTTI BRACELET,1163.8,94.56231531139275,C - Low
MINI PLAYING CARDS DOLLY GIRL ,1163.45,94.56818327081702,C - Low
ASSORTED TUTTI FRUTTI PHOTO FRAME,1162.89,94.57404840583348,C - Low
SET/4 COLOURFUL MIXING BOWLS,1160.56,94.57990178929596,C - Low
SMALL POLKADOT CHOCOLATE GIFT BAG ,1159.44,94.58574952394282,C - Low
6 CROCHET STRAWBERRIES,1158.28,94.59159140803062,C - Low
VINTAGE WOODEN BAR STOOL,1157.8999999999999,94.59743137555596,C - Low
EGG CUP MILKMAID HEIDI,1156.93,94.60326645080347,C - Low
MINI PLAYING CARDS BUFFALO BILL ,1155.67,94.6090951711334,C - Low
SET OF 2 CERAMIC CHRISTMAS TREES,1152.98,94.61491032421863,C - Low
FELT FARM ANIMAL WHITE BUNNY ,1152.22,94.62072164417894,C - Low
FLORAL BATHROOM SET,1149.73,94.62652040561164,C - Low
SET OF 6 T-LIGHTS WEDDING CAKE ,1149.02,94.6323155860987,C - Low
12 ASS ZINC CHRISTMAS DECORATIONS,1148.0500000000002,94.63810587430793,C - Low
CARD PARTY GAMES ,1147.77,94.64389475031327,C - Low
GREEN GOOSE FEATHER CHRISTMAS TREE ,1146.1200000000001,94.64967530440269,C - Low
SMALL CHUNKY GLASS ROMAN  BOWL,1146.11,94.65545580805626,C - Low
PACK OF 12 CIRCUS PARADE TISSUES ,1145.8799999999999,94.66123515168519,C - Low
SET/12 TAPER CANDLES,1145.76,94.66701389008388,C - Low
CUBIC MUG BLUE POLKA DOT,1145.26,94.67279010668989,C - Low
BOTANICAL ROSE GIFT WRAP,1144.3,94.6785614814539,C - Low
PINK POT PLANT CANDLE,1143.97,94.68433119183473,C - Low
BLACK SMALL GLASS CAKE STAND,1142.02,94.69009106722406,C - Low
CARD CAT AND TREE ,1141.36,94.69584761384702,C - Low
CUSHION COVER PINK UNION JACK,1140.27,94.7015986629619,C - Low
MIRRORED WALL ART PHOTO FRAMES,1140.0,94.70734835030873,C - Low
PAPER LANTERN 9 POINT SNOW STAR,1139.5800000000002,94.71309591934968,C - Low
FRYING PAN BLUE POLKADOT ,1139.16,94.71884137008479,C - Low
GREEN JUICY FRUIT PHOTO FRAME,1139.07,94.72458636689721,C - Low
BLACK SILVER FLOWER T-LIGHT HOLDER,1138.04,94.73032616881667,C - Low
3D STICKERS CHRISTMAS STAMPS,1137.0,94.73606072540733,C - Low
SKULLS DESIGN FLANNEL,1136.28,94.7417916506165,C - Low
WHITE WITH BLACK CATS MUG,1134.68,94.74751450608905,C - Low
JIGSAW TREE WITH WATERING CAN,1134.6399999999999,94.75323715981817,C - Low
CARD WEDDING DAY,1133.93,94.75895623260168,C - Low
HEART T-LIGHT HOLDER,1133.68,94.76467404448883,C - Low
CHRISTMAS MUSICAL ZINC TREE,1131.85,94.77038262661472,C - Low
CERAMIC STRAWBERRY TRINKET TRAY,1131.37,94.77608878781962,C - Low
PERIWINKLE T-LIGHT HOLDER,1131.14,94.78179378899988,C - Low
"RIBBON REEL, XMAS SOCK/BAUBLE",1131.0,94.78749808407818,C - Low
MINI PLAYING CARDS SPACEBOY ,1129.1200000000001,94.79319289721596,C - Low
FELT TOADSTOOL  SMALL,1127.11,94.79887757274707,C - Low
"WRAP, BILLBOARD FONTS DESIGN",1126.22,94.80455775948721,C - Low
MODERN VINTAGE COTTON SHOPPING BAG,1125.85,94.81023608010074,C - Low
GREEN CAT FLORAL CUSHION COVER ,1125.05,94.81591036584597,C - Low
RED FLOCK LOVE HEART PHOTO FRAME,1122.6499999999999,94.82157254698625,C - Low
BIRDCAGE DECORATION TEALIGHT HOLDER,1122.01,94.82723150023187,C - Low
CARD GINGHAM ROSE ,1121.29,94.83288682209601,C - Low
YELLOW SHARK HELICOPTER,1121.28,94.83854209352432,C - Low
ASSORTED COLOUR SILK GLASSES CASE,1120.96,94.84419575100529,C - Low
3D SHEET OF CAT STICKERS,1119.09,94.84983997698157,C - Low
MINI PLAYING CARDS GYMKHANA,1118.8,94.8554827403181,C - Low
 TRELLIS COAT RACK,1118.6100000000001,94.8611245453734,C - Low
ASSORTED LAQUERED INCENSE HOLDERS,1117.0900000000001,94.8667586841789,C - Low
"DECORATION , WOBBLY CHICKEN, METAL ",1116.61,94.8723904020634,C - Low
SMALL RED SPOT  WINDMILL,1116.44,94.8780212625384,C - Low
ETCHED GLASS BIRD TREE DECORATION,1114.76,94.88364364978995,C - Low
EMBROIDERED RIBBON REEL SUSIE ,1114.26,94.8892635152488,C - Low
SCOTTIE DOGS BABY BIB,1113.9099999999999,94.89488161545275,C - Low
ENGLISH ROSE SPIRIT LEVEL ,1113.07,94.90049547904498,C - Low
RED HEART LUGGAGE TAG,1111.89,94.90610339120644,C - Low
 CHERRY BLOSSOM  DECORATIVE FLASK,1111.67,94.91171019377913,C - Low
HANGING QUILTED PATCHWORK APPLES,1108.58,94.91730141167294,C - Low
CLASSICAL ROSE SMALL VASE,1108.28,94.92289111649114,C - Low
FOLDING UMBRELLA BLACKBLUE POLKADOT,1107.94,94.92847910649031,C - Low
FRUIT TREE AND BIRDS WALL PLAQUE,1106.16,94.93405811890749,C - Low
KITTENS DESIGN FLANNEL,1106.01,94.93963637478684,C - Low
METAL SIGN HIS DINNER IS SERVED,1103.88,94.94520388782931,C - Low
DOLLY HONEYCOMB GARLAND,1103.48,94.95076938343763,C - Low
SMALL KITCHEN FLOWER POTS PLAQUE,1101.55,94.95632514492614,C - Low
50'S CHRISTMAS PAPER GIFT BAG,1100.6899999999998,94.96187656893123,C - Low
PINK FAIRY CAKE COASTER,1099.88,94.96742390763212,C - Low
WRAP WEDDING DAY,1099.58,94.9729697332574,C - Low
FRENCH BLUE METAL DOOR SIGN 4,1099.34,94.9785143484222,C - Low
GOLD STANDING GNOME,1098.86,94.984056542666,C - Low
MA CAMPAGNE MINI WOODEN CHEST,1097.8000000000002,94.98959339070929,C - Low
FLOOR LAMP SHADE WOOD BASE,1097.48,94.99512862480526,C - Low
MINI PAINTED GARDEN DECORATION ,1096.56,95.00065921880265,C - Low
CUBIC MUG FLOCK BLUE ON BROWN,1095.85,95.00618623185444,C - Low
SET/3 TALL GLASS CANDLE HOLDER PINK,1095.35,95.01171072311352,C - Low
TRAVEL CARD WALLET UNION JACK,1094.93,95.01723309606673,C - Low
PINK ROSE FABRIC MIRROR,1093.14,95.0227464410021,C - Low
S/16 VINTAGE SKY BLUE CUTLERY,1092.42,95.02825615455599,C - Low
CANDY SPOT EGG WARMER HARE,1091.21,95.03375976537156,C - Low
ZINC  HEART T-LIGHT HOLDER,1090.66,95.03926060221515,C - Low
BLUE PAISLEY POCKET BOOK,1089.73,95.04475674852432,C - Low
GLITTER HEART DECORATION,1088.5900000000001,95.05024714514614,C - Low
PRETTY HANGING QUILTED HEARTS,1088.36,95.05573638174334,C - Low
PINK JUICY FRUIT PHOTO FRAME,1087.73,95.06122244088174,C - Low
MUMMY MOUSE RED GINGHAM RIBBON,1085.5900000000001,95.06669770674738,C - Low
3 WICK CHRISTMAS BRIAR CANDLE ,1083.36,95.07216172541762,C - Low
I LOVE LONDON BEAKER,1077.3,95.07759517996037,C - Low
GLITTER CHRISTMAS TREE,1077.19,95.08302807970874,C - Low
FOLDING UMBRELLA CREAM POLKADOT,1076.23,95.08845613761513,C - Low
VINTAGE PINK DECORATIVE PARASOL,1076.22,95.09388414508565,C - Low
SILVER HEARTS TABLE DECORATION,1075.03,95.09930615068957,C - Low
BLUE  DIAMANTE PEN IN GIFT BOX,1072.98,95.10471781694343,C - Low
FRENCH LAVENDER SCENT HEART,1070.29,95.11011591595259,C - Low
VINTAGE SHELLS PRINT,1069.76,95.1155113418615,C - Low
LARGE ROUND CUTGLASS CANDLESTICK,1069.16,95.12090374161917,C - Low
EIGHT PIECE CREEPY CRAWLIE SET,1068.89,95.12629477960878,C - Low
DECORATIVE WICKER HEART SMALL,1062.28,95.13165247949895,C - Low
BEADED CRYSTAL HEART PINK ON STICK,1061.4099999999999,95.13700579146982,C - Low
EASTER TIN CHICKS PINK DAISY,1060.85,95.1423562790329,C - Low
POLKA DOT PEN,1060.8,95.14770651441667,C - Low
MAGIC DRAWING SLATE LEAP FROG ,1060.78,95.15305664892877,C - Low
4 IVORY DINNER CANDLES GOLD FLOCK,1060.19,95.15840380772546,C - Low
ASSORTED EASTER DECORATIONS  BELLS,1059.8500000000001,95.16374925170314,C - Low
DRAWER KNOB CERAMIC RED,1058.8999999999999,95.16908990427467,C - Low
SET OF 3 CONEY ISLAND OVAL BOXES,1058.72,95.17442964900084,C - Low
TRAVEL CARD WALLET SUKI,1058.64,95.17976899024019,C - Low
EMBROIDERED RIBBON REEL SOPHIE  ,1058.6,95.18510812973612,C - Low
WHITE BAROQUE WALL CLOCK ,1058.17,95.19044510049034,C - Low
VINTAGE BEAD PINK SCARF ,1057.62,95.19577929727258,C - Low
WHITE BITTY LIGHT CHAIN ,1056.6,95.20110834959773,C - Low
DOLLY GIRL WALL ART,1055.94,95.20643407315652,C - Low
POP ART PEN CASE & PENS,1054.7,95.21175354266941,C - Low
BLUE POLKADOT COFFEE MUG,1054.46,95.21707180172181,C - Low
HOME SWEET HOME 3 PEG HANGER ,1053.53,95.22238537023982,C - Low
PAINTED METAL TREE WITH HOLLY BELLS,1053.1899999999998,95.22769722393878,C - Low
BLUE 5 PATCH FLOWER CUSHION COVER,1052.29,95.23300453841087,C - Low
SCANDINAVIAN 3 HEARTS NAPKIN RING,1052.02,95.23831049111492,C - Low
ASSTD MULTICOLOUR CIRCLES MUG,1051.69,95.24361477943579,C - Low
HEART EAR MUFF HEADPHONES,1051.4,95.24891760511687,C - Low
HANGING CLEAR MINI BOTTLE,1051.14,95.25421911946579,C - Low
PINK KASHMIRI COFFEE TABLE ,1050.0,95.25951488412734,C - Low
BLACK BIRD GARDEN DESIGN MUG,1048.83,95.26480474779397,C - Low
ASSORTED EASTER GIFT TAGS,1048.28,95.27009183748866,C - Low
SET OF 72 GREEN PAPER DOILIES,1047.9299999999998,95.27537716192846,C - Low
GIFT BAG PSYCHEDELIC APPLES,1047.45,95.28066006544725,C - Low
PARTY INVITES FOOTBALL,1046.56,95.28593848017506,C - Low
SILVER JEWELLED MIRROR TRINKET TRAY,1045.8799999999999,95.29121346526479,C - Low
PINK 5 PATCH FLOWER CUSHION COVER ,1045.16,95.29648481897304,C - Low
BUBBLE GUM CHUNKY KNITTED THROW ,1044.23,95.30175148214688,C - Low
HOME SWEET HOME BOTTLE ,1043.72,95.30701557309217,C - Low
VINTAGE BEAD PINK EVENING BAG,1043.44,95.31227825183358,C - Low
ESSENTIAL BALM 3.5g TIN IN ENVELOPE,1043.22,95.31753982098617,C - Low
70'S ALPHABET WALL ART,1043.1,95.32280078490851,C - Low
S/3 PINK COL METAL BASKET W HANDLE,1042.16,95.3280570078606,C - Low
EASTER DECORATION HANGING BUNNY,1040.1100000000001,95.33330289146262,C - Low
WRAP  VINTAGE DOILY ,1039.08,95.33854358017169,C - Low
BLUE TEATIME PRINT BOWL ,1038.72,95.34378245319002,C - Low
ANTIQUE CREAM CUTLERY SHELF ,1036.84,95.3490118442678,C - Low
SWEETIES  STICKERS,1036.4299999999998,95.3542391674756,C - Low
VIPPASSPORT COVER ,1033.55,95.35945196515745,C - Low
ZINC HEART FLOWER T-LIGHT HOLDER,1033.28,95.36466340107125,C - Low
RIDGED GLASS STORAGE JAR CREAM LID,1031.07,95.36986369066135,C - Low
BEACH HUT MIRROR,1027.79,95.37504743729134,C - Low
SILVER GLASS T-LIGHT SET,1024.49,95.38021454008954,C - Low
BLUE NEW BAROQUE CANDLESTICK CANDLE,1024.15,95.3853799280687,C - Low
MIDNIGHT GLAMOUR SCARF KNITTING KIT,1024.1,95.39054506386861,C - Low
COCKLE SHELL DISH,1023.9000000000001,95.39570919095142,C - Low
CANDY HEART HANGING DECORATION,1023.77,95.40087266236816,C - Low
BUNNY DECORATION MAGIC GARDEN,1022.79,95.40603119107118,C - Low
LUNCHBAG SPACEBOY DESIGN ,1022.6,95.41118876149301,C - Low
PINK HEARTS LIGHT CHAIN ,1022.1600000000001,95.41634411273725,C - Low
HEART MINI PORTRAIT FRAME,1021.76,95.42149744654735,C - Low
ZINC SWEETHEART WIRE LETTER RACK,1020.69,95.42664538372107,C - Low
CARD DOG AND BALL ,1018.42,95.43178187195595,C - Low
FRENCH PAISLEY CUSHION COVER ,1018.11,95.43691679667936,C - Low
PINK BUTTERFLY HANDBAG W BOBBLES,1017.64,95.44204935091763,C - Low
STAR  T-LIGHT HOLDER ,1017.63,95.44718185472003,C - Low
CURIOUS IMAGES SCRAP BOOK SET,1017.48,95.45231360198466,C - Low
HEART T-LIGHT HOLDER ,1016.53,95.45744055784314,C - Low
BISCUITS SMALL BOWL LIGHT BLUE,1016.42,95.46256695890723,C - Low
WALL ART MID CENTURY MODERN ,1015.78,95.46769013207668,C - Low
WRAP CHRISTMAS SCREEN PRINT,1015.75,95.47281315393856,C - Low
LIPSTICK PEN BABY PINK,1014.75,95.47793113221505,C - Low
PINK OVAL JEWELLED MIRROR,1014.48,95.4830477487235,C - Low
TROPICAL PASSPORT COVER ,1014.42,95.4881640626168,C - Low
EAU DE NILE JEWELLED PHOTOFRAME,1013.25,95.4932744755152,C - Low
STRAWBERRY CANDY BAG,1011.7,95.49837707085625,C - Low
WALL ART BUFFALO BILL ,1011.1000000000001,95.50347664004606,C - Low
FRENCH BLUE METAL DOOR SIGN 6,1009.42,95.50856773601242,C - Low
SET/6 COLLAGE PAPER CUPS,1008.8100000000001,95.51365575539167,C - Low
CONGRATULATIONS BUNTING,1008.73,95.5187433712841,C - Low
ASSTD FRUIT+FLOWERS FRIDGE MAGNETS,1007.5200000000001,95.5238248844382,C - Low
SWEETHEART WALL TIDY ,1007.0799999999999,95.52890417841472,C - Low
SET OF 4 NAPKIN CHARMS LEAVES   ,1006.2399999999999,95.53397923577953,C - Low
36 DOILIES SPACEBOY DESIGN ,1005.3699999999999,95.53904990522504,C - Low
GINGHAM OVEN GLOVE RED HEART ,1003.89,95.54411311016416,C - Low
RETRO PLASTIC POLKA TRAY,1000.4499999999999,95.54915896516954,C - Low
PACK OF 6 COCKTAIL PARASOL STRAWS,1000.4399999999999,95.55420476973909,C - Low
SKULLS STORAGE BOX SMALL,999.0600000000001,95.55924361416076,C - Low
WALL ART GARDEN HAVEN ,998.64,95.56428034027658,C - Low
COLOURFUL FISHING GNOME,998.0300000000001,95.56931398980532,C - Low
SET OF SKULL WALL STICKERS,997.5500000000001,95.57434521841309,C - Low
EMBROIDERED RIBBON REEL REBECCA ,996.38,95.57937054602591,C - Low
MRS ROBOT SOFT TOY,996.19,95.58439491535754,C - Low
MISELTOE HEART WREATH CREAM,996.0000000000001,95.58941832640791,C - Low
CAMOUFLAGE EAR MUFF HEADPHONES,995.48,95.5944391147939,C - Low
SET/6 EAU DE NIL BIRD T-LIGHTS,993.03,95.5994475463957,C - Low
FIRST CLASS PASSPORT COVER ,992.99,95.60445577625404,C - Low
ROSES IN WHITE HEART CANDLE ,991.3800000000001,95.60945588593991,C - Low
SILVER  CANDLEPOT JARDIN ,990.84,95.61445327208968,C - Low
CANDY SHOP  STICKER SHEET,990.5,95.61944894342041,C - Low
BLUE PAINTED KASHMIRI TABLE ,990.0,95.62444209295845,C - Low
LIBRARY LAMP,989.62,95.62943332593403,C - Low
FOLDING BUTTERFLY MIRROR RED  ,985.88,95.63440569590026,C - Low
MADRAS NOTEBOOK MEDIUM,985.74,95.63937735976451,C - Low
FILIGREE WALL MIRROR  ANTIQUE WHITE,985.54,95.6443480149117,C - Low
EAU DE NILE HEART SHAPE PHOTO FRAME,985.3999999999999,95.64931796395693,C - Low
FOLKART ZINC STAR CHRISTMAS DEC,984.6299999999999,95.6542840294414,C - Low
NAMASTE SWAGAT INCENSE,984.24,95.65924812792758,C - Low
VINTAGE BEAD NOTEBOOK,982.5300000000001,95.66420360188273,C - Low
BLOSSOM  IMAGES NOTEBOOK SET,982.47,95.66915877322276,C - Low
EMBROIDERED RIBBON REEL RACHEL ,980.41,95.67410355477689,C - Low
PING! MICROWAVE PLATE,978.74,95.6790399135434,C - Low
FRAPPUCINO SCARF KNITTING KIT,977.5500000000001,95.68397027044333,C - Low
EMBROIDERED RIBBON REEL SALLY ,977.39,95.68889982036957,C - Low
PASTEL COLOUR HONEYCOMB FAN,976.91,95.69382694937482,C - Low
EMBROIDERED RIBBON REEL ROSIE,975.24,95.69874565559246,C - Low
BLACK CHRISTMAS TREE 120CM,974.81,95.7036621930684,C - Low
KNITTED MUG COSY IVORY COLOUR ,973.5899999999999,95.70857257737015,C - Low
PINK GLASS CANDLEHOLDER,972.1100000000001,95.71347549716552,C - Low
LARGE WHITE/PINK ROSE ART FLOWER,970.7900000000001,95.71837175942817,C - Low
HAWAIIAN GRASS SKIRT ,970.2800000000001,95.72326544946228,C - Low
YULETIDE IMAGES S/6 PAPER BOXES,969.9,95.72815722293394,C - Low
MAGAZINE RACK GEBRA ASSORTED ,969.61,95.73304753376583,C - Low
MIRROR MOSAIC CANDLE PLATE,968.0799999999999,95.73793012791207,C - Low
HANGING BUTTERFLY  EGG,967.9499999999999,95.7428120663922,C - Low
MOTHER'S KITCHEN SPOON REST ,967.17,95.74769007087575,C - Low
EDWARDIAN TOILET ROLL UNIT ,966.35,95.75256393961928,C - Low
SILVER PHOTO FRAME,964.61,95.75742903252421,C - Low
WHITE GLASS CHUNKY CHARM BRACELET,964.4499999999999,95.76229331845548,C - Low
BLUE PAISLEY NOTEBOOK,963.9799999999999,95.76715523390162,C - Low
WHITE HEARTS WIRE PLANT POT HOLDER,963.27,95.77201356840213,C - Low
GREEN FERN NOTEBOOK,962.48,95.77686791847017,C - Low
FRENCH BLUE METAL DOOR SIGN 7,961.81,95.781718889336,C - Low
SILVER VANILLA FLOWER CANDLE POT,960.99,95.78656572446181,C - Low
SET OF 12 MINI BUNNIES IN A BUCKET,959.46,95.79140484290198,C - Low
BEADED CRYSTAL HEART PINK LARGE,958.8499999999999,95.79624088475506,C - Low
S/3 FLWR FAIRY LAVENDER CANDLES,957.73,95.80107127779252,C - Low
WHITE CHRISTMAS TREE DECORATION ,957.63,95.80590116647141,C - Low
TRAVEL CARD WALLET RETROSPOT,956.94,95.8107275750764,C - Low
TABLE LAMP WHITE SHADE WOOD BASE,956.8900000000001,95.8155537315021,C - Low
DOORSTOP RACING CAR DESIGN,956.17,95.82037625654634,C - Low
WALL ART DOLLY GIRL ,956.0500000000002,95.82519817636033,C - Low
MAGIC GARDEN FELT GARLAND ,955.5899999999999,95.83001777612502,C - Low
PACK OF 12 VINTAGE DOILY TISSUES,955.42,95.83483651848022,C - Low
CHERRY BLOSSOM BATHROOM CABINET,955.35,95.83965490778442,C - Low
SILVER GLITTER FLOWER VOTIVE HOLDER,954.15,95.84446724478616,C - Low
ABSTRACT CIRCLES POCKET BOOK,953.42,95.84927589997056,C - Low
SET OF 4 POLKADOT PLACEMATS ,953.37,95.85408430297569,C - Low
BLOSSOM IMAGES GIFT WRAP SET,953.34,95.85889255467326,C - Low
FOLDING UMBRELLA  WHITE/RED  SPOT,953.0,95.86369909155181,C - Low
 PEACE WOODEN BLOCK LETTERS,952.74,95.86850431709813,C - Low
BLACK STITCHED WALL CLOCK,952.66,95.87330913915763,C - Low
PARTY INVITES BALLOON GIRL,952.55,95.87811340642274,C - Low
SET/9 CHRISTMAS T-LIGHTS SCENTED ,952.51,95.88291747194444,C - Low
ORIGAMI LAVENDER INCENSE/CANDL SET ,950.4,95.88771089550094,C - Low
SILVER FISHING GNOME ,949.44,95.89249947721548,C - Low
BLUE JUICY FRUIT PHOTO FRAME,948.6999999999999,95.89728432667684,C - Low
BLUE YELLOW FLOWER PIGGY BANK,946.7199999999999,95.90205918983911,C - Low
MOROCCAN BEATEN METAL DISH LARGE,946.6800000000001,95.90683385125796,C - Low
CURIOUS IMAGES GIFT WRAP SET,946.59,95.91160805875413,C - Low
ASSORTED TUTTI FRUTTI KEYRING BALL,946.31,95.91638085404638,C - Low
ADULT APRON APPLE DELIGHT,945.88,95.92115148059692,C - Low
GARDEN PATH NOTEBOOK ,944.3599999999999,95.92591444089766,C - Low
WRAP GINGHAM ROSE ,943.92,95.93067518202085,C - Low
MAGIC DRAWING SLATE GO TO THE FAIR ,943.71,95.9354348639911,C - Low
ROMANTIC IMAGES SCRAP BOOK SET,943.44,95.94019318419329,C - Low
CHRISTMAS CRAFT HEART DECORATIONS,942.8800000000001,95.94494867998765,C - Low
ROSE DU SUD OVEN GLOVE,942.2600000000001,95.94970104875908,C - Low
PINK PAISLEY SQUARE TISSUE BOX ,938.86,95.95443626934018,C - Low
CHUNKY SILVER NECKLACE PASTEL FLOWE,937.4499999999999,95.95916437846587,C - Low
DANISH ROSE DECORATIVE PLATE,937.44,95.9638924371557,C - Low
PINK BUTTERFLY CUSHION COVER ,937.09,95.96861873059065,C - Low
JAM CLOCK MAGNET,936.89,95.97334401530853,C - Low
RETRO LAUNDRY TUB PINK,936.74,95.97806854348858,C - Low
WALL ART THE MAGIC FOREST ,933.16,95.98277501563294,C - Low
WHITE/BLUE PULL BACK RACING CAR,933.07,95.98748103385462,C - Low
ENGLISH ROSE SCISSORS,931.86,95.99218094933796,C - Low
MULTI HEARTS  STICKERS,930.99,95.996876476902,C - Low
CLOCK MAGNET MUM'S KITCHEN,930.48,96.00156943223752,C - Low
CAKE SHOP  STICKER SHEET,929.81,96.0062590083708,C - Low
RED RETROSPOT TAPE,928.9000000000001,96.0109439948414,C - Low
SWISS CHALET TREE DECORATION ,928.0899999999999,96.01562489600781,C - Low
GOLD PHOTO FRAME,927.96,96.02030514150813,C - Low
DAISY NOTEBOOK ,926.54,96.02497822511718,C - Low
CREAM CUSHION COVER WITH FLOWERS,925.62,96.0296466686277,C - Low
FRENCH CARRIAGE LANTERN,925.35,96.03431375037015,C - Low
ANIMALS AND NATURE WALL ART,923.97,96.03897387196476,C - Low
RETROSPOT CANDLE  SMALL,923.97,96.04363399355935,C - Low
GLASS BONBON JAR PARFUME AUX FLEURE,923.72,96.0482928542576,C - Low
WHITE ADVENT CANDLE,923.05,96.05294833575365,C - Low
SMALL PINK MAGIC CHRISTMAS TREE,922.18,96.05759942933041,C - Low
PINK CAT BOWL,921.8100000000001,96.06224865678055,C - Low
EASTER DECORATION SITTING BUNNY,921.75,96.06689758161559,C - Low
VINTAGE KEEPSAKE BOX TRAVELOGUE,919.8,96.07153667145913,C - Low
CERAMIC LOVE HEART MONEY BANK,919.63,96.07617490389312,C - Low
RETRO LAUNDRY TUB PISTACHIO,918.91,96.08080950494565,C - Low
SET 5 MINI GATEAUX  FRIDGE MAGNETS,918.6800000000001,96.08544294597353,C - Low
ROSES ON BLUE TEACUP CANDLE ,918.65,96.09007623569383,C - Low
SMALL SPOTTY CHOCOLATE GIFT BAG ,918.49,96.09470871844049,C - Low
BEADED CRYSTAL HEART GREEN LARGE,918.33,96.09934039421347,C - Low
NEW BAROQUE JEWELLERY BOX ,918.27,96.10397176737135,C - Low
WHITE GOOSE FEATHER TREE 60CM ,917.8499999999999,96.10860102222335,C - Low
PINK YELLOW PATCH CUSHION COVER,916.8299999999999,96.11322513261825,C - Low
EGG FRYING PAN RED ,915.4000000000001,96.11784203068603,C - Low
FRENCH BLUE METAL DOOR SIGN 8,915.3,96.1224584243953,C - Low
ROMANTIC IMAGES NOTEBOOK SET,915.04,96.12707350677235,C - Low
ETCHED GLASS DROPLET DECORATION,914.6700000000001,96.13168672302282,C - Low
TRAVEL CARD WALLET SKULLS,914.37,96.13629842619767,C - Low
GLASS CHALICE GREEN  LARGE ,913.34,96.14090493447956,C - Low
"TUMBLER, NEW ENGLAND",911.7599999999999,96.14550347389654,C - Low
WHITE STITCHED WALL CLOCK,907.96,96.15008284768902,C - Low
WRAP MONSTER FUN ,905.94,96.15465203343902,C - Low
POLYESTER FILLER PAD 65CMx65CM,905.25,96.15921773911509,C - Low
WOVEN FROST CUSHION COVER,905.1,96.16378268825335,C - Low
"DECORATION , HANGING METAL RABBIT",904.02,96.1683421903194,C - Low
TRAVEL CARD WALLET PANTRY,903.16,96.17289735490199,C - Low
BLUE CHALET BIRDFEEDER,902.0300000000001,96.1774468202331,C - Low
WALL ART WORK REST AND PLAY  ,901.58,96.18199401595078,C - Low
DECORATION  PINK CHICK MAGIC GARDEN,901.5,96.18654080818162,C - Low
GLASS CHALICE BLUE SMALL ,900.42,96.19108215334026,C - Low
PINK STRIPE HOT WATER BOTTLE,899.5200000000001,96.19561895927204,C - Low
DANISH ROSE TRINKET TRAYS,899.37,96.200155008666,C - Low
SET/5 BLUE SPOTTY LID GLASS BOWLS,898.7199999999999,96.20468777972945,C - Low
FLOWER FAIRY INCENSE LAVENDER,896.3399999999999,96.20920854705967,C - Low
FROG CANDLE,896.28,96.21372901177479,C - Low
BLOSSOM IMAGES SCRAP BOOK SET,896.09,96.21824851820865,C - Low
LARGE HANGING GLASS+ZINC LANTERN,896.0,96.22276757071985,C - Low
BAKING MOULD ROSE WHITE CHOCOLATE,895.97,96.22728647192348,C - Low
 NINE DRAWER OFFICE TIDY,894.42,96.23179755556977,C - Low
FLOWERS  STICKERS,893.7199999999999,96.23630510870626,C - Low
CHRYSANTHEMUM POCKET BOOK ,891.13,96.24079959895658,C - Low
RED DAISY POCKET BOOK ,890.7,96.24529192046519,C - Low
BLUE GLASS GEMS IN BAG,890.1199999999999,96.2497813166943,C - Low
HANGING SPRING FLOWER EGG SMALL,889.46,96.25426738415702,C - Low
SET/4 BADGES DOGS,888.68,96.25874951762314,C - Low
BIRTHDAY PARTY CORDON BARRIER TAPE,888.55,96.26323099542317,C - Low
PANDA AND BUNNIES STICKER SHEET,888.3399999999999,96.26771141407026,C - Low
TUB 24 PINK FLOWER PEGS,886.2299999999999,96.27218119075218,C - Low
SPACEBOY WALL ART,885.9000000000001,96.2766493030509,C - Low
PINK/PURPLE RETRO RADIO,884.75,96.28111161522644,C - Low
JAZZ HEARTS MAGNETIC MEMO PAD,884.5600000000002,96.28557296912074,C - Low
STRING OF STARS CARD HOLDER,883.2200000000001,96.29002756461061,C - Low
PLAYING CARDS VINTAGE DOILY ,880.16,96.2944667267292,C - Low
S/2 ZINC HEART DESIGN PLANTERS,879.55,96.2989028122607,C - Low
BLACK PILLAR CANDLE SILVER FLOCK,877.8000000000001,96.30333007151776,C - Low
PANTRY 3 HOOK ROLLING PIN HANGER,876.9,96.30775279154797,C - Low
PARTY INVITES SPACEMAN,875.87,96.31217031668523,C - Low
BLACK CHRISTMAS TREE 60CM,874.6500000000001,96.31658168864828,C - Low
BLUE SWEETHEART BRACELET,874.63,96.32099295973966,C - Low
SMALL PINK GLASS SUNDAE DISH,874.4599999999999,96.32540337342151,C - Low
ANTIQUE CREAM CUTLERY CUPBOARD,874.43,96.32981363579579,C - Low
PEG BAG APPLE DESIGN,874.3499999999999,96.33422349468326,C - Low
FRYING PAN BLUE POLKADOT,874.02,96.33863168918752,C - Low
GREEN SWEETHEART BRACELET,873.97,96.34303963151253,C - Low
MARAKESH LANTERN SMALL ,873.25,96.34744394245605,C - Low
PSYCHEDELIC WALL THERMOMETER,873.11,96.35184754729764,C - Low
CANDY PINK FRENCH BOUDOIR CLOCK,872.76,96.35624938688431,C - Low
WIRE EGG BASKET ,872.38,96.36064930990855,C - Low
MIRRORED DOVE WALL DECORATION,872.34,96.36504903118936,C - Low
SCALLOP SHELL SOAP DISH,870.89,96.36944143927137,C - Low
JINGLE BELLS TREE DECORATION,870.48,96.37383177948337,C - Low
RED SPOTTY PUDDING BOWL,869.23,96.37821581521362,C - Low
REINDEER HEART DECORATION GOLD,869.15,96.38259944745703,C - Low
ASSTD DESIGN 3D PAPER STICKERS,869.08,96.38698272664946,C - Low
"BROCADE PURSE,SMALL ARCH BUTTON",867.8399999999999,96.39135975179602,C - Low
BIRD DECORATION GREEN POLKADOT,867.5899999999999,96.39573551604622,C - Low
ORIGAMI JASMINE INCENSE/CANDLE SET,867.4499999999999,96.40011057419447,C - Low
RED RETROSPOT LUGGAGE TAG,866.06,96.40447862175901,C - Low
WRAP RED VINTAGE DOILY,866.0,96.40884636670846,C - Low
RED POLKADOT COFFEE  MUG,864.11,96.4132045792815,C - Low
BLACK METAL BAROQUE PHOTO FRAME,864.1,96.41756274141869,C - Low
ACRYLIC GEOMETRIC LAMP,863.85,96.42191964265953,C - Low
"FRENCH BOTTLE , LAVENDER",860.0799999999999,96.42625752958345,C - Low
DECORATIVE HANGING SHELVING UNIT,859.25,96.43059123033149,C - Low
 HOME SWEET HOME  BLACKBOARD,857.2399999999999,96.43491479347288,C - Low
PLASMATRONIC LAMP,856.4,96.43923412000254,C - Low
MADRAS NOTEBOOK LARGE ,855.24,96.44354759597314,C - Low
ELEPHANT TOY WITH BLUE T-SHIRT,854.91,96.44785940756059,C - Low
SILVER SKULL HOT WATER BOTTLE ,854.23,96.45216778950996,C - Low
BUFFALO BILL WALL ART ,852.72,96.45646855564539,C - Low
GREEN FERN POCKET BOOK,851.5600000000001,96.46076347122175,C - Low
SMALL FOLKART STAR CHRISTMAS DEC,850.49,96.46505299016175,C - Low
LARGE  TALL CAMPHOR WOOD TOADSTOOL ,849.91,96.46933958382222,C - Low
2 PICTURE BOOK EGGS EASTER BUNNY,849.24,96.47362279828047,C - Low
VINTAGE NOTEBOOK PARIS DAYS,848.7,96.47790328920264,C - Low
MINI JIGSAW DINOSAUR ,846.82,96.48217429818425,C - Low
BUNNY WOODEN PAINTED WITH FLOWER ,845.3,96.48643764091608,C - Low
GIFT BAG BIRTHDAY,845.1300000000001,96.49070012623837,C - Low
ANT COPPER LIME BOUDICCA BRACELET,843.9100000000001,96.49495645838651,C - Low
WHITE WITH BLACK CATS PLATE,843.88,96.49921263922707,C - Low
FORKED CACTUS CANDLE,843.3900000000001,96.50346634871079,C - Low
ANTIQUE EDWARDIAN DRESSER,841.7,96.50771153453519,C - Low
GOLD FISHING GNOME,841.63,96.51195636730861,C - Low
EGG CUP MILKMAID INGRID,841.31,96.51619958613472,C - Low
PINK 3 TIER GLASS PLATE STAND,840.45,96.52043846747739,C - Low
PACK OF 12 PAISLEY PARK TISSUES ,839.8399999999999,96.52467427223296,C - Low
BROWN FLOWER LIGHTS,838.52,96.52890341945583,C - Low
LAVENDER SCENTED SET/9 T-LIGHTS,838.3499999999999,96.53313170926918,C - Low
INLAID WOOD INCENSE HOLDER,837.88,96.53735762859739,C - Low
PINK PICNIC BARBECUE BUCKET,837.77,96.5415829931312,C - Low
CERAMIC BIRDHOUSE BLACK ROSE  LARGE,837.6,96.5458075002555,C - Low
"CHARLIE+LOLA""EXTREMELY BUSY"" SIGN",837.23,96.55003014125322,C - Low
TEA TIME PAPER LANTERNS,837.02,96.55425172309799,C - Low
SET/12 FUNKY FELT FLOWER PEG IN BAG,836.94,96.55847290145594,C - Low
RETRO LONGBOARD IRONING BOARD COVER,836.62,96.56269246586658,C - Low
PAIR PADDED HANGERS PINK CHECK,834.95,96.56690360748958,C - Low
SQUARECUSHION COVER PINK UNION FLAG,833.8199999999999,96.57110904986111,C - Low
RETROSPOT CANDLE  LARGE,833.75,96.57531413918164,C - Low
HELLO SAILOR BLUE SOAP HOLDER,833.57,96.57951832065682,C - Low
TREASURE AHOY WALL ART,833.46,96.58372194733761,C - Low
ABSTRACT CIRCLES NOTEBOOK,832.66,96.58792153915007,C - Low
EASTER BUNNIES ON A STICK,831.0400000000001,96.5921129603542,C - Low
MINI  ZINC GARDEN DECORATIONS ,828.9999999999999,96.59629409264413,C - Low
HANGING BAUBLE T-LIGHT HOLDER LARGE,827.3000000000001,96.6004666508389,C - Low
APOTHECARY MEASURING JAR,826.28,96.60463406457657,C - Low
GREEN METAL SWINGING BUNNY,824.9699999999999,96.60879487121736,C - Low
CERAMIC BIRDHOUSE BUTTERFLY LARGE,824.95,96.61295557698647,C - Low
RIDGED GLASS FINGER BOWL,820.21,96.6170923761608,C - Low
FRENCH STYLE STORAGE JAR CAFE ,819.4599999999999,96.6212253926461,C - Low
FRENCH BLUE METAL DOOR SIGN 0,818.33,96.62535270987989,C - Low
LARGE CAMPHOR WOOD FIELD MUSHROOM ,817.6,96.62947634529637,C - Low
FAIRY CAKE CERAMIC BUTTER DISH,817.6,96.63359998071283,C - Low
S/12 MINI RABBIT EASTER,816.4799999999999,96.63771796731365,C - Low
COLUMBIAN CANDLE RECTANGLE,814.91,96.64182803548542,C - Low
LOVELY BONBON STICKER SHEET,813.14,96.64592917651103,C - Low
SHAKER THROW  QUILTED,811.8,96.65002355913222,C - Low
MIRRORED WALL ART SKULLS,809.67,96.65410719891653,C - Low
JARDIN ETCHED GLASS LARGE BELL JAR,809.05,96.65818771167791,C - Low
DAISY JOURNAL ,808.81,96.66226701397878,C - Low
SCOTTIES DESIGN WASHBAG,808.39,96.66634419797377,C - Low
PINK BUTTERFLY WASHBAG,808.22,96.67042052455925,C - Low
SMALL BONNE JAM JAR  T-LIGHT HOLDER,808.16,96.67449654852962,C - Low
PAINTED PINK RABBIT ,807.5999999999999,96.67856974809217,C - Low
VINTAGE KEEPSAKE BOX PINK FLOWER,806.58,96.68263780319761,C - Low
ZINC POLICE BOX LANTERN,806.22,96.6867040426123,C - Low
ORIGAMI VANILLA INCENSE/CANDLE SET ,806.16,96.69076997941188,C - Low
PINK FLOWER FABRIC PONY,805.38,96.69483198221485,C - Low
"RETRO ""TEA FOR ONE"" ",805.1,96.69889257281392,C - Low
SET/4 BADGES BEETLES,804.65,96.70295089379955,C - Low
PHOTO FRAME LINEN AND LACE LARGE,801.6800000000001,96.70699423533658,C - Low
RED REINDEER STRING OF 20 LIGHTS,801.4,96.71103616466968,C - Low
DECORATIVE PLANT POT WITH FRIEZE,799.02,96.71506609026956,C - Low
MOUSEY LONG LEGS SOFT TOY,797.9599999999999,96.71909066966893,C - Low
HORSE & PONY WALL ART,797.3100000000001,96.72311197073779,C - Low
PAINTED YELLOW WOODEN DAISY,797.27,96.72713307006323,C - Low
ROSE DU SUD CUSHION COVER ,796.74,96.7311514962884,C - Low
RETROSPOT CANDLE  MEDIUM,796.4000000000001,96.73516820769456,C - Low
SKULL LUNCHBOX WITH CUTLERY ,796.12,96.73918350689681,C - Low
CERAMIC LOVE HEARTS DESIGN MUG,795.72,96.74319678866489,C - Low
SWEET HEART CAKE CARRIER,795.5799999999999,96.74720936433101,C - Low
DEEP BLUE GLASS GEMS IN BAG,794.4599999999999,96.7512162911815,C - Low
WHITE NEWBAROQUE CANDLESTICK CANDLE,793.34,96.75521756921636,C - Low
PEACH KNITTED HEN ,793.3199999999999,96.7592187463795,C - Low
ENGLISH ROSE SCENTED HANGING FLOWER,792.73,96.76321694782727,C - Low
ZINC HEARTS PLANT POT HOLDER,792.47,96.76721383794283,C - Low
EMBROIDERED RIBBON REEL CLAIRE,792.31,96.77120992108473,C - Low
ENVELOPE 50 ROMANTIC IMAGES,792.15,96.77520519725296,C - Low
DECORATIVE NET CANOPY CREAM,792.0699999999999,96.77920006993436,C - Low
CUSHION COVER PINK UNION FLAG,792.0600000000001,96.7831948921799,C - Low
EGG FRYING PAN IVORY ,790.7800000000001,96.78718325863616,C - Low
SPOTS MUG,790.6999999999999,96.7911712216056,C - Low
RETRO SPOT CANDLE  LARGE,789.26,96.79515192181205,C - Low
EGG CUP HENRIETTA HEN CREAM ,787.52,96.79912384617992,C - Low
DOOR MAT NEIGHBOURHOOD WITCH ,783.87,96.80307736146112,C - Low
MONEY BOX CONFECTIONERY DESIGN,783.67,96.80702986802524,C - Low
PINK PILLAR CANDLE SILVER FLOCK,783.1,96.8109794997457,C - Low
FAIRY CAKE NOTEBOOK A5 SIZE,783.01,96.81492867754345,C - Low
URBAN CHIC CHOPSTICKS SET/5,782.18,96.81887366916534,C - Low
MILK PAN BLUE POLKADOT,782.16,96.82281855991552,C - Low
PACK/12 XMAS FUN CARD,780.2600000000001,96.82675386785344,C - Low
FUNKY MONKEY MUG,778.64,96.83068100518304,C - Low
2 PICTURE BOOK EGGS EASTER CHICKS,776.05,96.83459507962647,C - Low
BLACK SWEETHEART BRACELET,775.45,96.83850612791866,C - Low
BROWN FURRY HOT WATER BOTTLE,773.97,96.84240971170446,C - Low
DARK BIRD HOUSE TREE DECORATION,771.7299999999999,96.846301997859,C - Low
RED APPLES CHOPPING BOARD   ,770.32,96.85018717255814,C - Low
FRENCH BLUE METAL DOOR SIGN 9,769.86,96.85407002720798,C - Low
ALPHABET HEARTS STICKER SHEET,769.13,96.8579492000405,C - Low
VINTAGE PHOTO ALBUM PARIS DAYS,769.12,96.86182832243716,C - Low
WRAP BILLBOARD FONTS DESIGN,769.02,96.86570694047528,C - Low
IVORY HANGING BIRD PLANTER ,768.8499999999999,96.86958470110389,C - Low
CERAMIC BIRDHOUSE RED ROOF LARGE,767.75,96.87345691378857,C - Low
PINK JEWELLED PHOTO FRAME,767.1600000000001,96.87732615075787,C - Low
FLOWER FAIRY OIL BURNER SET ROSE,767.0,96.88119458075349,C - Low
RED VICTORIAN FABRIC OVAL BOX,766.64,96.88506119505838,C - Low
TRIPLE WIRE HOOK IVORY HEART,766.1,96.88892508582717,C - Low
PIECE OF CAMO STATIONERY SET,766.09,96.8927889261601,C - Low
SET OF 4 NAPKIN CHARMS 3 KEYS ,765.39,96.89664923598325,C - Low
MAXWELL 2 TONE BLUE 60 PAGE PHOTO A,765.02,96.9005076796798,C - Low
PINK PAINTED KASHMIRI CHAIR,763.35,96.90435770058876,C - Low
WRAP ALPHABET POSTER  ,763.1,96.90820646060136,C - Low
ENAMEL PINK SUGAR CONTAINER,762.97,96.91205456494785,C - Low
BLUE FLOCK GLASS CANDLEHOLDER,762.79,96.91590176144899,C - Low
TRAVEL CARD WALLET FLOWER MEADOW,762.75,96.9197487562067,C - Low
DOLLY CABINET 3 DRAWERS ,762.4499999999999,96.92359423788879,C - Low
MINI PAINT SET VINTAGE  BOY+ GIRL,761.4,96.92743442380622,C - Low
GREEN PICNIC BARBECUE BUCKET,761.25,96.93127385318586,C - Low
FOLDING UMBRELLA CHOCOLATE POLKADOT,760.95,96.93511176948985,C - Low
DRAWER KNOB VINTAGE GLASS BALL,760.8000000000001,96.93894892925606,C - Low
WALL ART HORSE & PONY ,760.32,96.94278366810127,C - Low
COCKTAIL SWORDS 50 PIECES,759.5699999999999,96.94661462425745,C - Low
EDWARDIAN 2 DRAWER WALL CABINET ,755.8,96.9504265660967,C - Low
YELLOW DRAGONFLY HELICOPTER,754.59,96.9542324051976,C - Low
PINK ENAMEL+GLASS HAIR COMB,754.46,96.95803758863242,C - Low
FAIRY CAKE WICKER PICNIC BASKET ,753.77,96.96183929199331,C - Low
SET OF 2 TEA TOWELS PING MICROWAVE,751.9300000000001,96.96563171515709,C - Low
ASS COL LARGE SAND GECKO P'WEIGHT,751.6800000000001,96.96942287742452,C - Low
PINK  HONEYCOMB PAPER FAN,751.5,96.97321313184656,C - Low
18PC WOODEN CUTLERY SET DISPOSABLE,751.38,96.97700278103837,C - Low
GREEN ROSE QUILT ,750.48,96.98078789100333,C - Low
CHRISTMAS TREE HANGING SILVER ,750.1899999999999,96.98457153832852,C - Low
MOROCCAN BEATEN METAL DISH,749.82,96.98835331952712,C - Low
PURPLE SWEETHEART BRACELET,749.69,96.99213444505963,C - Low
COLUMBIAN CANDLE ROUND,748.59,96.99591002264819,C - Low
PINK ROUND BUTTERFLY MIRROR ,748.48,96.99968504544236,C - Low
VINTAGE BEAD PINK SHADE ,748.24,97.00345885777604,C - Low
BLUE GINGHAM ROSE CUSHION COVER,746.61,97.00722444906552,C - Low
GRASS HOPPER WOODEN WALL CLOCK ,746.39,97.01098893076623,C - Low
RETRO SPOT CANDLE  SMALL,744.75,97.01474514098688,C - Low
 PAINT YOUR OWN CANVAS SET,744.5999999999999,97.01850059466975,C - Low
HELLO SAILOR BATHROOM SET,744.1500000000001,97.02225377873917,C - Low
GLASS CHALICE GREEN  SMALL ,743.6099999999999,97.02600423927247,C - Low
S/4 BLACK DINNER CANDLE SILVER FLOC,743.26,97.0297529345509,C - Low
FOLDING BUTTERFLY MIRROR IVORY ,742.92,97.0334999150103,C - Low
S/2 BEACH HUT TREASURE CHESTS,742.9,97.03724679459799,C - Low
"FRENCH BLUE METAL DOOR SIGN, 1",742.67,97.04099251416103,C - Low
SMALL CAMPHOR WOOD FIELD  MUSHROOM,742.56,97.04473767892968,C - Low
DANISH ROSE DELUXE COASTER,742.5,97.0484825410832,C - Low
FRENCH EMROIDR LAVENDER SCENT HEART,741.6,97.05222286400989,C - Low
TOYBOX  WRAP ,740.42,97.0559572355058,C - Low
VINTAGE LEAF CHOPPING BOARD  ,737.95,97.0596791493458,C - Low
BEADED CRYSTAL HEART BLUE  LARGE,737.89,97.06340076057067,C - Low
FLAG OF ST GEORGE ,735.38,97.0671097123962,C - Low
SET OF 4 NAPKIN CHARMS CROWNS ,735.23,97.07081790768393,C - Low
SET OF 6 ICE CREAM SKITTLES,734.8900000000001,97.07452438815264,C - Low
ANT COPPER TURQ BOUDICCA BRACELET,734.1600000000001,97.07822718680399,C - Low
PINK JEWELLED PHOTO FRAME ,732.7900000000001,97.08192307574336,C - Low
3 RAFFIA RIBBONS VINTAGE CHRISTMAS,732.4200000000001,97.08561709855614,C - Low
Adjustment by Peter on Jun 25 2010 ,731.0500000000001,97.08930421165694,C - Low
BEADED CRYSTAL HEART GREEN ON STICK,730.74,97.09298976124626,C - Low
GREEN ENAMEL+GLASS HAIR COMB,730.66,97.09667490734873,C - Low
ASS FLORAL PRINT TORCH,729.9499999999999,97.1003564725056,C - Low
SMALL TALL CAMPHOR WOOD TOADSTOOL,728.9699999999999,97.10403309494876,C - Low
S/4 PURPLE DINNER CANDLE BLK FLOCK,728.6700000000001,97.10770820431632,C - Low
LARGE HEART FLOWERS HOOK   ,728.4300000000001,97.11138210322339,C - Low
OLIVE CHALET BIRDFEEDER,727.9300000000001,97.11505348033775,C - Low
TROPICAL LUGGAGE TAG,726.47,97.11871749381744,C - Low
CLAM SHELL SMALL ,726.1600000000001,97.12237994378566,C - Low
JASMINE VOTIVE CANDLE,725.6999999999999,97.1260400737046,C - Low
BLUE VICTORIAN FABRIC OVAL BOX,725.56,97.12969949752159,C - Low
SET OF 6 RIBBONS PERFECTLY PRETTY  ,724.59,97.13335402906074,C - Low
CANDY SPOT HAND BAG,723.85,97.13700482834672,C - Low
LARGE TORTILLA DESIGN RED BOWL,723.5699999999999,97.14065421542878,C - Low
BLUE  SPOTTY PUDDING BOWL,723.5500000000001,97.14430350163913,C - Low
RECTANGULAR SHAPED MIRROR,722.76,97.14794880341702,C - Low
PINK CAT FLORAL CUSHION COVER ,721.49,97.15158769984147,C - Low
BEACH HUT PHOTO FRAME,720.6999999999999,97.15522261183345,C - Low
ENVELOPE 50 CURIOUS IMAGES,719.67,97.15885232893248,C - Low
CHRISTMAS TREE HANGING GOLD,718.53,97.16247629634417,C - Low
ANIMAL STICKERS,718.47,97.16609996114072,C - Low
FOLKART BAUBLE CHRISTMAS DECORATION,717.99,97.16972120501627,C - Low
ROSE DU SUD WASHBAG ,717.8000000000001,97.17334149061062,C - Low
SPACE OWL,716.73,97.17695637956861,C - Low
2 PICTURE BOOK EGGS EASTER DUCKS,716.0,97.18056758670926,C - Low
SET/20 COLLAGE PAPER NAPKIN ,714.55,97.18417148065109,C - Low
ZINC HEART LATTICE PLANTER BOWL,713.8000000000001,97.18777159190385,C - Low
BLUE KNITTED HEN ,713.7299999999999,97.19137135010567,C - Low
PAINTED BIRD ASSORTED CHRISTMAS,712.91,97.19496697256744,C - Low
PAPER LANTERN 7 POINT SNOW STAR,711.51,97.19855553400969,C - Low
MEDIUM CHINESE STYLE SCISSOR,711.38,97.20214343978581,C - Low
BLUE PATCH PURSE PINK HEART,711.3699999999999,97.20573129512609,C - Low
SET/4 BADGES CUTE CREATURES,709.66,97.20931052593535,C - Low
EDWARDIAN HEART PHOTO FRAME,709.5400000000001,97.21288915151435,C - Low
SKULLS SQUARE TISSUE BOX,709.5,97.21646757534994,C - Low
MIRRORED WALL ART STARS,707.9200000000001,97.22003803032064,C - Low
LOUVRE VANITY MIRROR,705.9,97.2235982972488,C - Low
PINK GOOSE FEATHER TREE 60CM,705.59,97.22715700066551,C - Low
MIRROR LOVE BIRD T-LIGHT HOLDER,705.01,97.23071277880271,C - Low
GREEN BIRDHOUSE DECORATION,704.9699999999999,97.23426835519646,C - Low
PANTRY APPLE CORER,704.13,97.2378196949785,C - Low
CANDY BUTTON PHOTO ALBUM,703.54,97.24136805904516,C - Low
DAISY SKETCHBOOK ,702.86,97.24491299347375,C - Low
PACK 3 IRON ON DOG PATCHES,702.42,97.24845570872476,C - Low
COSY SLIPPER SHOES LARGE RED,698.0100000000001,97.2519761817642,C - Low
STRAWBERRY SCENTED SET/9 T-LIGHTS,696.89,97.25549100598802,C - Low
PINK GINGHAM CAT WITH SCARF,696.75,97.25900512410986,C - Low
DINOSAUR BIRTHDAY CARD,695.11,97.26251097075166,C - Low
FRENCH STYLE STORAGE JAR BONBONS,695.06,97.26601656521419,C - Low
VINTAGE NOTEBOOK TRAVELOGUE,693.9200000000001,97.2695164099894,C - Low
FLOWER FAIRY OIL BURNER SET SUMMER,693.25,97.27301287556236,C - Low
75 GREEN PETIT FOUR CASES,691.32,97.27649960701552,C - Low
PINK PATCH PENCIL CASE BLUE HEART,691.1400000000001,97.27998543062333,C - Low
S/3 FLWR FAIRY LILLY CANDLES,690.24,97.28346671500427,C - Low
FOLKART CLIP ON STARS,689.76,97.28694557846423,C - Low
BLUE SCOTTIE DOG W FLOWER PATTERN,688.7299999999999,97.29041924703122,C - Low
ANT COPPER PINK BOUDICCA BRACELET,687.52,97.29388681285991,C - Low
WHITE HAND TOWEL WITH BUTTERFLY,686.03,97.29734686374636,C - Low
EASTER BUNNY GARLAND OF FLOWERS,685.87,97.30080610765914,C - Low
FOLDING UMBRELLA PINKWHITE POLKADOT,685.6700000000001,97.30426434285485,C - Low
PINK & WHITE BREAKFAST TRAY,685.15,97.30771995538615,C - Low
PURPLE GREEN FLOWER PIGGY BANK,682.9899999999999,97.31116467377299,C - Low
"BREAD BIN, DINER STYLE, IVORY",682.7499999999999,97.31460818169934,C - Low
SET OF 4 PISTACHIO LOVEBIRD COASTER,682.66,97.31805123570302,C - Low
CAROUSEL DESIGN WASHBAG,682.51,97.32149353316889,C - Low
PACK OF 6 SMALL FRUIT STRAWS,682.39,97.3249352254045,C - Low
ASS COL LARGE SAND FROG P'WEIGHT,682.32,97.32837656458916,C - Low
BOTANICAL ROSE GREETING CARD,681.93,97.33181593677548,C - Low
RUSTIC STRAWBERRY JAM POT SMALL,681.54,97.33525334196351,C - Low
HOLLY TOP CHRISTMAS STOCKING,681.4,97.33869004104959,C - Low
RIDGED GLASS PENDANT LAMPSHADE,680.8499999999999,97.34212396616371,C - Low
IVORY HANGING DECORATION  EGG,680.78,97.34555753822686,C - Low
ORIGAMI SANDLEWOOD INCENSE/CAND SET,680.65,97.34899045462389,C - Low
BLUE POLKADOT EGG CUP ,679.38,97.35241696566746,C - Low
PAPER BUNTING PAISLEY PARK,679.07,97.35584191319958,C - Low
TURQ ICE CREAM BUM BAG ,677.99,97.35926141365945,C - Low
LA PALMIERA WALL THERMOMETER,677.45,97.36267819058324,C - Low
TURQ+RED BOUDICCA LARGE BRACELET,677.0,97.36609269789359,C - Low
HILDA CANDY SPOT RABBIT,676.92,97.36950680171714,C - Low
DANISH ROSE UMBRELLA STAND,676.4499999999999,97.3729185350555,C - Low
IVORY RETRO KITCHEN WALL CLOCK,675.91,97.37632754485779,C - Low
RETROSPOT BABUSHKA DOORSTOP,675.5600000000001,97.37973478940518,C - Low
GREEN  DIAMANTE PEN IN GIFT BOX,675.37,97.38314107567135,C - Low
SET OF 4 NAPKIN CHARMS INSTRUMENT,674.3,97.38654196530115,C - Low
TRAVEL CARD WALLET RETRO PETALS,674.11,97.38994189664972,C - Low
DENIM PATCH PURSE PINK BUTTERFLY,674.0899999999999,97.39334172712658,C - Low
PINK BREAKFAST CUP AND SAUCER ,673.72,97.39673969147684,C - Low
ROBIN CHRISTMAS CARD,673.49,97.40013649580246,C - Low
3 TRADITIONAL COOKIE CUTTERS  SET,671.4000000000001,97.40352275903462,C - Low
RED ORGANIC CANDLE IN GLASS,669.62,97.40690004468478,C - Low
"STRING OF 8 BUTTERFLIES,PINK",669.6199999999999,97.41027733033495,C - Low
PINK FELT EASTER RABBIT GARLAND,669.38,97.4136534055246,C - Low
LARGE BONNE JAM JAR  T-LIGHT HOLDER,667.8500000000001,97.41702176402863,C - Low
FLOWER FAIRY SET 3 CANDLES LAVENDER,666.85,97.42038507894726,C - Low
WOVEN CANDY CUSHION COVER ,666.23,97.42374526684296,C - Low
HANGING WOOD AND FELT BUTTERFLY ,665.91,97.4271038407913,C - Low
HEARTS GIFT TAPE,664.84,97.4304570181033,C - Low
SET OF RED SALAD SERVERS ,664.73,97.4338096406209,C - Low
DIAMANTE BOW BROOCH BLACK COLOUR,664.3499999999999,97.43716034657605,C - Low
CAKES AND BOWS GIFT  TAPE,663.61,97.440507320278,C - Low
MULTICOLOUR  CONFETTI IN TUBE,661.81,97.44384521552625,C - Low
LUNCHBAG SUKI  DESIGN ,661.63,97.44718220292911,C - Low
WRAP FLOWER SHOP  ,661.5,97.4505185346659,C - Low
FLOWER FAIRY INCENSE ROSE,661.23,97.45385350463462,C - Low
BLACK CHUNKY BEAD BRACELET W STRAP,661.04,97.45718751632212,C - Low
PEARLISED IVORY HEART LARGE ,661.02,97.46052142713792,C - Low
PINK METAL SWINGING BUNNY,660.88,97.46385463185175,C - Low
BIRD DECORATION GREEN  SPOT,660.62,97.46718652523337,C - Low
VINTAGE WOODEN PLATE RACK,659.1500000000001,97.47051100454448,C - Low
WRAP FOLK ART,658.75,97.47383346642144,C - Low
ORIGAMI ROSE INCENSE/CANDLE SET ,658.7199999999999,97.47715577699081,C - Low
GREEN GOOSE FEATHER TREE 60CM,658.29,97.48047591881847,C - Low
BUNNY EGG GARLAND,658.19,97.48379555628762,C - Low
WOVEN SUNSET CUSHION COVER ,658.07,97.48711458852651,C - Low
BLUE SPOTTY LUGGAGE TAG ,657.9,97.49043276335586,C - Low
SET OF 36 SILVER PAPER DOILIES,656.9399999999999,97.49374609634326,C - Low
CERAMIC PLATE LOVE HEART DESIGN,656.87,97.49705907627968,C - Low
FRENCH CHATEAU SMALL FRUITBOWL,656.82,97.50037180403683,C - Low
"FRENCH BLUE METAL DOOR SIGN, 2",656.41,97.50368246392397,C - Low
"PINK/WHITE ""KEEP CLEAN"" BULLET BIN",656.0500000000001,97.50699130812036,C - Low
BLUE BIRDHOUSE DECORATION,655.4599999999999,97.51029717660138,C - Low
MINI CAKE STAND HANGING HEARTS,655.01,97.51360077546897,C - Low
FRENCH CHATEAU LARGE FRUIT BOWL ,654.01,97.51689933075117,C - Low
FRENCH LATTICE CUSHION COVER ,652.8199999999999,97.52019188416675,C - Low
BLACK BAROQUE CARRIAGE CLOCK,652.17,97.52348115925183,C - Low
SET OF 3 PINK FLYING DUCKS,651.69,97.52676801341592,C - Low
CURIOUS  IMAGES NOTEBOOK SET,651.19,97.53005234578733,C - Low
SET/4 2 TONE EGG SHAPE MIXING BOWLS,651.05,97.53333597205676,C - Low
"SMALL POP BOX,FUNKY MONKEY",650.96,97.5366191444035,C - Low
SET/4 BUTTERFLY MIRROR MAGNETS,650.07,97.53989782795925,C - Low
POSY SHOPPER BAG,649.8199999999999,97.54317525061866,C - Low
CHERUB HEART DECORATION GOLD,649.02,97.54644863840974,C - Low
QUEEN OF THE SKIES PASSPORT COVER ,648.54,97.54971960527983,C - Low
GINGHAM HEART WREATH,647.7500000000001,97.55298658771748,C - Low
ROSE DU SUD CUSHION COVER,647.75,97.55625357015512,C - Low
LARGE SKULL WINDMILL,647.0500000000001,97.55951702208299,C - Low
ASS COL SMALL SAND GECKO P'WEIGHT,646.56,97.562778002654,C - Low
VICTORIAN METAL POSTCARD CHRISTMAS,646.4399999999999,97.56603837799479,C - Low
HAND TOWEL PALE BLUE W FLOWERS,646.4300000000001,97.56929870289972,C - Low
"FRENCH BLUE METAL DOOR SIGN, 3",645.15,97.57255257201533,C - Low
NEW ENGLAND TEATOWELS,644.88,97.5758050793629,C - Low
PHOTO FRAME LINEN AND LACE SMALL,644.8000000000001,97.57905718322361,C - Low
ASSORTED CHEESE FRIDGE MAGNETS,643.89,97.58230469742165,C - Low
CIRCLE OF FRIENDS CANDLE HOLDER,642.66,97.58554600800964,C - Low
LADLE LOVE HEART RED ,642.4,97.58878600726543,C - Low
WRAP DAISY CARPET ,640.95,97.5920186933224,C - Low
FAIRY DREAMS INCENSE ,640.26,97.59524789930546,C - Low
PACK OF 20 FAIRY CAKE PAPER NAPKINS,639.4699999999999,97.59847312085606,C - Low
NEW BAROQUE BLACK PHOTO ALBUM,639.42,97.60169809022739,C - Low
TRIANGULAR RIDGED GLASS POSY HOLDER,638.8000000000001,97.60491993257577,C - Low
NEW BAROQUE IVORY CUSHION COVER ,638.34,97.60813945487487,C - Low
SILVER ROCOCO CANDLE STICK,638.0,97.61135726235494,C - Low
"FLOWER FAIRY,5 SUMMER B'DRAW LINERS",637.5,97.6145725480423,C - Low
CHRISTMAS TREE T-LIGHT HOLDER,637.3399999999999,97.61778702675602,C - Low
SET OF 4 BLACK LOVEBIRD COASTERS,636.18,97.62099565491067,C - Low
FROG SOCK PUPPET,636.11,97.62420393001435,C - Low
VINTAGE JINGLE BELLS WREATH,635.38,97.62740852330069,C - Low
PAPERWEIGHT HOME SWEET HOME,635.1899999999999,97.63061215830581,C - Low
"BUNTING , SPOTTY ",634.7,97.63381332195408,C - Low
BLUE CIRCLES DESIGN MONKEY DOLL,634.64,97.63701418298723,C - Low
GINGHAM BABUSHKA DOORSTOP,633.35,97.64020853779523,C - Low
SILVER TEDDY BEAR,631.49,97.6433935115344,C - Low
LAUREL HEART ANTIQUE GOLD,630.73,97.64657465214867,C - Low
PINK PAINTED KASHMIRI TABLE,630.0,97.6497521109456,C - Low
SMALL APOTHECARY MEASURING JAR ,629.0500000000001,97.65292477833641,C - Low
STRAWBRY SCENTED VOTIVE CANDLE,628.41,97.65609421783256,C - Low
DRAWER KNOB VINTAGE GLASS HEXAGON,627.95,97.65926133727945,C - Low
FELT EGG COSY LADYBIRD ,627.38,97.66242558188264,C - Low
CHRISTMAS CARD SINGING ANGEL,627.19,97.66558886820464,C - Low
MIXED NUTS LIGHT GREEN BOWL,626.76,97.66874998578491,C - Low
SET OF 3 CHRISTMAS BRIAR CANDLES,626.39,97.67190923723858,C - Low
WRAP BLUE RUSSIAN FOLKART,626.25,97.67506778259029,C - Low
STANDING FAIRY POLE SUPPORT ,626.13,97.67822572271176,C - Low
AMETHYST CHUNKY BEAD BRACELET W STR,625.48,97.68138038450272,C - Low
S/5 MINI ICE CREAM FRIDGE MAGNETS,625.1999999999999,97.68453363408976,C - Low
BUBBLE GUM SCARF KNITTING KIT,624.21,97.68768189052727,C - Low
"DECORATION , HANGING METAL CHICKEN",623.96,97.69082888606845,C - Low
CANDY SPOT TEA COSY,622.57,97.69396887102592,C - Low
FLORAL PINK MONSTER,622.33,97.69710764552289,C - Low
HANGING METAL RABBIT DECORATION,621.97,97.70024460432911,C - Low
PARTY CONES CANDY DECORATION,621.96,97.70338151269951,C - Low
STORAGE TIN HOME SWEET HOME,621.44,97.70651579840548,C - Low
MUM'S KITCHEN CLOCK,621.09,97.70964831885657,C - Low
"WRAP, FRIENDSHIP ON GREEN",619.5,97.71277282000689,C - Low
CHRISTMAS CARD SCREEN PRINT ,619.25,97.71589606026086,C - Low
WALL ART SPACEBOY,618.59,97.71901597174846,C - Low
PINK JEWELLED MIRROR TRINKET TRAY,618.52,97.7221355301851,C - Low
HOT WATER BOTTLE BABUSHKA LARGE,618.0,97.72525246595733,C - Low
FLORAL SOFT CAR TOY,617.9399999999999,97.72836909911445,C - Low
SIX DRAWER OFFICE TIDY,616.79,97.73147993214835,C - Low
OVAL  MINI PORTRAIT FRAME,615.98,97.73458667987808,C - Low
SET/4 SCENTED CANDLES IN RAMEKINS,615.84,97.73769272150587,C - Low
BLACK LOVE BIRD T-LIGHT HOLDER,615.49,97.74079699787876,C - Low
SMALL ORIENTAL BLUE FOLDING STOOL,615.4,97.74390082032896,C - Low
RETRO SISTERS EXPRESSO CUPS,614.1,97.74699808611817,C - Low
SILVER DISCO HANDBAG,613.53,97.75009247706369,C - Low
SET OF 3 WICKER BASKET ROSE,612.8199999999999,97.75318328706359,C - Low
ORANGE FLOWER MUG ,612.5099999999999,97.75627253355202,C - Low
LARGE APOTHECARY MEASURING JAR ,612.1600000000001,97.75936001478557,C - Low
FLYING SAUCER TABLE LIGHT IN WHITE,611.5100000000001,97.76244421768861,C - Low
DAISY FOLKART HEART DECORATION,611.38,97.76552776492554,C - Low
PINK RIVIERA HANDBAG,611.0699999999999,97.768609748651,C - Low
MINI JIGSAW GO TO THE FAIR,610.4300000000001,97.77168850448182,C - Low
"FRENCH BLUE METAL DOOR SIGN, 5",610.11,97.7747656463653,C - Low
Dotcomgiftshop Gift Voucher £30.00,610.09,97.77784268737707,C - Low
THREE MINI HANGING FRAMES,610.0,97.78091927446617,C - Low
VINTAGE ROSE BEAD BRACELET RASPBERR,609.4300000000001,97.78399298671158,C - Low
RED POLKADOT PUDDING BOWL,608.9,97.78706402585674,C - Low
QUEEN OF SKIES LUGGAGE TAG,608.48,97.79013294669603,C - Low
ASS COLOUR GLOWING TIARAS,607.98,97.79319934574264,C - Low
LOO ROLL  METAL SIGN ,607.9599999999999,97.79626564391755,C - Low
FLORAL BLUE MONSTER,604.58,97.7993148947738,C - Low
PINK LOVE BIRD CANDLE,603.98,97.80236111947885,C - Low
CLAM SHELL LARGE,603.0600000000001,97.80540270408531,C - Low
"DECOUPAGE,GREETING CARD,",602.67,97.80844232169349,C - Low
FOLDING UMBRELLA WHITE/RED POLKADOT,602.6600000000001,97.8114818888658,C - Low
SMALL GREEN PEONY FOLDING STOOL,602.6,97.814521153423,C - Low
BLUE PATCH PENCIL CASE PINK HEART,601.53,97.81755502134384,C - Low
HEART BUTTONS JEWELLERY BOX,600.91,97.82058576224172,C - Low
EMBROIDERED RIBBON REEL RUBY ,600.55,97.82361468744885,C - Low
BLUE HEART COMPACT MIRROR,600.52,97.82664346134844,C - Low
JARDIN ETCHED GLASS SMALL BELL JAR,599.38,97.82966648556067,C - Low
SILVER BRACELET W PASTEL FLOWER,599.13,97.83268824887654,C - Low
FLOWER FAIRY INCENSE BOUQUET,598.3100000000001,97.8357058764524,C - Low
12 MINI TOADSTOOL PEGS,597.56,97.8387197213392,C - Low
CLASSICAL ROSE DISH,596.94,97.84173043920308,C - Low
"FRENCH BLUE METAL DOOR SIGN, 4",596.34,97.84473813091572,C - Low
BATHROOM SCALES FOOTPRINTS IN SAND,595.1800000000001,97.8477399720693,C - Low
NIGHTINGALE COATHOOK WHITE,594.3199999999999,97.85073747573946,C - Low
ASSORTED SHAPES PHOTO CLIP SILVER ,594.28,97.85373477766619,C - Low
COFFEE SCENT PILLAR CANDLE,593.3299999999999,97.85672728818679,C - Low
KITTY PENCIL ERASERS,593.29,97.85971959696398,C - Low
ZINC HEART LATTICE DOUBLE PLANTER,593.03,97.86271059440898,C - Low
BLUE PAISLEY TISSUE BOX,592.91,97.86570098662372,C - Low
PINK/YELLOW FLOWERS HANDBAG,592.79,97.86869077360821,C - Low
PACK OF 12 DOLLY GIRL TISSUES,592.4499999999999,97.87167884577369,C - Low
POLKA DOT PISTACHIO PAIL,591.6600000000001,97.87466293350668,C - Low
ARCHED GREY MIRROR,591.58,97.87764661775284,C - Low
BLUE PAINTED KASHMIRI CHAIR,591.5,97.8806298985122,C - Low
BLUE  TILE HOOK,591.02,97.88361075835054,C - Low
GLASS SPHERE CANDLE STAND LARGE ,590.45,97.88658874334521,C - Low
BLUE & WHITE BREAKFAST TRAY,590.04,97.88956466046989,C - Low
BLUE SPOTTY PURSE ,589.9000000000001,97.89253987149259,C - Low
"FRENCH BOTTLE, BRASSERIE DES ARTIST",588.64,97.89550872759771,C - Low
POTTING SHED SEED TIN,587.8,97.89847334709111,C - Low
WHITE SAGE INCENSE,587.52,97.9014365543806,C - Low
SET/4 BADGES WOODLAND ANIMAL,587.08,97.90439754249249,C - Low
ASSTD DESIGN POP ART SLIM PEN,586.5,97.90735560532488,C - Low
"FRENCH BLUE METAL DOOR SIGN, 8",586.36,97.9103129620553,C - Low
EGG CUP MILKMAID HELGA ,586.31,97.91327006660644,C - Low
SET 12 VINTAGE DOILY CHALK ,586.23,97.91622676767078,C - Low
5 STRAND GLASS NECKLACE CRYSTAL,585.29,97.91917872776483,C - Low
PURPLE GEMSTONE BRACELET,585.1999999999999,97.9221302339362,C - Low
PACK 4 FLOWER/BUTTERFLY PATCHES,584.93,97.92508037833953,C - Low
CAMPHOR WOOD PORTOBELLO MUSHROOM,583.1,97.92802129298157,C - Low
LIGHT BIRD HOUSE TREE DECORATION,582.85,97.93096094672728,C - Low
CERAMIC BIRDHOUSE FINCH BLUE  LARGE,581.27,97.93389263160806,C - Low
SQUARECUSHION COVER PINK UNION JACK,581.23,97.93682411474543,C - Low
GOLD EAR MUFF HEADPHONES,579.93,97.93974904122179,C - Low
GLASS CHICKEN BUTTER DISH,579.31,97.94267084067519,C - Low
TRAVEL CARD WALLET VINTAGE LEAF,578.48,97.94558845395274,C - Low
SET/3 POLKADOT STACKING TINS,578.46,97.94850596635858,C - Low
BLACK/WHITE GLASS/SILVER BRACELET,578.02,97.95142125958684,C - Low
CONCH SHELL,577.6899999999999,97.95433488843192,C - Low
"FRENCH BLUE METAL DOOR SIGN, 0",577.51,97.95724760943163,C - Low
RUSTIC STRAWBERRY JAM POT LARGE ,577.48,97.96016017912378,C - Low
EASTER BUNNY WREATH,575.99,97.96306523387369,C - Low
JARDIN ETCHED GLASS CHEESE DISH,575.45,97.96596756508748,C - Low
GLASS TWIST BON BON JAR,575.25,97.96886888758421,C - Low
6PC WOOD PLATE SET DISPOSABLE,574.88,97.97176834395434,C - Low
SMALL ORIENTAL RED FOLDING STOOL,574.71,97.97466694291495,C - Low
ROUND CACTUS CANDLE,574.48,97.97756438185093,C - Low
ASSORTED COLOUR LIZARD SUCTION HOOK,572.6999999999999,97.98045284320489,C - Low
"FRENCH BLUE METAL DOOR SIGN, 9",572.58,97.98334069932861,C - Low
ORIGAMI ROSE INCENSE IN TUBE,572.4,97.98622764760697,C - Low
FROG KING WATERING CAN,571.71,97.9891111158114,C - Low
WAKE UP COCKEREL CALENDAR SIGN ,571.0,97.9919910030702,C - Low
BLUE SPOTTY PASSPORT COVER,570.85,97.99487013379121,C - Low
THE KING GIFT BAG,570.4300000000001,97.99774714620634,C - Low
HANGING WOOD AND FELT HEART,570.09,98.00062244380244,C - Low
"WHITE PEARL BEADED HEART, SMALL",569.16,98.00349305086412,C - Low
CANDY SPOT HEART DECORATION,568.73,98.00636148918409,C - Low
LAUREL STAR ANTIQUE SILVER ,568.6,98.00922927183797,C - Low
WHITE CANDYSTUFT ARTIFICIAL FLOWER,568.02,98.0120941292123,C - Low
SCENTED CANDLE IN DIGITALIS TIN,567.5500000000001,98.01495661610151,C - Low
WATERING CAN SINGLE HOOK PISTACHIO,567.48,98.01781874993975,C - Low
ENAMEL COLLANDER CREAM,567.12,98.02067906808723,C - Low
WRAP BLUE REINDEER,567.0,98.02353878100448,C - Low
EAU DE NIL LOVE BIRD CANDLE,566.82,98.02639758607634,C - Low
TEACUP AND SAUCER REGENCY ROSES,566.7,98.02925578591797,C - Low
RETRO SPOT CANDLE  MEDIUM,566.22,98.03211156483859,C - Low
GARAGE KEY FOB,565.8100000000001,98.0349652758892,C - Low
YELLOW BREAKFAST CUP AND SAUCER,563.43,98.0378069832066,C - Low
PACK OF 12 VINTAGE LEAF TISSUES ,562.88,98.04064591655202,C - Low
TREE T-LIGHT HOLDER WILLIE WINKIE,562.2199999999999,98.04348152113107,C - Low
VINTAGE COFFEE GRINDER BOX,561.23,98.04631213256062,C - Low
ASSTD HEARTS DESIGN MUGS,561.05,98.04914183614476,C - Low
CINNAMON SCENTED VOTIVE CANDLE,561.04,98.05197148929307,C - Low
RED ROSE AND LACE C/COVER,560.5,98.05479841890525,C - Low
TEATIME GEL PENS ASST,560.48,98.05762524764575,C - Low
"FRENCH BLUE METAL DOOR SIGN, 7",560.05,98.06044990764451,C - Low
PARTY TIME PENCIL ERASERS,559.54,98.06327199541472,C - Low
CANDY SPOT APRON,559.2800000000001,98.06609277185274,C - Low
PIN CUSHION BABUSHKA BLUE,558.28,98.06890850470536,C - Low
KEEP OUT GIRLS DOOR HANGER ,557.49,98.07172025312552,C - Low
S/3 PINK SQUARE PLANTERS ROSES,557.4799999999999,98.07453195110983,C - Low
SET OF 36 DOILIES VINTAGE CHRISTMAS,557.4,98.0773432456073,C - Low
SET 4 VALENTINE DECOUPAGE HEART BOX,557.33,98.0801541870538,C - Low
PACK 3 FIRE ENGINE/CAR PATCHES,557.18,98.08296437196248,C - Low
EDWARDIAN PHOTO FRAME,556.21,98.08576966459334,C - Low
SQUARE MINI PORTRAIT FRAME,556.17,98.08857475548079,C - Low
SET OF 6 HALLOWEEN GHOST T-LIGHTS,556.11,98.0913795437531,C - Low
MIRRORED WALL ART POPPIES,556.01,98.09418382766691,C - Low
CUTE CATS TAPE,554.95,98.09698276538018,C - Low
WHITE MURANO TWIST BRACELET,554.13,98.09977756735341,C - Low
RIDGED GLASS T-LIGHT HOLDER,553.0300000000001,98.10256682138274,C - Low
PINK DISCO HANDBAG,552.72,98.10535451190057,C - Low
 RIDGED GLASS T-LIGHT HOLDER,552.1200000000001,98.10813917626717,C - Low
WOODLAND SMALL RED FELT HEART,552.02,98.11092333627523,C - Low
MEASURING TAPE RUSSIAN DOLL PINK,551.7,98.11370588233598,C - Low
BLUE CLIMBING HYDRANGA ART FLOWER,551.4000000000001,98.1164869153211,C - Low
TUMBLER NEW ENGLAND,551.1899999999999,98.1192668891533,C - Low
CHRISTMAS CARD STACK OF PRESENTS,550.28,98.12204227332279,C - Low
"FRENCH BLUE METAL DOOR SIGN, 6",550.1,98.1248167496469,C - Low
MEDIUM PARLOUR PICTURE FRAME ,550.0,98.12759072161249,C - Low
MIRRORED WALL ART SNOWFLAKES,548.89,98.13035909519829,C - Low
CHARLIE+LOLA MY ROOM DOOR SIGN,548.86,98.13312731747651,C - Low
CANDY SPOT BREAD BASKETS,548.81,98.13589528757547,C - Low
PACK OF 6 PANETTONE GIFT BOXES,548.63,98.13866234982905,C - Low
 4 PURPLE FLOCK DINNER CANDLES,548.11,98.14142678941823,C - Low
WRAP BIRD GARDEN ,548.1,98.14419117857156,C - Low
SET 3 JARDIN DE FEMME SCENT CANDLES,547.74,98.14695375203415,C - Low
EMBOSSED HEART TRINKET BOX,547.27,98.14971395501159,C - Low
MARAKESH LANTERN LARGE,544.5,98.15246018725752,C - Low
PAPERWEIGHT KINGS CHOICE ,544.29,98.15520536035051,C - Low
JELLY BABIES YELLOW SMALL BOWL,543.41,98.15794609508835,C - Low
"CARD, BILLBOARD FONT",543.34,98.16068647677521,C - Low
WHITE AND BLUE CERAMIC OIL BURNER,542.61,98.16342317664474,C - Low
FOLKART CROWN TABLE DECORATIONS,542.47,98.1661591704123,C - Low
SET/6 BEAD COASTERS GAUZE BAG GOLD,541.96,98.16889259195133,C - Low
SET/6 GINGERBREAD STAR T-LIGHTS,540.21,98.17161718721593,C - Low
SET/4 BIRD MIRROR MAGNETS ,539.6700000000001,98.17433905894441,C - Low
FRENCH CHATEAU LARGE PLATTER ,538.5,98.17705502967799,C - Low
TEATIME ROUND PENCIL SHARPENER ,537.06,98.17976373764859,C - Low
CROCHET ROSE PURSE WITH SUEDE BACK,536.4000000000001,98.18246911685281,C - Low
FUSCHIA/GREEN STRIPE WOOLLY BLANKET,536.24,98.1851736890834,C - Low
RED BIRD HOUSE TREE DECORATION,535.89,98.18787649605909,C - Low
HANGING HEART BONHEUR,535.35,98.19057657949868,C - Low
BLACK SQUARE TABLE CLOCK,535.18,98.19327580552874,C - Low
HENRIETTA HEN MUG ,534.66,98.19597240889442,C - Low
S/4 BLUE DINNER CANDLE SILVER FLOCK,534.58,98.19866860877323,C - Low
SILVER CHARM NECKLACE 70CM,534.27,98.2013632451406,C - Low
STARFISH SOAP DISH,533.8399999999999,98.20405571276623,C - Low
WRAP GREEN RUSSIAN FOLKART ,533.75,98.20674772646919,C - Low
GOLD WINE GOBLET,533.71,98.20943953842874,C - Low
ECONOMY LUGGAGE TAG,533.51,98.21213034167121,C - Low
ROUND PINK HEART MIRROR,533.48,98.21482099360611,C - Low
FRENCH CHATEAU OVAL PLATTER,531.4499999999999,98.21750140706266,C - Low
 IVORY PAPER CUP CAKE CASES ,530.16,98.22017531429407,C - Low
PREMIUM CHURCH CANDLE,530.16,98.22284922152546,C - Low
SMALL MARAKESH LANTERN ON STICK,529.49,98.22551974955465,C - Low
PINK BOUDICCA LARGE BRACELET,529.22,98.22818891581576,C - Low
CAKES AND RABBITS DESIGN FLANNEL ,529.16,98.23085777946177,C - Low
SPRIG LAVENDER ARTIFICIAL FLOWER,528.78,98.23352472654534,C - Low
CHERRY BLOSSOM LUGGAGE TAG,528.77,98.23619162319304,C - Low
SINGLE WIRE HOOK PINK HEART,528.6999999999999,98.23885816678977,C - Low
PASTEL BLUE PHOTO ALBUM ,528.56,98.24152400428453,C - Low
HEART BEADED TRELLIS DECORATION,528.1700000000001,98.244187874781,C - Low
TIGRIS EYE CHUNKY CHARM BRACELET,527.8199999999999,98.24684998002259,C - Low
GOLD WASHBAG,527.5600000000001,98.24951077393197,C - Low
PARTY PIZZA DISH PINK POLKADOT,526.64,98.25216692774279,C - Low
PHOTO CLIP LINE,525.4,98.25481682750772,C - Low
CHILDRENS APRON APPLE DESIGN,524.71,98.25746324719874,C - Low
ROSE SCENT CANDLES IN GLASS,523.15,98.26010179889653,C - Low
BLUE EGG  SPOON,523.0699999999999,98.2627399471075,C - Low
75 BLACK FAIRY CAKE CASES,522.95,98.26537749008823,C - Low
EASTER TIN CHICKS IN GARDEN,522.93,98.26801493219723,C - Low
GREEN BITTY LIGHT CHAIN,522.85,98.27065197081943,C - Low
BLUE PULL BACK RACING CAR,522.3100000000001,98.2732862859055,C - Low
WALL ART I LOVE LONDON ,521.73,98.27591767571204,C - Low
YELLOW EASTER EGG HUNT START POST,520.55,98.27854311408782,C - Low
EGG FRYING PAN PINK ,519.25,98.2811619958026,C - Low
BLUE TILED TRAY,518.5,98.28377709482832,C - Low
SET OF 3 SILVER FLYING DUCKS,518.4,98.28639168949552,C - Low
SILVER FABRIC MIRROR,518.07,98.28900461977953,C - Low
ENAMEL BLUE RIM COFFEE CONTAINER,517.71,98.2916157343728,C - Low
GREEN ROSE CUSHION COVER,517.48,98.29422568894142,C - Low
WHITE PICNIC BARBECUE BUCKET,517.4300000000001,98.29683539133079,C - Low
RETRO PLASTIC 70'S TRAY,516.89,98.29944237018404,C - Low
CLASSICAL ROSE CANDLESTAND,516.85,98.30204914729389,C - Low
S/4 BLACK MINI ROSE CANDLE IN BOWL,516.31,98.30465320086759,C - Low
SUMMER DAISIES BAG CHARM,514.18,98.30724651160443,C - Low
PINK SCOTTIE DOG W FLOWER PATTERN,513.6899999999999,98.30983735098442,C - Low
FUNKY MONKEY CUSHION COVER,513.58,98.31242763557002,C - Low
FUNKY MONKEY GIFT BAG MEDIUM,512.38,98.31501186785316,C - Low
OLD DOC RUSSEL METAL SIGN,512.13,98.31759483923993,C - Low
IVORY WIRE SWEETHEART LETTER TRAY,511.89,98.32017660016622,C - Low
GREEN SQUARE COMPACT MIRROR,511.01,98.32275392273738,C - Low
BEADED CRYSTAL HEART BLUE SMALL,510.23,98.32532731131191,C - Low
GREEN 3 TIER GLASS PLATE STAND,509.9,98.32789903550326,C - Low
DAIRY MAID CERAMIC BUTTER DISH,509.62,98.3304693474907,C - Low
CRYSTAL STUD EARRINGS ASSORTED COL ,509.08000000000004,98.33303693594205,C - Low
RETRO PINK SPOT WASHING UP GLOVES,509.00000000000006,98.33560412090655,C - Low
LADLE LOVE HEART PINK,508.75,98.3381700449747,C - Low
BLUE POLKADOT PASSPORT COVER,506.96,98.34072694102501,C - Low
PAPER LANTERN 9 POINT HOLLY STAR L,506.01,98.3432790456692,C - Low
FIRST CLASS LUGGAGE TAG ,505.41,98.34582812416215,C - Low
WALL ART ANIMALS AND NATURE ,504.59000000000003,98.34837306691509,C - Low
BIRD IN TREE MUG ,504.55,98.3509178079246,C - Low
DECORATION WOBBLY RABBIT METAL ,504.46,98.35346209501144,C - Low
GREEN ROUND COMPACT MIRROR,504.43,98.3560062307907,C - Low
MINI JIGSAW LEAP FROG,503.92,98.3585477943414,C - Low
BOX/12 CHICK & EGG IN BASKET,503.51,98.36108729002213,C - Low
BLACK LOVE BIRD CANDLE,502.90999999999997,98.3636237595516,C - Low
JARDIN ETCHED GLASS GINGER JAR,502.58,98.36615856469788,C - Low
ZINC HEART LATTICE 2 WALL PLANTER,502.27,98.36869180633269,C - Low
BLOND DOLL DOORSTOP,502.08,98.37122408968628,C - Low
BLUE DELPHINIUM ARTIFICIAL FLOWER,501.9700000000001,98.37375581824547,C - Low
AMBER GLASS/SILVER BRACELET,501.65,98.37628593285734,C - Low
POPPY FIELDS CHOPPING BOARD,501.23,98.37881392916336,C - Low
SCOTTIES DES CHILD'S APRON,500.83,98.38133990803519,C - Low
GLASS BONNE JAM JAR,500.82000000000005,98.3838658364712,C - Low
PATCHWORK PENCIL CASE BUTTERFLY ,500.49,98.38639010052401,C - Low
SILVER BOOK MARK WITH BEADS,500.34,98.38891360803902,C - Low
CHERRY BLOSSOM TABLE CLOCK ,500.19,98.39143635901623,C - Low
HOUSE SHAPE PENCIL SHARPENER,499.55,98.39395588209878,C - Low
SKULLS TAPE,499.44000000000005,98.39647485038695,C - Low
SET OF 3 BIRD L.BLUE FEATHER,499.31,98.39899316300901,C - Low
SET OF 6 RIBBONS COUNTRY STYLE,499.18,98.40151081996495,C - Low
FAWN AND MUSHROOM GREETING CARD,498.21,98.40402358464308,C - Low
DENIM PATCH PENCIL CASE BUTTERFLY,498.14000000000004,98.40653599627024,C - Low
CAROUSEL DES CHILD'S OVERALL,497.81,98.40904674351421,C - Low
PINK AND WHITE CHRISTMAS TREE 180CM,497.70000000000005,98.41155693596377,C - Low
OPIUM SCENTED VOTIVE CANDLE,497.03999999999996,98.41406379964698,C - Low
BLUE  SPOTTY  COFFEE MUG,495.98,98.4165653171297,C - Low
COLUMBIAN CANDLE ROUND ,495.05,98.41906214407798,C - Low
S/4 PINK DINNER CANDLE SILVER FLOCK,494.39,98.42155564225992,C - Low
BOTANICAL LAVENDER BIRTHDAY CARD,493.99,98.42404712300768,C - Low
PURPLE FOXGLOVE ARTIIFCIAL FLOWER,492.90000000000003,98.42653310624738,C - Low
BALLERINA HEART DECORATION.,492.17,98.42901540766974,C - Low
RED BOUDICCA LARGE BRACELET,490.92,98.43149140461037,C - Low
ASS DES PHONE SPONGE CRAFT STICKER,489.79,98.43396170229948,C - Low
CUBIC MUG PINK POLKADOT,489.59999999999997,98.4364310417074,C - Low
Bank Charges,489.241,98.43889857046815,C - Low
ROSE DU SUD CHILDS APRON,489.14,98.44136558982677,C - Low
FOLK ART METAL STAR T-LIGHT HOLDER,488.51,98.4438294317266,C - Low
GREEN HEART COMPACT MIRROR,488.31,98.44629226490935,C - Low
VINTAGE GLASS SUGAR CADDY,488.16,98.44875434155428,C - Low
STRIPY DESIGN SHOWER CAP,488.11999999999995,98.4512162164558,C - Low
SALT AND PEPPER SHAKERS TOADSTOOLS,486.35,98.4536691642112,C - Low
4 BLUE DINNER CANDLES SILVER FLOCK,485.63,98.45611848058509,C - Low
OVEN MITT APPLE DESIGN,485.0,98.4585646195002,C - Low
MONEY BOX FIRST ADE DESIGN,484.34000000000003,98.46100742964893,C - Low
BLUE SQUARE COMPACT MIRROR,483.75,98.46344726408228,C - Low
LAUREL STAR ANTIQUE GOLD,483.03,98.46588346713416,C - Low
FELT FARM ANIMAL HEN,482.95,98.46831926669921,C - Low
BOTANICAL LAVENDER GIFT WRAP ,481.0,98.47074523127274,C - Low
S/4 BURGUNDY WINE DINNER CANDLES,480.94,98.47317089323116,C - Low
RED PEONY CUSHION COVER ,480.85,98.47559610126689,C - Low
SET/6 3D KIT CARDS FOR KIDS,480.69,98.47802050232895,C - Low
PARTY PIZZA DISH GREEN POLKADOT,479.59999999999997,98.48043940588293,C - Low
CLASSIC GLASS SWEET JAR,479.45000000000005,98.4828575528991,C - Low
MAXWELL 2 TONE PINK 60 PAGE PHOTO A,479.40999999999997,98.48527549817186,C - Low
PANTRY HOOK BALLOON WHISK ,477.89,98.48768577719483,C - Low
GREEN BLUE FLOWER PIGGY BANK,477.29999999999995,98.49009308050242,C - Low
S/4 ROSE    BOTANICAL  CANDLE,477.12,98.49249947596464,C - Low
SILVER STANDING GNOME   ,476.61,98.49490329919828,C - Low
"F.FAIRY S/3 CANDLE/GLASS, ROSE",476.4,98.49730606327901,C - Low
SET OF 6 RIBBONS PARTY,476.0,98.49970680992558,C - Low
SET/6 BLACK BIRD T-LIGHT CANDLES,475.91,98.50210710264946,C - Low
PINK BOUDOIR T-LIGHT HOLDER,475.43,98.50450497445237,C - Low
4 SKY BLUE DINNER CANDLES,475.26,98.50690198884575,C - Low
WHITE CHRYSANTHEMUMS ART FLOWER,474.84000000000003,98.50929688493326,C - Low
ELEPHANT BIRTHDAY CARD ,474.78,98.51169147840567,C - Low
DAIRY MAID  SMALL  MILK JUG,474.74000000000007,98.51408587013464,C - Low
BLUE SHARK HELICOPTER,473.77000000000004,98.51647536958578,C - Low
TEACUP AND SAUCER REGENCY GREEN,472.5,98.51885846368347,C - Low
RED DAISY PAPER LAMPSHADE,472.07,98.52123938903947,C - Low
72 CAKE CASES DOLLY GIRL DESIGN,471.85,98.52361920480666,C - Low
FLOWERS TILE COASTER,471.57,98.52599760836995,C - Low
JARDIN ETCHED GLASS BUTTER DISH,471.4,98.5283751545237,C - Low
FIRST CLASS HOLIDAY PURSE ,471.33000000000004,98.53075234762649,C - Low
BLACK FACE LAMB WITH PANTS,471.13,98.5331285320122,C - Low
Dotcomgiftshop Gift Voucher £20.00,471.06,98.53550436334693,C - Low
ENGLISH ROSE PLACEMATS,470.74,98.53787858073433,C - Low
WALL ART CAT AND BIRD ,469.73,98.5402477041005,C - Low
BANK ACCOUNT  GREETING  CARD ,469.28,98.54261455785324,C - Low
JADE DROP EARRINGS W FILIGREE,469.18,98.54498090724744,C - Low
"FRENCH BLUE METAL DOOR SIGN, No",468.94,98.54734604618115,C - Low
PURPLE PILLAR CANDLE BLACK FLOCK,467.71000000000004,98.54970498150483,C - Low
S/4 GROOVY CAT MAGNETS,467.4,98.55206235331701,C - Low
MULTICOLOUR RABBIT EGG WARMER,466.69,98.5544161441836,C - Low
LAVENDER SCENT CAKE CANDLE,466.38,98.5567683715387,C - Low
PACK OF 12 RED APPLE TISSUES,465.36,98.55911545443668,C - Low
SUMMER FUN DESIGN SHOWER CAP,463.30999999999995,98.56145219798462,C - Low
SMALL PARLOUR PICTURE FRAME,462.45,98.56378460404913,C - Low
GREEN MURANO TWIST BRACELET,462.32,98.56611635444754,C - Low
GIANT PINK HEART MEMO HOLDER,462.15000000000003,98.56844724743642,C - Low
COLUMBIAN CUBE CANDLE,462.15,98.57077814042532,C - Low
BASKET/8 SCENTED LOVE TOKEN CANDLES,461.53,98.57310590639126,C - Low
HANGING WOOD AND FELT FLOWER,460.9,98.57543049489841,C - Low
BLACK GEMSTONE BRACELET,460.69,98.57775402425264,C - Low
WRAP KEEP CALM BIRTHDAY,460.5,98.58007659532564,C - Low
HAND TOWEL PINK FLOWER AND DAISY,459.56,98.58239442542836,C - Low
SILVER HANGING T-LIGHT HOLDER DOME,459.2099999999999,98.58471049027621,C - Low
RED WALL CLOCK,459.0,98.58702549597112,C - Low
IVORY WALL CLOCK,459.0,98.58934050166603,C - Low
ASSORTED MONKEY SUCTION CUP HOOK,458.34,98.59165217859457,C - Low
4 ROSE PINK DINNER CANDLES,457.92,98.59396173721726,C - Low
PINK HEART RED HANDBAG,457.65000000000003,98.59626993407188,C - Low
PARTY PIZZA DISH BLUE POLKADOT,457.58,98.59857777787553,C - Low
PAPER LANTERN 5 POINT STAR MOON ,456.48,98.60088007373525,C - Low
SILVER HOOP EARRINGS WITH FLOWER,455.86,98.60317924257203,C - Low
BLACK ENAMEL FLOWER RING,454.31000000000006,98.60547059385144,C - Low
LIGHTHOUSE PRINTED METAL SIGN,454.3,98.607761894695,C - Low
"S/6 HALLOWEEN GHOST T LIGHTS, 5CM H",453.99,98.6100516320271,C - Low
STRIPES DESIGN TEDDY,453.76,98.61234020933456,C - Low
PACK 3 BOXES BIRD PANETTONE ,451.84,98.61461910295806,C - Low
ECONOMY PASSPORT COVER ,451.67,98.61689713917204,C - Low
WRAP MAGIC FOREST ,451.5,98.61917431797652,C - Low
MINI PLAYING CARDS FUN FAIR ,451.46000000000004,98.62145129503757,C - Low
BLUE MURANO TWIST BRACELET,451.44,98.62372817122692,C - Low
CUBIC MUG PINK POLKA DOT,451.40999999999997,98.62600489610871,C - Low
PINK HEARTS PHOTO ALBUM,451.35,98.62828131837537,C - Low
RETRO PINK BALL ASHTRAY ,450.98,98.63055587451545,C - Low
FOOD/DRINK SPONGE STICKERS,449.82,98.63282458009645,C - Low
BLUE POLKADOT PUDDING BOWL,449.26000000000005,98.63509046126964,C - Low
CHERRY BLOSSOM PASSPORT COVER,449.26,98.63735634244286,C - Low
CARTOON  PENCIL SHARPENERS,448.13,98.63961652436456,C - Low
SILVER/MOP ORBIT NECKLACE,447.21,98.64187206618769,C - Low
ASS COL SMALL SAND FROG P'WEIGHT,447.0,98.6441265488579,C - Low
"TUMBLER, BAROQUE",445.45,98.64637321397073,C - Low
PINK MONTE CARLO HANDBAG,445.03,98.64861776077773,C - Low
RED RETROSPOT TOASTRACK,444.36,98.65085892838249,C - Low
MIDNIGHT BLUE GLASS/SILVER BRACELET,443.84999999999997,98.65309752375872,C - Low
PURPLE/TURQ FLOWERS HANDBAG,441.99,98.6553267380661,C - Low
VINTAGE ROSE BEAD BRACELET BLACK,441.9,98.6575554984508,C - Low
BROWN COZY SQUARE PHOTO ALBUM,441.77,98.65978360316939,C - Low
RETRO PLASTIC DAISY TRAY,440.45,98.66200505035529,C - Low
LAZER CUT NECKLACE W PASTEL BEADS,439.65,98.66422246267284,C - Low
WRAP  PINK FLOCK,439.0,98.6664365966599,C - Low
"TUMBLER, ENGLISH ROSE",438.25,98.66864694795794,C - Low
RIDGED BONNE JAM JAR T-LIGHT HOLDER,437.81999999999994,98.67085513051424,C - Low
MIDNIGHT BLUE VINTAGE EARRINGS,434.27,98.6730454083424,C - Low
PARTY PIZZA DISH RED WHITE SPOT ,434.06999999999994,98.67523467745349,C - Low
ENGLISH ROSE METAL WASTE BIN,433.70000000000005,98.67742208043798,C - Low
NINJA RABBIT PINK,433.61,98.67960902949979,C - Low
BLUE DISCO HANDBAG,433.46,98.6817952220238,C - Low
SET OF 4 NEW ENGLAND COASTERS ,432.75,98.68397783360217,C - Low
PINK FOXGLOVE ARTIIFCIAL FLOWER,432.45000000000005,98.6861589321049,C - Low
ROBOT MUG IN DISPLAY BOX,431.18,98.68833362525422,C - Low
BLUE RIVIERA HANDBAG,431.0,98.69050741055815,C - Low
CHRISTMAS HANGING SNOWFLAKE,430.86,98.69268048976012,C - Low
4 PINK DINNER CANDLE SILVER FLOCK,430.45,98.69485150109209,C - Low
ZINC HEART LATTICE TRAY OVAL ,429.57,98.69701807406891,C - Low
POPART WOODEN PENCILS ASST,429.44,98.69918399137964,C - Low
BLACK VINTAGE EARRINGS,428.92,98.70134728602596,C - Low
BLUE KASHMIRI BOXED MIRROR,428.0,98.70350594057372,C - Low
PINK/BLUE DISC/MIRROR STRING,427.95,98.7056643429422,C - Low
PINK HYDRANGEA ART FLOWER,427.44000000000005,98.70782017308215,C - Low
LARGE PARLOUR PICTURE FRAME,427.03000000000003,98.70997393535208,C - Low
DOG AND BALL WALL ART,425.87999999999994,98.7121218974988,C - Low
ORANGE VOTIVE CANDLE,425.75999999999993,98.71426925441529,C - Low
LITTLE FLOWER SHOPPER BAG,424.0,98.71640773462148,C - Low
NINJA RABBIT BLACK,423.9,98.71854571046912,C - Low
DECORATIVE NET CANOPY LEOPARD,423.73,98.72068282890726,C - Low
PINK STRAWBERRY HANDBAG ,423.53000000000003,98.72281893862832,C - Low
PAISLEY PATTERN  STICKERS,423.0,98.72495237524912,C - Low
SMALL FOLDING SCISSOR(POINTED EDGE),422.96,98.72708561012651,C - Low
SMALL MARAKESH METAL  LANTERN ,422.9,98.72921854238875,C - Low
PIN CUSHION RUSSIAN DOLL PINK,422.45000000000005,98.73134920503759,C - Low
"CAKE TIN, ROUND, VINTAGE RED,CREAM",421.05,98.73347280666687,C - Low
TEA TIME BREAKFAST BASKET,420.87,98.73559550045078,C - Low
ELVIS WALLHANGING / CURTAIN,419.99,98.73771375587955,C - Low
GREEN KASHMIRI OCCASIONAL TABLE,419.85,98.73983130520637,C - Low
ROUND GEORGIAN SILVER MIRROR,419.25000000000006,98.74194582838194,C - Low
BLACK SILOUETTE CANDLE PLATE,418.18,98.74405495492115,C - Low
BOTANICAL LILY GREETING CARD,418.12,98.74616377884524,C - Low
FLOWER FAIRY SET OF 3 LILY CANDLES,417.7,98.74827048446346,C - Low
FAIRY CAKES RECTANGLUAR BOXES,417.58,98.75037658485142,C - Low
BLUE ROCKING SINGING CANARY,417.17,98.7524806173694,C - Low
OCEAN SCENT CANDLE JEWELLED DRAWER,416.35,98.75458051414734,C - Low
ENAMEL BLUE RIM OVAL TRAY SET/2,416.01,98.75667869610626,C - Low
YELLOW KNITTED KIDS RUCKSACK,414.74,98.75877047271172,C - Low
PAPERWEIGHT VINTAGE PAISLEY,413.76,98.7608573066035,C - Low
MAGIC GARDEN MOUNT FUJI,413.12,98.76294091260063,C - Low
S/3 TEAR DROP CUT GLASS DECORATION,412.77,98.76502275334286,C - Low
DOLLY CABINET 2 DRAWERS ,412.5,98.76710323231704,C - Low
ECONOMY HOLIDAY PURSE,412.45000000000005,98.76918345911196,C - Low
HOME SWEET HOME HOOK,412.17999999999995,98.7712623241388,C - Low
SET OF 4 DOTTY PLACEMATS ,411.78000000000003,98.77333917173151,C - Low
BOOZE & WOMEN GREETING CARD ,411.63,98.7754152627864,C - Low
BLUE ROSE PATCH PURSE PINK BUTTERFL,410.84999999999997,98.77748741984469,C - Low
KASBAH LANTERN WITH GLASS ,410.64000000000004,98.77955851775005,C - Low
SILVER FLOWR PINK SHELL NECKLACE,410.26000000000005,98.78162769909295,C - Low
FAIRY CAKE PLACEMATS,409.94,98.78369526648855,C - Low
BLUE BREAKFAST CUP AND SAUCER ,409.6,98.7857611190651,C - Low
WRAP BLIZZARD,409.5,98.7878264672831,C - Low
LARGE TRIFLE DESIGN L BLUE BOWL,408.9,98.78988878934987,C - Low
PILLOWCUSHION COVER PINK UNION JACK,408.83000000000004,98.79195075836566,C - Low
SET OF MEADOW  FLOWER STICKERS,408.66,98.79401186997192,C - Low
BAG FOR CHILDREN VINTAGE BLUE ,408.0,98.79606965281185,C - Low
BAG FOR CHILDREN VINTAGE PINK ,408.0,98.79812743565176,C - Low
"CAKESTAND, 3 TIER, LOVEHEART",405.5,98.8001726095282,C - Low
GREEN PEONY CUSHION COVER,403.75,98.8022089571302,C - Low
BEECH WOOD PHOTO FRAME ,403.64,98.80424474993782,C - Low
CRYSTAL DIAMANTE STAR BROOCH,402.61,98.80627534785246,C - Low
SMALL PINK PEONY FOLDING STOOL,401.3,98.80829933867027,C - Low
MINI LADLE LOVE HEART RED ,401.18,98.81032272425782,C - Low
EGG FRYING PAN BLUE ,400.84000000000003,98.81234439502632,C - Low
SNACK TRAY RED VINTAGE DOILY,400.03999999999996,98.81436203092652,C - Low
RED RETRO KITCHEN WALL CLOCK,400.01,98.81637951551916,C - Low
T-LIGHT HOLDER SILVER HEART HANDLE,399.71,98.81839548703618,C - Low
SET OF 3 VINTAGE TEA TIME BOXES,399.62,98.82041100463053,C - Low
TUSCAN VILLA DOVECOTE BIRD FEEDER,399.03,98.82242354650947,C - Low
MOCK LOBSTER FRIDGE MAGNET,399.01,98.82443598751674,C - Low
JARDIN DE FEMME SCENTED CANDLE,398.03999999999996,98.82644353624615,C - Low
Discount,397.89,98.82845032843775,C - Low
WHITE GRAND BAROQUE PHOTO FRAME,396.8,98.83045162312129,C - Low
BLACK+WHITE NECKLACE W TASSEL,396.64,98.83245211083114,C - Low
CREAM DELPHINIUM ARTIFICIAL FLOWER,396.38000000000005,98.83445128720881,C - Low
SPACE FROG,396.12,98.83644915225427,C - Low
PINK MURANO TWIST BRACELET,395.68,98.83844479812215,C - Low
HEART TRELLIS TRIPLE T-LIGHT HOLDER,395.11,98.84043756914637,C - Low
LILLIES CANVAS PICTURE,394.84999999999997,98.8424290288384,C - Low
GOLD SCROLL GLASS T-LIGHT HOLDER,393.69000000000005,98.84441463797137,C - Low
MILK MAIDS MUG ,393.59,98.84639974274579,C - Low
S/4 FESTIVE GREEN DINNER CANDLES,393.39,98.84838383880313,C - Low
CLEAR LOVE BIRD T-LIGHT HOLDER,392.53,98.85036359737704,C - Low
GREEN ENAMEL FLOWER RING,391.37,98.8523375053919,C - Low
BLUE FLY SWAT,391.31,98.85431111079161,C - Low
BLUE MURANO TWIST NECKLACE,391.18,98.85628406052524,C - Low
SILVER OVAL SHAPE TRINKET BOX,390.95,98.85825585023423,C - Low
IVORY SWEETHEART SOAP DISH,390.75000000000006,98.86022663122613,C - Low
BLUE POLKADOT PURSE ,390.16,98.86219443650265,C - Low
ENGLISH ROSE IRONING BOARD COVER,390.0,98.86416143480552,C - Low
PURPLE ANEMONE ARTIFICIAL FLOWER,389.79,98.86612737395545,C - Low
WHITE CERAMIC PARTY SET (5PCS),389.3,98.86809084174854,C - Low
POP-ART FLUORESCENT PENS,389.22,98.87005390605479,C - Low
EGG FRYING PAN MINT ,388.75,98.87201459987591,C - Low
BUTTONS AND STRIPES NOTEBOOK ,387.13,98.87396712308869,C - Low
BELL HEART DECORATION,387.0,98.87591899063538,C - Low
ST TROPEZ NECKLACE,386.32,98.877867428544,C - Low
ROSE PINK METAL FOLDING CHAIR,385.98,98.8798141516336,C - Low
RUBY GLASS CLUSTER BRACELET,385.15000000000003,98.8817566885473,C - Low
TEACUP AND SAUCER REGENCY PINK,384.0,98.88369342533781,C - Low
"CAKE TIN, 3 TIER RED/IVORY",383.4,98.88562713597707,C - Low
PURPLE ENAMEL FLOWER RING,382.84000000000003,98.88755802220854,C - Low
VEGETABLE GARDEN CHOPPING BOARD,382.44,98.88948689100584,C - Low
WHITE MOROCCAN METAL LANTERN,381.54999999999995,98.89141127101215,C - Low
"PEARL & SHELL 42""NECKL. PINK",380.89,98.89333232225209,C - Low
AMBER CHUNKY BEAD BRACELET W STRAP,380.82,98.89525302044106,C - Low
"F.FAIRY S/3 CANDLE/GLASS,LAVENDER",380.35,98.8971713481449,C - Low
VIP HOLIDAY PURSE,378.85,98.89908211047064,C - Low
FAIRY CAKES ROUND NESTING BOXES,377.93,98.90098823269781,C - Low
PINK POLKADOT PLATE ,377.56,98.9028924887984,C - Low
12 PENCILS SMALL TUBE POSY,376.34000000000003,98.9047905917248,C - Low
SET/6 GOLD REINDEER T-LIGHT CANDLES,376.05,98.90668723201146,C - Low
SWIRLY CIRCULAR RUBBERS IN BAG,375.93,98.90858326706785,C - Low
LA JARDIN BOTANIQUE CUSHION COVER,375.53,98.9104772846901,C - Low
DOLLCRAFT BOY JEAN-PAUL ,373.9,98.91236308126815,C - Low
CLASSICAL ROSE URN,372.3,98.91424080810958,C - Low
CITRUS GARLAND FELT FLOWERS ,372.14,98.91611772797735,C - Low
BLUE ROUND COMPACT MIRROR,371.84999999999997,98.91799318520536,C - Low
MEDIUM PINK BUDDHA HEAD ,371.78000000000003,98.91986828938238,C - Low
LETTER SHAPE PENCIL SHARPENER,371.64,98.92174268745745,C - Low
DOORSTOP RUSSIAN DOLL RETROSPOT,371.1,98.92361436199641,C - Low
OLD ROSE COMBO BEAD NECKLACE,370.92,98.92548512869,C - Low
FLAG OF ST GEORGE CHAIR,370.6,98.92735428143628,C - Low
SEASIDE FRISBEE ,370.54,98.9292231315674,C - Low
LIGHT PINK FLOCK GLASS CANDLEHOLDER,369.78000000000003,98.93108814857364,C - Low
QUEEN OF THE SKIES HOLIDAY PURSE ,369.41,98.9329512994533,C - Low
BLUE POLKADOT LUGGAGE TAG ,369.39,98.93481434946123,C - Low
DIAMANTE BOW BROOCH RED COLOUR,368.29999999999995,98.93667190196108,C - Low
VINTAGE NOTEBOOK BEAUTY GIRL,368.24,98.93852915184581,C - Low
EAU DE NILE JEWELLED T-LIGHT HOLDER,367.55,98.94038292165664,C - Low
ASS FLORAL PRINT TAPE MEASURE,367.36,98.94223573318621,C - Low
SNACK TRAY PAISLEY PARK,367.34999999999997,98.94408849427995,C - Low
ENGLISH ROSE TAPE MEASURE,366.81,98.94593853183757,C - Low
CREAM KNITTED HEN,365.76,98.94778327363053,C - Low
FLOWER BURST SILVER RING CRYSTAL,365.74,98.9496279145518,C - Low
LA PALMIERA TILE COASTER,365.34999999999997,98.95147058847475,C - Low
FOLK ART METAL HEART T-LIGHT HOLDER,363.34000000000003,98.95330312479106,C - Low
WHITE  ROSEBUD PEARL BRACELET,362.94,98.95513364367322,C - Low
PURPLE BOUDICCA LARGE BRACELET,362.51,98.95696199381368,C - Low
CANDY SPOT EGG WARMER RABBIT,360.99,98.9587826777043,C - Low
RED AND WHITE SPOT TAPE,360.93,98.96060305897983,C - Low
SMALL HANGING GLASS+ZINC LANTERN,360.21,98.96241980887388,C - Low
PARTY TIME DESIGN FLANNEL,358.96999999999997,98.96423030472201,C - Low
PINK DRESS JEWELLERY STAND ,358.92999999999995,98.96604059882674,C - Low
"FLOWER GLASS GARLD NECKL36""AMETHYST",358.87,98.96785059031636,C - Low
SNACK TRAY I LOVE LONDON,358.75,98.96965997657571,C - Low
PINK OVAL SHAPE TRINKET BOX,357.71,98.97146411750629,C - Low
MEDIUM WHITE/PINK ROSE ART FLOWER,357.22,98.97326578708,C - Low
PLASTERS IN TIN MR STRONG ,357.0,98.97506634706492,C - Low
WHITE/PINK CHICK DECORATION,355.58000000000004,98.97685974515859,C - Low
SET/4 MODERN VINTAGE COTTON NAPKINS,355.48,98.97865263889372,C - Low
PINK MILKSHAKE GLASS,355.33,98.98044477609103,C - Low
ROSES WHITE ROUND CANDLE,355.05,98.98223550108445,C - Low
SILVER M.O.P ORBIT BRACELET,354.59000000000003,98.98402390602858,C - Low
SMALL POP BOX FUNKY MONKEY,353.98,98.98580923438564,C - Low
DIAMANTE BOW BROOCH GREEN COLOUR,353.71,98.98759320097462,C - Low
GREEN VINTAGE EARRINGS ,353.55,98.98937636058996,C - Low
SET/6  ANGEL T-LIGHTS WHITE/GOLD,353.39,98.99115871323161,C - Low
BOTANICAL LILY GIFT WRAP,353.0,98.99293909887498,C - Low
YELLOW FLOWERS FELT HANDBAG KIT,352.75,98.99471822362199,C - Low
POLYESTER FILLER PAD 45x30cm,352.34999999999997,98.99649533093486,C - Low
SILVER CHERRY LIGHTS,352.02,98.99827077386453,C - Low
PINK CHRYSANTHEMUMS ART FLOWER,351.6,99.00004409848835,C - Low
PANTRY HOOK TEA STRAINER ,351.37,99.00181626308753,C - Low
SET OF 4 POLKADOT COASTERS,351.35,99.00358832681499,C - Low
RED ENAMEL FLOWER RING,350.94000000000005,99.00535832267246,C - Low
ANT COPPER RED BOUDICCA BRACELET,349.96000000000004,99.00712337581624,C - Low
DECORATION SITTING BUNNY,349.54,99.00888631065413,C - Low
PANTRY HOOK SPATULA,349.2,99.010647530673,C - Low
"F.FAIRY S/3 CANDLE/GLASS,LILY/VALLY",349.15000000000003,99.0124084985126,C - Low
SPACE BOY BIRTHDAY CARD,349.12,99.01416931504464,C - Low
BATHROOM SCALES RUBBER DUCKS,348.8,99.01592851762936,C - Low
PAPER LANTERN 9 POINT HOLLY STAR S,348.59000000000003,99.01768666106115,C - Low
GEMSTONE CHANDELIER T-LIGHT HOLDER,347.70000000000005,99.01944031570193,C - Low
FAIRY CAKE GREETINGS CARD,347.3,99.02119195290855,C - Low
ENGLISH ROSE NOTEBOOK A6 SIZE,346.93,99.02294172398858,C - Low
FELT FARM ANIMAL SHEEP,345.47999999999996,99.02468418186979,C - Low
WHITE HYDRANGEA ART FLOWER,345.00000000000006,99.02642421883002,C - Low
LONG SILVER NECKLACE PASTEL FLOWER,343.98,99.02815911133315,C - Low
BLUE WIRE SPIRAL CANDLE HOLDER,342.94,99.02988875850747,C - Low
SET/4 DAISY MIRROR MAGNETS,342.8,99.03161769957983,C - Low
SET/6 GARDEN GNOME T-LIGHT CANDLES,342.75,99.03334638847294,C - Low
SILVER LARIAT 40CM,342.6,99.03507432082822,C - Low
4 PINK FLOCK CHRISTMAS BALLS,342.17,99.03680008444181,C - Low
SET/3 CHRISTMAS BRIAR CANDLES,341.53,99.03852262016072,C - Low
SMALL ZINC/GLASS CANDLEHOLDER,340.45,99.0402397088074,C - Low
WALL ART TREASURE AHOY ,340.35,99.04195629309557,C - Low
4 BURGUNDY WINE DINNER CANDLES,340.28,99.04367252433275,C - Low
STRING CRYSTALS NATURAL,340.0,99.045387343366,C - Low
WHITE ROUND PORCELAIN TLIGHT HOLDER,339.84,99.04710135542561,C - Low
BLUE STAR BLOCK TABLE LAMP,339.57,99.04881400571716,C - Low
WAKE UP COCKEREL WALL THERMOMETER,339.28999999999996,99.0505252438048,C - Low
BLUE CAT BISCUIT BARREL PINK HEART,337.04,99.05222513382529,C - Low
DOLLCRAFT GIRL NICOLE,336.6,99.05392280466823,C - Low
PINK CHICK EGG WARMER + EGG CUP,336.58,99.05562037463945,C - Low
ORIGAMI SANDLEWOOD INCENSE+FLOWER,336.20000000000005,99.05731602804822,C - Low
ZINC HEART LATTICE CHARGER LARGE,334.35,99.05900235082403,C - Low
FLOWER FAIRY INCENSE LILY,333.61,99.06068494134664,C - Low
RED  EGG  SPOON,333.42,99.06236657358804,C - Low
BLUE GLASS CHUNKY CHARM BRACELET,332.95,99.06404583534429,C - Low
BEAUTY SPEED EXPRESSO CUPS,332.9,99.06572484492125,C - Low
SET OF 3 WICKER BASKET TEA AND CAKE,332.6,99.06740234142262,C - Low
OYSTER TRINKET BOX,332.16,99.06907761874642,C - Low
PINK STRING CURTAIN WITH POLE,331.14,99.07074775161313,C - Low
KNITTED RAINBOW HOT WATER BOTTLE,330.78,99.07241606878907,C - Low
GREEN GEISHA GIRL ,330.36,99.07408226765916,C - Low
EASTER BUNNY HANGING GARLAND,330.32,99.07574826478583,C - Low
TURQUOISE GLASS TASSLE BAG CHARM ,329.95,99.0774123957859,C - Low
PIG MUG IN TWO COLOUR DESIGNS,328.51,99.07906926402302,C - Low
WHITE CHOCOLATE SCENT CANDLE,328.39000000000004,99.08072552702988,C - Low
GOLD M PEARL  ORBIT NECKLACE,327.81,99.08237886475722,C - Low
SWEET PUDDING STICKER SHEET,327.75,99.08403189986943,C - Low
DOILEY BISCUIT TIN,327.6,99.08568417844384,C - Low
PINK KNITTED COW STUFFED TOY,326.33,99.0873300516648,C - Low
ENGLISH ROSE TABLE CLOCK,325.88,99.08897365527231,C - Low
LOUVRE CHALKBOARD,325.6,99.09061584667595,C - Low
SPACE BOY GIFT WRAP,325.5,99.09225753372102,C - Low
PURPLE ENAMEL+GLASS HAIR COMB,325.5,99.09389922076612,C - Low
CANDLE HOLDER SILVER MADELINE,325.15999999999997,99.09553919299216,C - Low
WOODLAND LARGE PINK FELT HEART,324.40000000000003,99.0971753320933,C - Low
CAT AND BIRD WALL ART,323.64,99.09880763806956,C - Low
PINK GLASS CHUNKY CHARM BRACELET,322.84999999999997,99.10043595961336,C - Low
BLUE GEISHA GIRL ,322.61,99.10206307069666,C - Low
BLACK GLASS BRACELET W HEART CHARMS,322.52000000000004,99.10368972785727,C - Low
AMBER CHUNKY GLASS+BEAD NECKLACE,322.40999999999997,99.10531583022349,C - Low
 SILVER T-LIGHT SETTING,321.87,99.1069392090536,C - Low
CHARLOTTE BAG ALPHABET  DESIGN,320.5,99.10855567817173,C - Low
BEADED CRYSTAL HEART BLUE ON STICK,320.15,99.11017038203495,C - Low
ANT WHITE SWEETHEART TABLE W 3 DRAW,320.0,99.11178432936038,C - Low
DECORATION WOBBLY CHICKEN,319.14,99.11339393920237,C - Low
WHITE SQUARE TABLE CLOCK,319.01,99.11500289337826,C - Low
CANDY SPOT BUNNY,317.54,99.11660443348363,C - Low
SET/6 SILVER REINDEER T-LIGHTS,317.35,99.11820501530777,C - Low
LARGE BLUE ORIENTAL FOLDING STOOL,317.0,99.11980383187702,C - Low
SILVER M.O.P ORBIT DROP EARRINGS,316.99,99.1214025980104,C - Low
JASMINE TEA INCENSE IN TIN,316.98,99.12300131370795,C - Low
BLUE PUDDING SPOON,315.7,99.1245935736162,C - Low
FAIRY CAKE PLACEMATS ,315.55,99.12618507698663,C - Low
SET OF 4 CAROUSEL PLACEMATS ,315.54,99.12777652992119,C - Low
BEADED CRYSTAL HEART GREEN SMALL,315.11,99.12936581411405,C - Low
PINK FLY SWAT,314.84000000000003,99.13095373653886,C - Low
LARGE GREEN PEONY FOLDING STOOL,314.35,99.13253918760682,C - Low
COPPER/OLIVE GREEN FLOWER NECKLACE,313.75,99.13412161252356,C - Low
POLYESTER FILLER PAD 30CMx30CM,313.75,99.13570403744028,C - Low
PINK/BLUE STRING CURTAIN ,313.28999999999996,99.13728414230772,C - Low
POLKADOT MUG PINK ,313.26,99.1388640958676,C - Low
DOILY THANK YOU CARD,313.24,99.14044394855578,C - Low
MISELTOE HEART WREATH ,312.8,99.14202158206639,C - Low
WHITE ANEMONE ARTIFICIAL FLOWER,312.65000000000003,99.14359845903917,C - Low
ANT WHITE HIGH RISE BIRD BOX,312.5,99.14517457947416,C - Low
GOLD/M.O.P PENDANT ORBIT NECKLACE,312.14,99.14674888421841,C - Low
PINK PARTY SUNGLASSES,311.86,99.14832177675873,C - Low
ORIENTAL BLUE CUSHION COVER ,311.57,99.14989320665931,C - Low
SIX STRING SCANDINAVIAN HEART DECS,311.03000000000003,99.15146191302378,C - Low
TURQOISE ICE CREAM SUNHAT,310.83,99.15302961067115,C - Low
PINK GINGHAM ROSE FLOOR CUSHION,310.44,99.15459534132025,C - Low
LARGE PINK PEONY FOLDING STOOL,309.15000000000003,99.15615456574416,C - Low
LARGE BLUE PROVENCAL CERAMIC BALL,308.7,99.15771152055464,C - Low
VINTAGE DOG FOOD CONTAINER,308.64,99.15926817275003,C - Low
FLOWER WINDMILL,308.38,99.1608235136132,C - Low
ROUND WHITE CONFETTI IN TUBE,306.89,99.16237133953413,C - Low
MEASURING TAPE RUSSIAN DOLL BLUE,306.81000000000006,99.16391876196823,C - Low
CROCHET BEAR WITH BLUE STRIPES,306.77,99.16546598265892,C - Low
SET OF 3 PANTRY WOODEN SPOONS,306.66,99.16701264855521,C - Low
PAIR BUTTERFLY HAIR CLIPS,306.64,99.16855921357981,C - Low
TRANSPARENT ACRYLIC TAPE DISPENSER,305.66,99.17010083589072,C - Low
MISELTOE HEART WREATH WHITE,304.5,99.17163660764257,C - Low
LARGE GLASS SUNDAE DISH CLEAR,303.96,99.1731696558583,C - Low
BOX/12 MOTHER & CHICK IN BASKET/BOW,303.86,99.1747021997155,C - Low
S/3 FLWR FAIRY SUMMER CANDLES,302.40000000000003,99.17622737993803,C - Low
"FLOWER GLASS GARLAND NECKL.36""BLACK",302.29,99.17775200536616,C - Low
JARDIN ETCHED GLASS CANDLEHLDR LONG,301.95,99.17927491597526,C - Low
BLUE RETRO KITCHEN WALL CLOCK,301.88,99.18079747353337,C - Low
VINTAGE BEAD PINK JEWEL BOX,301.81,99.18231967804051,C - Low
GLASS CHALICE BLUE  LARGE ,301.8,99.18384183211181,C - Low
SMOKEY GREY COLOUR D.O.F. GLASS,301.62,99.18536307833774,C - Low
WALL ART DOG AND BALL ,301.56,99.18688402194853,C - Low
NECKLACE+BRACELET PINK BUTTERFLY,301.28,99.18840355335541,C - Low
"PEARL & SHELL 42""NECKL. IVORY",301.0,99.1899216725584,C - Low
ENAMEL DOG BOWL CREAM,300.48,99.19143716909697,C - Low
PAINT YOUR OWN EGGS IN CRATE,299.36,99.19294701681991,C - Low
HEAVENS SCENT FRAGRANCE OILS ASSTD,299.34999999999997,99.194456814107,C - Low
PINK MURANO TWIST NECKLACE,299.28,99.19596625834312,C - Low
WHITE SNOW SCANDINAVIAN STOCKING ,297.62,99.19746733022747,C - Low
CANDY STRIPE ROSE C/COVER ,297.5,99.19896779688158,C - Low
PACK/12 BLUE FOLKART CARDS,297.48,99.20046816266398,C - Low
MINI LADLE LOVE HEART PINK,297.4,99.20196812495954,C - Low
RED RETROSPOT WASHBAG,296.99,99.20346601938509,C - Low
ORIGAMI OPIUM INCENSE/CANDLE SET ,296.78999999999996,99.20496290509357,C - Low
FOUR RABBIT EASTER DECORATIONS,296.34,99.20645752118861,C - Low
RAINBOW PEGS PHOTO CLIP STRING,295.72,99.20794901026072,C - Low
GIRLS PARTY BAG,295.63,99.20944004541013,C - Low
PINK GLASS TASSLE BAG CHARM ,295.38,99.2109298196632,C - Low
GOLD FABRIC MIRROR,295.12,99.2124182825841,C - Low
SET 5 MINI DOUGHNUT FRIDGE MAGNET ,295.08000000000004,99.21390654376154,C - Low
DOLLCRAFT GIRL AMELIE KIT,294.7,99.21539288837654,C - Low
CRYSTAL DIAMANTE EXPANDABLE RING,293.33,99.21687232327956,C - Low
WAKE UP COCKEREL TILE COASTER,293.08,99.21835049728622,C - Low
BUTTONS DESIGN JEWELLERY BOX,293.02,99.21982836867778,C - Low
S/4 FESTIVE RED DINNER CANDLES,292.5,99.22130361740493,C - Low
RED KUKUI COCONUT SEED NECKLACE,292.08000000000004,99.22277674782619,C - Low
WHITE WITH BLACK CATS BOWL,292.08,99.22424987824746,C - Low
SMALL WHITE/PINK ROSE ART FLOWER,292.04,99.22572280692533,C - Low
SET 72 CAKE CASES VINTAGE CHRISTMAS,291.6,99.22719351642563,C - Low
EGG CUP HENRIETTA HEN PINK,291.58,99.22866412505421,C - Low
SPACE CADET RED,290.9,99.23013130404472,C - Low
PINK KNITTED KIDS RUCKSACK,290.78,99.231597877805,C - Low
SILVER APERITIF GLASS,290.72,99.23306414895015,C - Low
PASTEL PINK PHOTO ALBUM ,290.45,99.23452905832724,C - Low
IVORY HANGING DECORATION  CHICKEN,290.16999999999996,99.23599255550043,C - Low
CURIO CABINET LINEN AND LACE ,290.1,99.23745569962263,C - Low
GREEN WIRE STANDING CANDLE HOLDER,289.43,99.23891546454263,C - Low
CORDIAL GLASS JUG,288.88,99.24037245549066,C - Low
GEISHA GIRL CHOPSTICKS SET/5,288.35,99.24182677333843,C - Low
PAPER LANTERN 5 POINT SEQUIN STAR,287.5,99.24327680413863,C - Low
PINK POODLE HANGING DECORATION ,287.47,99.24472668363124,C - Low
FUNKY GIRLZ ASST MAGNETIC MEMO PAD,287.01,99.24617424307459,C - Low
GOLDIE LOOKING MIRROR,286.42,99.24761882680257,C - Low
ICON MUG REVOLUTIONARY,284.49,99.24905367641071,C - Low
AMETHYST DIAMANTE EXPANDABLE RING,284.43,99.25048822340375,C - Low
PACK OF 12 CHRISTMAS FUN CARDS,283.79,99.25191954250214,C - Low
HEART SHAPE BUTTON FRAME ,283.49,99.25334934852489,C - Low
36 PENCILS TUBE POSY,282.31,99.25477320311688,C - Low
MINI JIGSAW FIDO,282.24,99.2561967046579,C - Low
WIRE FLOWER T-LIGHT HOLDER,281.33,99.25761561653621,C - Low
TEATIME PUSH DOWN RUBBER,281.32,99.25903447797867,C - Low
PEARLISED IVORY HEART SMALL ,281.17,99.26045258288335,C - Low
PINK ROSEBUD & PEARL NECKLACE,280.71,99.26186836773873,C - Low
ENGLISH ROSE SMALL SCENTED FLOWER,279.88,99.26327996641821,C - Low
BLUE CIRCLES DESIGN TEDDY,279.82,99.2646912624826,C - Low
DARK CHOCOLATE SCENTCANDLE,279.08,99.26609882629377,C - Low
VINTAGE GOLD TINSEL REEL,279.0,99.26750598661813,C - Low
BLCK NEW BAROQUE CANDLESTICK CANDLE,279.0,99.26891314694248,C - Low
SUMMER BUTTERFLIES BAG CHARM,278.96,99.27032010552344,C - Low
HEN PARTY CORDON BARRIER TAPE,278.89,99.2717267110534,C - Low
SET/3 RABBITS FLOWER SKIPPPING ROPE,278.72999999999996,99.2731325096097,C - Low
MIRRORED WALL ART GENTS,278.47999999999996,99.27453704726965,C - Low
PSYCHEDELIC TILE COASTER,277.9,99.27593865965007,C - Low
DECORATIVE VINTAGE COFFEE  BOX,277.0,99.27733573280364,C - Low
ASS COL CIRCLE MOBILE ,276.96,99.2787326042138,C - Low
FINE SILVER NECKLACE W PASTEL FLOWE,276.49,99.28012710513882,C - Low
NUMBER TILE VINTAGE FONT No ,276.42,99.28152125301287,C - Low
GREEN KASHMIRI BOXED MIRROR,276.0,99.28291328258105,C - Low
SUNJAR LED NIGHT NIGHT LIGHT,275.96,99.28430511040582,C - Low
ZINC WIRE SWEETHEART LETTER TRAY,275.62,99.28569522341155,C - Low
CRYSTAL STILETTO PHONE CHARM,275.53,99.2870848824946,C - Low
SET/6 POSIES PAPER PLATES,274.57,99.28846969973569,C - Low
PSYCHEDELIC METAL SIGN CALENDAR,274.55,99.28985441610504,C - Low
WHITE HONEYCOMB PAPER FAN ,274.37,99.29123822462904,C - Low
ASSTD COL BUTTERFLY/CRYSTAL W/CHIME,273.93,99.29261981397546,C - Low
PINK CRYSTAL+GLASS BRACELET,273.89,99.29400120157847,C - Low
PSYCHEDELIC TILE HOOK,273.32,99.2953797143378,C - Low
TRIPLE WIRE HOOK PINK HEART,272.91,99.29675615922712,C - Low
LA PALMIERA METAL SIGN CALENDAR,272.61,99.29813109104082,C - Low
JUMBO BAG VINTAGE DOILEY ,272.57,99.2995058211111,C - Low
BLUE VICTORIAN FABRIC HEART BOX,272.45,99.30087994595114,C - Low
LILAC FLOWER BLOCK TABLE LAMP,272.45,99.30225407079116,C - Low
BLACK FLOWER CANDLE PLATE,272.16999999999996,99.3036267834273,C - Low
BLACK DIAMANTE EXPANDABLE RING,271.96,99.30499843691051,C - Low
IVORY SHELL HEART NECKLACE,271.88,99.30636968690688,C - Low
SILVER/BLACK ORBIT NECKLACE,271.33,99.30773816293126,C - Low
ASSORTED COLOUR METAL CAT ,271.1,99.30910547893103,C - Low
WOODLAND SMALL BLUE FELT HEART,270.96,99.31047208882883,C - Low
SQUARE FLOOR CUSHION VINTAGE PINK ,270.47,99.31183622736978,C - Low
BLUE  VOILE LAMPSHADE,269.90000000000003,99.31319749106707,C - Low
HANGING HEART BASKET,269.44000000000005,99.31455643471509,C - Low
TURQUOISE CRYSTAL+GLASS BRACELET,269.1,99.31591366354407,C - Low
BLACK BOX MIRROR LANTERN,268.75,99.31726912711815,C - Low
GOLD TEDDY BEAR,268.5,99.3186233297959,C - Low
MIRRORED WALL ART TABLE LAMP,267.01,99.31997001753142,C - Low
TUMBLER BAROQUE,266.19,99.3213125695269,C - Low
"GARLAND, VINTAGE BELLS",265.88,99.32265355801091,C - Low
50CM METAL STRING WITH  7 CLIPS,265.4,99.32399212557394,C - Low
WOODLAND LARGE RED FELT HEART,264.72,99.32532726349889,C - Low
FROSTED WHITE BASE ,264.64,99.32666199793701,C - Low
SET OF 6 DOTS CHOPSTICKS,263.63,99.32799163835388,C - Low
RIVIERA NECKLACE,263.28000000000003,99.32931951351588,C - Low
PURPLE GLASS TASSLE BAG CHARM,263.14,99.33064668257593,C - Low
PINK B'FLY C/COVER W BOBBLES,262.62,99.33197122897157,C - Low
PINK CANDYSTUFT ARTIFICIAL FLOWER,261.90999999999997,99.33329219442159,C - Low
GYMKHANNA TREASURE BOOK BOX,261.84000000000003,99.33461280682062,C - Low
VINTAGE BLUE TINSEL REEL,261.66,99.33593251137427,C - Low
BLUE PILLAR CANDLE SILVER FLOCK,260.67,99.3372472227784,C - Low
75 BLACK PETIT FOUR CASES,260.65,99.3385618333108,C - Low
ASSORTED CIRCULAR MOBILE,260.39,99.33987513251103,C - Low
RETRO BROWN BALL ASHTRAY ,259.37,99.34118328725414,C - Low
THREE CANVAS LUGGAGE TAGS,259.09,99.34249002979334,C - Low
DOORKNOB CRACKED GLAZE IVORY,258.29999999999995,99.34379278790009,C - Low
BLUE NEW BAROQUE FLOCK CANDLESTICK,258.06,99.34509433554632,C - Low
"PEARL & SHELL 42""NECKL. GREEN",257.55,99.34639331096403,C - Low
PINK BITTY LIGHT CHAIN,257.15,99.34769026894756,C - Low
BIG PINK POODLE,257.1,99.34898697475184,C - Low
MURANO STYLE GLASS BRACELET BLACK,255.97,99.35027798130461,C - Low
NUMBER TILE COTTAGE GARDEN 2,254.56,99.35156187640199,C - Low
PORCELAIN BUDAH INCENSE HOLDER,254.51000000000002,99.3528455193201,C - Low
HEARTS WRAPPING TAPE ,254.41000000000003,99.35412865787967,C - Low
NUMBER TILE COTTAGE GARDEN 1,253.94,99.35540942595411,C - Low
12 PINK HEN+CHICKS IN BASKET,253.79,99.35668943749073,C - Low
Dotcomgiftshop Gift Voucher £50.00,253.59,99.35796844031027,C - Low
DARK PINK FLOCK GLASS CANDLEHOLDER,252.29000000000002,99.3592408864688,C - Low
SPACE CADET WHITE,252.16,99.36051267696125,C - Low
MIRRORED WALL ART FOXY,251.97,99.36178350917245,C - Low
PAIR OF ENAMEL FLOWER CLUSTER SLIDE,251.59,99.3630524248212,C - Low
ANTIQUE IVORY WIRE BOWL SMALL,251.45000000000002,99.36432063436801,C - Low
BOYS PARTY BAG,251.35,99.36558833955628,C - Low
LILY BROOCH OLIVE COLOUR,250.47000000000003,99.3668516063894,C - Low
VINTAGE ENAMEL & CRYSTAL EARRINGS,250.34,99.36811421755642,C - Low
FRENCH PAISLEY CUSHION COVER,250.0,99.36937511390441,C - Low
 VINTAGE DESIGN GIFT TAGS,249.89999999999998,99.37063550589386,C - Low
GREEN EASTER EGG HUNT START POST,249.64999999999998,99.37189463698695,C - Low
DAISY HAIR BAND,249.57999999999998,99.37315341502907,C - Low
CRYSTAL SEA HORSE PHONE CHARM,249.55999999999997,99.37441209219948,C - Low
"CARD, GINGHAM ROSE ",249.44,99.37567016413965,C - Low
PACK 3 BOXES CHRISTMAS PANETTONE,248.48,99.37692339423785,C - Low
"ROUND SNACK BOXES ,SET 4, FRUITS ",247.8,99.37817319469798,C - Low
CLASSIC SUGAR DISPENSER,247.32,99.37942057423712,C - Low
BLUE GINGHAM ROSE FLOOR CUSHION ,247.26,99.38066765116115,C - Low
"FLOWER GLASS GARLAND NECKL.36""BLUE",246.83,99.38191255934343,C - Low
"BATHROOM SCALES, TROPICAL BEACH",246.58,99.38315620662938,C - Low
ASS FLORAL PRINT SPIRIT LEVEL ,246.12,99.38439753386604,C - Low
ROSES BLUE BASE CUSHION COVER ,246.03,99.38563840718004,C - Low
PINK OWL DECORATION,244.79999999999998,99.38687307688399,C - Low
BLUE OWL DECORATION,244.79999999999998,99.38810774658793,C - Low
NEW BAROQUE LARGE NECKLACE BLK/WHIT,244.79,99.38934236585604,C - Low
NECKLACE+BRACELET SET BLUE BLOSSOM,243.60999999999999,99.39057103369336,C - Low
GREEN GLASS TASSLE BAG CHARM,243.38,99.39179854150606,C - Low
METALIC LEAVES BAG CHARMS,243.07,99.39302448580727,C - Low
LILY BROOCH AMETHYST COLOUR,242.8,99.39424906834046,C - Low
PURPLE GEMSTONE NECKLACE 45CM,242.25,99.39547087690165,C - Low
WOODLAND SMALL PINK FELT HEART,242.17999999999998,99.39669233241187,C - Low
"ACRYLIC JEWEL ICICLE, PINK",242.15,99.39791363661453,C - Low
BLACK GEMSTONE NECKLACE 45CM,241.98,99.39913408340769,C - Low
"WRAP, CAROUSEL",241.5,99.40035210927984,C - Low
ZINC WIRE KITCHEN ORGANISER,239.97,99.40156241846634,C - Low
ORIENTAL RED CUSHION COVER ,239.8,99.40277187024333,C - Low
RUSTIC STRAWBERRY JAMPOT LARGE ,238.56,99.40397506797443,C - Low
DOORKNOB CRACKED GLAZE BLUE,238.49999999999997,99.40517796309041,C - Low
PIN CUSHION RUSSIAN DOLL BLUE,238.06,99.40637863902882,C - Low
WHITE 3 FRAME BIRDS AND TREE ,237.8,99.40757800363502,C - Low
POP'S GREASY SPOON METAL SIGN,237.73,99.40877701519025,C - Low
NUMBER TILE VINTAGE FONT 3,237.72,99.40997597630962,C - Low
TEAL/FUSCHIA COL BEAD NECKLACE,236.46,99.41116858251141,C - Low
MULTICOLOUR FEATHERS CURTAIN,236.40000000000003,99.41236088609806,C - Low
LARGE GLASS ROSE SCENTED CANDLE ,236.32999999999998,99.41355283663373,C - Low
SWEET VALENCIA CANDLE+CUP,235.9,99.41474261842768,C - Low
PURPLE ACRYLIC FACETED BANGLE,235.73000000000002,99.41593154281215,C - Low
SNACK TRAY HAPPY FOREST  ,234.92,99.41711638189243,C - Low
PINK PATCH PURSE BLUE HEART,234.29999999999998,99.41829809394976,C - Low
PINK MINI TAPE MEASURE ,233.5,99.41947577113879,C - Low
"FOLK ART GREETING CARD,pack/12",233.48000000000002,99.4206533474561,C - Low
AMBER DIAMANTE EXPANDABLE RING,233.29,99.4218299654922,C - Low
ENGLISH ROSE MUG IN GIFT BOX,232.89,99.42300456609412,C - Low
T-LIGHT HOLDER SILVER PETIT FOUR ,232.42000000000002,99.42417679621093,C - Low
FLOWER PENCIL/RUBBER+5 MINI PENCILS,232.35,99.42534867327676,C - Low
SET/6 BLACK SNOWFLAKE T-LIGHTS ,232.08,99.42651918857452,C - Low
CLEAR ACRYLIC FACETED BANGLE,232.04000000000002,99.42768950212886,C - Low
PINK BUNNY EASTER EGG BASKET,231.89999999999998,99.42885910958125,C - Low
NUMBER TILE COTTAGE GARDEN No,231.54,99.4300269013429,C - Low
AMETHYST GLASS/SHELL/PEARL NECKLACE,231.27,99.4311933313365,C - Low
BEIGE PHOTO ALBUM,230.59,99.43235633169203,C - Low
"BISCUIT TIN, RED,IVORY, VINTAGE",230.55,99.43351913030415,C - Low
POCKET MIRROR WOODLAND,230.54999999999998,99.43468192891626,C - Low
PINK ROSEBUD PEARL BRACELET,230.39,99.43584392055472,C - Low
BLUE BUNNY EASTER EGG BASKET,230.24999999999997,99.43700520609121,C - Low
NEW ENGLAND CERAMIC CAKE SERVER,229.57,99.43816306198966,C - Low
BLACK SILOUETTE CANDLE PLATE ,229.5,99.4393205648371,C - Low
JADE CRYSTAL+GLASS BRACELET,228.99,99.440475495456,C - Low
ASSORTED TUTTI FRUTTI KEYRING,228.64999999999998,99.44162871125586,C - Low
5 STRAND GLASS NECKLACE AMETHYST,228.60999999999999,99.44278172531232,C - Low
PINK CRYSTAL HEART PHONE CHARM,227.72,99.44393025057776,C - Low
ENAMEL BLUE RIM TEA CONTAINER,227.54000000000002,99.44507786799784,C - Low
SILVER BLUE EGG T-LIGHT HOLDER,227.48000000000002,99.4462251828028,C - Low
BLUE SPOTTY BEAKER ,227.44,99.44737229586437,C - Low
PINK FLOCK PHOTO FRAME ,227.33,99.4485188541315,C - Low
S/4 ROSE PINK DINNER CANDLES,227.11,99.44966430280986,C - Low
CHILDRENS APRON DOLLY GIRL ,226.81000000000003,99.45080823841262,C - Low
F.FAIRY S/3 CANDLE/GLASS,226.5,99.45195061050389,C - Low
TRAVEL CARD WALLET VINTAGE ROSE ,226.2,99.45309146951955,C - Low
CRYSTAL PAIR HEART HAIR SLIDES,226.17,99.45423217722765,C - Low
RESIN NECKLACE W PASTEL BEADS,226.16,99.4553728344999,C - Low
DOTTY PLACEMATS ,226.07000000000002,99.45651303784948,C - Low
This is a test product.,226.0,99.45765288814805,C - Low
PINK KASHMIRI BOXED MIRROR,225.95,99.45879248626736,C - Low
S/4 SKY BLUE DINNER CANDLES,225.89,99.45993178177154,C - Low
FRUIT SALAD BAG CHARM,225.51999999999998,99.46106921114915,C - Low
MIRRORED WALL ART SPLODGES,225.36,99.46220583355306,C - Low
FLOWERS TILE HOOK,224.31,99.46333716019234,C - Low
BLACKCHRISTMAS TREE 30CM,224.1,99.46446742767867,C - Low
PURPLE BERTIE GLASS BEAD BAG CHARM,223.74,99.46559587947426,C - Low
LARGE ZINC GLASS CANDLEHOLDER,223.23000000000002,99.4667217590413,C - Low
DRAGONS BLOOD INCENSE,222.75,99.46784521768737,C - Low
CAROUSEL DES CHILD'S APRON,221.57,99.46896272490267,C - Low
ORIGAMI LAVENDER INCENSE+FLOWER,221.4,99.47007937470845,C - Low
"CANDLE IN JAR COLLAGE , VANILLA",221.07999999999998,99.47119441056688,C - Low
DAISY ERASERS IN BAG,221.06,99.47230934555363,C - Low
ORIGAMI JASMINE INCENSE IN TUBE,221.03,99.47342412923281,C - Low
4 GOLD FLOCK CHRISTMAS BALLS,220.66,99.4745370467854,C - Low
PINK RETRO BIG FLOWER BAG,220.35,99.47564840082653,C - Low
GREEN MURANO TWIST NECKLACE,220.20999999999998,99.4767590487657,C - Low
VANILLA SCENT CAKE CANDLE ,219.45999999999998,99.47786591401582,C - Low
WHITE BAROQUE CARRIAGE CLOCK,218.89999999999998,99.47896995485812,C - Low
CRYSTAL STUD EARRINGS CLEAR DISPLAY,218.88,99.4800738948287,C - Low
VINTAGE CAT FOOD CONTAINER,218.14,99.4811741025461,C - Low
S/4 BLACK LOVEBIRD COASTERS,217.81,99.48227264588031,C - Low
CARDHOLDER GINGHAM HEART,216.90000000000003,99.48336659955183,C - Low
JADE GREEN ENAMEL HAIR COMB,216.87,99.48446040191578,C - Low
FREESTYLE CANVAS ART PICTURE,216.49999999999997,99.48555233815314,C - Low
S/3 PUPPIES CHRISTMAS DECORATIONS,216.33,99.48664341698098,C - Low
SET 8 CANDLES VINTAGE DOILEY,216.29999999999998,99.48773434450125,C - Low
YELLOW RED FLOWER PIGGY BANK,216.07,99.4888241119969,C - Low
RED POPPY ARTIFICIAL FLOWER,215.93,99.48991317339059,C - Low
FLOWER GARLAND NECKLACE RED,215.76000000000002,99.49100137737476,C - Low
BUTTERFLY WATER TRANSFER TATTOOS ,215.0,99.49208574823403,C - Low
MINI HAND WARMER BABUSHKA DESIGN,214.8,99.49316911037623,C - Low
S/2 BEACH HUT STOOLS,214.65,99.49425171598061,C - Low
DOOR MAT SWEET HOME,214.47,99.4953334137396,C - Low
PINK HEART OF GLASS BRACELET,214.07,99.49641309406447,C - Low
"FEATHER DUSTER, COAL BLACK",213.75,99.497491160442,C - Low
"LETTER ""A"" BLING KEY RING",213.65,99.49856872246097,C - Low
SILVER BLACK ORBIT BRACELET,213.38,99.49964492271192,C - Low
PASTEL PINK PHOTO ALBUM,213.37,99.500721072527,C - Low
RED PUDDING SPOON,213.07,99.50179570926646,C - Low
NUMBER TILE VINTAGE FONT 1,212.91,99.50286953903228,C - Low
CREAM CLIMBING HYDRANGA ART FLOWER,212.85,99.50394306618296,C - Low
PINK TV TRAY TABLE ,212.42,99.50501442459192,C - Low
PACK/12 BLUE REINDEER CARD,212.40000000000003,99.50608568212917,C - Low
NEW BAROQUE B'FLY NECKLACE RED,212.24,99.50715613269274,C - Low
"ACRYLIC JEWEL SNOWFLAKE,PINK",212.14,99.50822607889779,C - Low
SCOTTIES DESIGN BABY BIB,212.06,99.50929562161602,C - Low
MIRRORED WALL ART LADIES,212.04,99.51036506346252,C - Low
LA PALMIERA TILE HOOK,211.29000000000002,99.51143072261998,C - Low
GOLD APERITIF GLASS,209.36,99.51248664765764,C - Low
SILVER FINCH DECORATION,208.89000000000001,99.51354020221017,C - Low
RED PEONY TABLE CLOCK,208.3,99.5145907810473,C - Low
ENGLISH ROSE SCENTED HANGING HEART,208.25,99.51564110770519,C - Low
JET BLACK LAS VEGAS NECKLACE 45CM,208.21,99.51669123261965,C - Low
CHUNKY CRACKED GLAZE NECKLACE IVORY,207.94,99.51773999576606,C - Low
SILVER/M.O.P PENDANT ORBIT NECKLACE,207.86,99.51878835542563,C - Low
ENGLISH ROSE TEA SET IN GIFT BOX,207.69,99.51983585767569,C - Low
GREY ACRYLIC FACETED BANGLE,207.34,99.52088159467087,C - Low
MURANO STYLE GLASS BRACELET RED,207.05,99.52192586902626,C - Low
FUSCHIA FLOWER PURSE WITH BEADS,206.26,99.52296615894922,C - Low
ORIGAMI ROSE INCENSE CONES,204.36,99.52399686605992,C - Low
SET/12 ZINC CHRISTMAS DECORATIONS,203.73000000000002,99.52502439571182,C - Low
AMETHYST HOOP EARRING FLORAL LEAF,203.73000000000002,99.52605192536372,C - Low
"HANGING FLOWERS+MIRROR,BLUE",203.24,99.52707698365877,C - Low
SMALL GLASS ROSE SCENTED CANDLE,202.62,99.52809891493091,C - Low
NUMBER TILE COTTAGE GARDEN 4,202.1,99.52911822353863,C - Low
 FAIRY CAKE CANDLES,202.05,99.53013727996708,C - Low
NUMBER TILE VINTAGE FONT 2,201.45999999999998,99.53115336068015,C - Low
CHERRY BLOSSOM CANVAS ART PICTURE,201.3,99.53216863441955,C - Low
FLOWER FAIRY POTPOURRI CUSHION LILY,201.24,99.53318360554381,C - Low
PINK TEATIME PRINT BOWL,201.0,99.5341973662076,C - Low
NUMBER TILE VINTAGE FONT 5,199.9,99.53520557892745,C - Low
SILVER DROP EARRINGS WITH FLOWER,199.45,99.53621152203387,C - Low
RASPBERRY ANT COPPER FLOWER NECKLAC,198.98000000000002,99.53721509465517,C - Low
SET OF 72 BLACK PAPER DOILIES ,197.94,99.53821342194765,C - Low
72 ROUND PINK DOILIES,197.89999999999998,99.5392115474967,C - Low
BLOKEY SILVER TOOL SET,196.70000000000002,99.54020362074331,C - Low
ENGLISH ROSE TORCH,196.45999999999998,99.54119448352941,C - Low
"BREAD BIN, DINER STYLE, MINT",196.35,99.54218479152114,C - Low
NUMBER TILE VINTAGE FONT 4,195.69,99.54317177074648,C - Low
NEW BAROQUE SMALL NECKLACE BLACK,195.14,99.54415597599989,C - Low
"ROUND SNACK BOXES ,SET4, WOODLAND ",194.70000000000002,99.54513796207569,C - Low
A PRETTY THANK YOU CARD,194.58,99.54611934292124,C - Low
HANGING METAL CHICKEN DECORATION,193.52,99.5470953775663,C - Low
KINGS CHOICE SMALL TUBE MATCHES,193.04999999999998,99.54806904172622,C - Low
NUMBER TILE VINTAGE FONT 6 ,192.89999999999998,99.54904194934832,C - Low
"ACRYLIC HANGING JEWEL,BLUE",192.3,99.5500118308192,C - Low
"FLOWER GLASS GARLD NECKL36""TURQUOIS",192.17000000000002,99.55098105662398,C - Low
YELLOW PURPLE DAISY FELT PURSE KIT,192.17,99.55195028242876,C - Low
MIDNIGHT BLUE PAIR HEART HAIR SLIDE,191.54,99.55291633077474,C - Low
PURPLE CHUNKY GLASS+BEAD NECKLACE,191.40999999999997,99.55388172345461,C - Low
ICON PLACEMAT POP ART ELVIS,190.89000000000001,99.55484449347007,C - Low
BAG OF SILVER STONES,190.89,99.55580726348555,C - Low
"CAKE TIN, ROUND, VINTAGE MINT,IVORY",190.65,99.55676882304051,C - Low
NEW ENGLAND MILK JUG W GIFT BOX,190.4,99.55772912169914,C - Low
ORANGE COCKTAIL GLASS LAMP,190.16,99.55868820989727,C - Low
PINK SQUARE TABLE CLOCK,189.87,99.55964583545565,C - Low
FAIRY CAKES TILE COASTER,189.6,99.56060209924598,C - Low
DONKEY TAIL GAME ,189.54000000000002,99.56155806042116,C - Low
PINK ALLIUM  ARTIFICIAL FLOWER,189.28,99.56251271026416,C - Low
SET OF 4 POLKADOTS COASTERS,189.1,99.56346645226178,C - Low
PLANTPOT SINGLE HOOK PISTACHIO,188.95000000000002,99.56441943772158,C - Low
S/6 SEW ON CROCHET FLOWERS,188.77,99.56537151533603,C - Low
FAIRY CAKES TABLE CLOCK,188.73,99.56632339120705,C - Low
COTE D'AZURE NECKLACE,188.58,99.56727451054026,C - Low
DOORSTOP RUSSIAN DOLL GINGHAM,188.22,99.56822381418273,C - Low
TURQ STONE/CRYSTAL EARRINGS,188.09,99.5691724621591,C - Low
NECKLACE+BRACELET SET FRUIT SALAD ,187.61999999999998,99.57011873965035,C - Low
RED   ACRYLIC FACETED BANGLE,186.56,99.57105967094107,C - Low
ANT WHITE IRON BASKET,186.35000000000002,99.57199954307886,C - Low
METAL RABBIT LADDER EASTER ,186.16,99.57293845693542,C - Low
POPART COL BALLPOINT PEN ASST,185.73,99.57387520205027,C - Low
PINK ROUND COMPACT MIRROR,185.66,99.57481159411415,C - Low
GREEN FLORAL FELTCRAFT SHOULDER BAG,185.11,99.57574521220604,C - Low
GIFT BAG LARGE VINTAGE CHRISTMAS,185.0,99.57667827550355,C - Low
PINK/FLOWER RABBIT EGG WARMER ,184.76000000000002,99.57761012834058,C - Low
CHAMBRE HOOK,184.67999999999998,99.57854157769077,C - Low
PORCELAIN HANGING BELL SMALL,184.60999999999999,99.57947267398998,C - Low
S/6 MULTICOLOUR ORNAMENETAL CANDLE,184.4,99.58040271113624,C - Low
LEOPARD PRINT HOT WATER BOTTLE,183.98000000000002,99.58133062997666,C - Low
PINK BERTIE GLASS BEAD BAG CHARM,183.97,99.58225849838122,C - Low
RED GLASS TASSLE BAG CHARM,183.26000000000002,99.58318278584015,C - Low
DAIRY MAID CERAMIC TOASTRACK,183.06000000000003,99.584106064582,C - Low
CRYSTAL FROG PHONE CHARM,182.79,99.58502798155578,C - Low
BIRD BOX CHRISTMAS TREE DECORATION,182.70999999999998,99.58594949504275,C - Low
LAVENDER INCENSE 40 CONES IN TIN,182.65,99.58687070591459,C - Low
SMALL BLUE PROVENCAL CERAMIC BALL,182.15999999999997,99.58778944542959,C - Low
 WHITE BAMBOO RIBS LAMPSHADE,182.14,99.58870808407289,C - Low
PARTY PIZZA DISH PINK RETROSPOT,181.54999999999998,99.5896237470008,C - Low
BLUE CHERRY BLOSSOM CUP & SAUCER,181.5,99.59053915774943,C - Low
MINI JIGSAW BUNNIES AT HOME,181.44,99.59145426588296,C - Low
"LETTER ""S"" BLING KEY RING",181.34,99.59236886965795,C - Low
PAINTED LIGHTBULB STAR+ MOON,181.03,99.59328190992144,C - Low
WHITE VINTAGE CRYSTAL BRACELET,180.46,99.5941920753413,C - Low
POP ART PUSH DOWN RUBBER ,180.29999999999998,99.59510143378746,C - Low
NUMBER TILE COTTAGE GARDEN 3 ,180.19,99.59601023743924,C - Low
PAINTED LIGHTBULB RAINBOW DESIGN,180.14,99.59691878891176,C - Low
"ACRYLIC JEWEL ICICLE, BLUE",180.05,99.59782688646158,C - Low
LUNCHBAG PINK RETROSPOT,179.91,99.59873427790946,C - Low
PURPLE AMETHYST NECKLACE W TASSEL,179.88,99.59964151804975,C - Low
BLUE FLOWER T-LIGHT HOLDER,179.88,99.60054875819004,C - Low
SET/3 COLOUR PAINTED KASHMIRI STOOL,179.85000000000002,99.6014558470228,C - Low
CAPIZ CHANDELIER,179.7,99.60236217931772,C - Low
ORIGAMI VANILLA INCENSE+FLOWER ,179.56,99.6032678055107,C - Low
S/60 PINK FLUFFY CHICKS IN BOX,179.1,99.60417111165441,C - Low
CREAM HANGING HEART T-LIGHT HOLDER,178.51000000000002,99.60507144208273,C - Low
WHITE VINT ART DECO CRYSTAL NECKLAC,178.48,99.6059716212035,C - Low
PARTY PIZZA DISH BLUE RETROSPOT,178.33999999999997,99.6068710942223,C - Low
DOLLCRAFT GIRL AMELIE,178.2,99.60776986113913,C - Low
PURPLE VINTAGE EARRINGS,178.11,99.6086681741333,C - Low
MIDNIGHT BLUE COPPER FLOWER NECKLAC,177.29000000000002,99.60956235138742,C - Low
"CAKE TIN, 3 TIER MINT/IVORY",176.75,99.61045380510546,C - Low
SPACE CADET BLACK,176.7,99.61134500664421,C - Low
RUBY DROP CHANDELIER EARRINGS,176.31,99.61223424118467,C - Low
GLASS BONBON JAR. SUPERFINES,175.60999999999999,99.61311994521535,C - Low
6 SEGMENT COLOURED SNACK BOWL ,175.48000000000002,99.61400499357993,C - Low
PINK KASHMIRI OCCASIONAL TABLE,174.9,99.61488711666497,C - Low
BLUE DAISY MOBILE,172.51,99.61575718558095,C - Low
WHITE HEART OF GLASS BRACELET,172.39,99.61662664926666,C - Low
CAROUSEL DESIGN BABY BIB,171.91,99.6174936920314,C - Low
COW  SOCK PUPPET,171.10000000000002,99.61835664949197,C - Low
BLUE EASTER EGG HUNT START POST,171.04,99.6192193043374,C - Low
PINK FLOCK TABLE CLOCK ,170.8,99.62008074872236,C - Low
BLACK VINT ART DEC CRYSTAL NECKLACE,170.17000000000002,99.62093901564852,C - Low
ORIGAMI VANILLA INCENSE CONES,170.13,99.62179708083124,C - Low
PINK KNITTED EGG COSY,169.35999999999999,99.62265126245322,C - Low
PINK & WHITE ROSEBUD RING,168.94,99.62350332576935,C - Low
GOLD M.O.P ORBIT BRACELET,168.62,99.62435377513815,C - Low
PAIR OF ENAMEL BUTTERFLY HAIRCLIP,168.46,99.62520341753327,C - Low
IVORY FELT EASTER RABBIT GARLAND,168.29999999999998,99.62605225295475,C - Low
CRYSTAL HOOP EARRING FLORAL LEAF,168.26000000000002,99.62690088663281,C - Low
SET/6 POSIES PAPER CUPS,168.08,99.62774861246547,C - Low
PINK FELT HANGING HEART W FLOWER,167.54999999999998,99.62859366519791,C - Low
GREEN/BLUE CERAMIC CANDLE HOLDER,167.52,99.62943856662277,C - Low
TEXRIO TOMATOES CANDLE+CUP,166.78,99.63027973579443,C - Low
DIAMOND LAS VEGAS NECKLACE 45CM,166.57000000000002,99.63111984581317,C - Low
EASTER BUNNY WITH BASKET ON BACK,166.21,99.63195814014118,C - Low
FIRE POLISHED GLASS NECKL GREEN,166.14000000000001,99.63279608141819,C - Low
S/4 PISTACHIO LOVEBIRD COASTERS,166.1,99.63363382095181,C - Low
Dotcomgiftshop Gift Voucher £40.00,166.09,99.63447151004956,C - Low
"LETTER ""L"" BLING KEY RING",166.06,99.63530904783974,C - Low
ROSE COLOUR PAIR HEART HAIR SLIDES,165.81,99.63614532473358,C - Low
RED SPOTTY BEAKER ,165.75,99.63698129901229,C - Low
ARMY CAMO WRAPPING TAPE,165.55999999999997,99.63781631500977,C - Low
CLEAR CRYSTAL STAR PHONE CHARM,165.34,99.63865022141847,C - Low
ORIENTAL RED C/COVER ,165.11,99.63948296780255,C - Low
PAISLEY PARK CARD,165.07999999999998,99.64031556287904,C - Low
GOLD M.O.P ORBIT DROP EARRINGS,164.62,99.64114583790628,C - Low
BLUE KNITTED EGG COSY,164.01,99.64197303634641,C - Low
PINK SMALL JEWELLED PHOTOFRAME,163.35,99.6427969060202,C - Low
NUMBER TILE COTTAGE GARDEN 6,162.82,99.6436181025937,C - Low
BLACK PHOTO ALBUM ,162.73,99.64443884524455,C - Low
FIRE POLISHED GLASS BRACELET GREEN,162.66,99.6452592348444,C - Low
"LETTER ""C"" BLING KEY RING",162.53,99.64607896877817,C - Low
ANT SILVER LIME GREEN BOUDICCA RING,162.25000000000003,99.64689729050802,C - Low
FLORAL DINOSAUR GREEN,161.89000000000001,99.64771379654712,C - Low
SILVER/AMETHYST DROP EARRINGS LEAF,161.82,99.64852994953525,C - Low
AMBER GLASS TASSLE BAG CHARM,161.57000000000002,99.64934484162703,C - Low
"LETTER ""J"" BLING KEY RING",161.47,99.65015922936026,C - Low
FRESHWATER PEARL BRACELET GOLD,160.79,99.65097018745543,C - Low
GREEN HEART OF GLASS BRACELET,160.75,99.65178094380718,C - Low
SILVER SLEIGHBELL  WREATH,160.45,99.65259018708332,C - Low
CANDY STRIPE ROSE FLOOR CUSHION,160.15,99.65339791728384,C - Low
CUBIC MUG FLOCK PINK ON BROWN,160.08,99.65420529443337,C - Low
SET 4 PICNIC CUTLERY BLUEBERRY,159.9,99.65501176373755,C - Low
CERAMIC HEART CAKE MONEY BANK,159.6,99.65581671996611,C - Low
WRAP RED DOILEY,159.6,99.65662167619467,C - Low
PINK CHERRY BLOSSOM CUP & SAUCER,159.2,99.65742461498907,C - Low
POPART RECT PENCIL SHARPENER ASST,159.0,99.65822654506638,C - Low
WHITE METAL BAROQUE PHOTO FRAME,158.9,99.65902797078515,C - Low
GREEN WITH METAL BAG CHARM,158.89000000000001,99.65982934606808,C - Low
MUG AND COASTER SET RED CIRCLES,158.76,99.66063006568491,C - Low
"LETTER ""K"" BLING KEY RING",158.4,99.661428969611,C - Low
FOOD/DRINK SPUNGE STICKERS,158.19,99.66222681438416,C - Low
DOOR MAT CAMOUFLAGE,158.04,99.66302390261951,C - Low
ENAMEL CAT BOWL CREAM,157.8,99.66381978039436,C - Low
WAKE UP COCKEREL TILE HOOK,157.61,99.66461469988798,C - Low
BLUE WHITE SCARF HOT WATER BOTTLE,157.60000000000002,99.66540956894576,C - Low
BATHROOM HOOK,157.5,99.666203933645,C - Low
WRAP CAROUSEL,157.5,99.66699829834423,C - Low
DIAMANTE HAIR GRIP PACK/2 CRYSTAL,156.98,99.66779004037906,C - Low
NUMBER TILE COTTAGE GARDEN 0 ,156.97,99.66858173197802,C - Low
NUMBER TILE VINTAGE FONT 7,156.8,99.6693725661675,C - Low
TUSCAN VILLA BIRD TABLE ,156.75,99.67016314817768,C - Low
BEST DAD CANDLE LETTERS,156.72,99.6709535788803,C - Low
FLAT PALM T-LIGHT HOLDER,156.65,99.67174365653194,C - Low
BLUE CHENILLE SHAGGY CUSHION COVER ,156.29,99.67253191849285,C - Low
PINK ROSE PICNIC RUG,155.7,99.67331720473838,C - Low
AMBER DROP EARRINGS W LONG BEADS,155.65,99.67410223880462,C - Low
TROPICAL HOLIDAY PURSE ,155.41,99.67488606241038,C - Low
NUMBER TILE COTTAGE GARDEN 7,154.94,99.67566751553102,C - Low
BLACK VINT ART DEC CRYSTAL BRACELET,154.87,99.67644861560068,C - Low
TURQUOISE HEART OF GLASS BRACELET,154.69,99.67722880782497,C - Low
"FELTCRAFT HAIRBAND, S/2, RED/BLUE",154.67999999999998,99.6780089496134,C - Low
PANTRY KITCHEN THERMOMETER ,154.52,99.67878828442815,C - Low
NUMBER TILE COTTAGE GARDEN 9,154.32999999999998,99.6795666609617,C - Low
RETRO LEAVES MAGNETIC NOTEPAD,154.08999999999997,99.68034382703473,C - Low
SPOTTY COFFEE CUP & SAUCER,153.78,99.68111942959632,C - Low
BLUE GREEN EMBROIDERY COSMETIC BAG,153.18,99.68189200600665,C - Low
SET OF 4 GREEN CAROUSEL COASTERS,152.85999999999999,99.68266296846967,C - Low
PINK GINGHAM ROSE CUSHION COVER,152.6,99.68343261960048,C - Low
HEART TRELLISTRIPLE T-LIGHT HOLDER,152.24,99.68420045504055,C - Low
NUMBER TILE COTTAGE GARDEN 5,151.35,99.68496380168963,C - Low
BROWN KUKUI COCONUT SEED NECKLACE,151.3,99.68572689615944,C - Low
MAGIC DRAWING SLATE FIDO,151.2,99.68648948627069,C - Low
PORCELAIN CHERUB BELL SMALL,150.72,99.68724965546096,C - Low
ST GEORGE SET OF 10 PARTY LIGHTS,150.45000000000002,99.68800846288318,C - Low
FLOWER FAIRY 5 DRAWER LINERS,150.45,99.6887672703054,C - Low
FRESHWATER PEARL BRACELET IVORY,150.20999999999998,99.68952486726714,C - Low
HEN HOUSE W CHICK STANDING,150.19,99.69028236335716,C - Low
KIDS CUTLERY DOLLY GIRL ,149.4,99.6910358750147,C - Low
KIDS CUTLERY SPACEBOY ,149.4,99.69178938667226,C - Low
FLOWER FAIRY SUMMER BOUQUET SACHET,149.1,99.6925413852542,C - Low
MURANO STYLE GLASS BRACELET PINK,148.87,99.69329222381151,C - Low
TUSCAN VILLA BIRD FEEDER,148.63,99.69404185190831,C - Low
A4 WALL TIDY BLUE OFFICE,148.01000000000002,99.69478835298217,C - Low
REDWHITE STRIPE SCANDINAVIAN HEART ,147.64000000000001,99.69553298792945,C - Low
DOT MATRIX CANVAS ART PICTURE,147.05,99.69627464716135,C - Low
MURANO STYLE GLASS BRACELET GOLD,146.75,99.69701479331762,C - Low
FLAMES SUNGLASSES PINK LENSES,146.10999999999999,99.69775171157923,C - Low
SPACE BOY CHILDRENS CUP,145.76,99.69848686458597,C - Low
SILVER/BLACK PENDANT ORBIT NECKLACE,144.07,99.69921349393339,C - Low
BLACK CHRISTMAS FLOCK DROPLET ,144.07,99.69994012328081,C - Low
"FLOWER GLASS GARLAND NECKL.36""GREEN",143.1,99.70066186035041,C - Low
NUMBER TILE COTTAGE GARDEN 8,143.02,99.70138319393315,C - Low
NUMBER TILE VINTAGE FONT 8,143.0,99.70210442664421,C - Low
DOGGY RUBBER,142.74,99.70282434802306,C - Low
BLUE TRAVEL FIRST AID KIT,141.76,99.70353932668823,C - Low
PINK ENAMEL FLOWER HAIR TIE,141.49,99.70425294358533,C - Low
LARGE STRAWBERRY CHOCOLATE CANDLE,141.23,99.70496524915023,C - Low
PINK GREEN EMBROIDERY COSMETIC BAG,140.4,99.70567336853925,C - Low
SILVER ROCOCO CANDELABRA,140.23,99.70638063051878,C - Low
JET BLACK LAS VEGAS BRACELET ROUND,140.07,99.70708708552462,C - Low
SEAGRASS S/3 SQU LAUNDRY BOX,139.95,99.70779293530022,C - Low
"LETTER ""M"" BLING KEY RING",139.82,99.70849812940973,C - Low
SET OF 36 PANTRY PAPER DOILIES,139.78,99.70920312177583,C - Low
"NUMBER TILE COTTAGE GARDEN, 1",139.69,99.70990766021923,C - Low
METAL HERB GERDEN CONTAINER,139.68,99.71061214822677,C - Low
EDWARDIAN DROP EARRINGS JET BLACK,139.67,99.71131658579849,C - Low
CAROUSEL CHILDRENS OVERALL,139.56,99.71202046857577,C - Low
PINK FLOCK GLASS CANDLEHOLDER,139.54,99.71272425048137,C - Low
5 STRAND GLASS NECKLACE BLACK,139.5,99.71342783064354,C - Low
VINTAGE ZINC WATERING CAN,139.39999999999998,99.71413090644717,C - Low
"LETTER ""E"" BLING KEY RING",139.28,99.71483337702057,C - Low
5 STRAND GLASS NECKLACE AMBER,139.28,99.71553584759397,C - Low
HEART MEASURING SPOONS LARGE,138.59999999999997,99.7162348885293,C - Low
SET 4 PICNIC CUTLERY CHERRY ,138.45,99.71693317292682,C - Low
 BROWN  PIRATE TREASURE CHEST ,138.22,99.71763029729969,C - Low
F FAIRY POTPOURRI CUSHIONS LAVENDER,137.54000000000002,99.7183239920345,C - Low
"ACRYLIC JEWEL ANGEL,PINK",137.43,99.71901713197491,C - Low
RESIN BRACELET W PASTEL BEADS,137.37,99.71970996930021,C - Low
CAROUSEL PONIES BABY BIB,137.27,99.72040230226695,C - Low
CROCHET WHITE RABBIT KEYRING ,137.26999999999998,99.72109463523371,C - Low
SAMPLES,136.85,99.7217848498946,C - Low
SILVER OVAL JEWELLED MIRROR,136.85,99.72247506455551,C - Low
BIG POLKADOT MUG,136.76,99.72316482529371,C - Low
"HANGING FLOWERS+MIRROR,PINK",136.44,99.7238529720846,C - Low
SILVER/NATURAL SHELL NECKLACE,136.17000000000002,99.72453975710744,C - Low
NEW BAROQUE B'FLY NECKLACE MONTANA,135.98,99.72522558384902,C - Low
ROSE DU SUD CHILDRENS APRON,135.93,99.72591115841136,C - Low
SILVER LARIAT BLACK STONE EARRINGS,135.84,99.72659627905101,C - Low
GLASS AND PAINTED BEADS BRACELET TO,135.8,99.72728119794724,C - Low
DROP DIAMANTE EARRINGS PURPLE,135.76000000000002,99.72796591510004,C - Low
ORIGAMI ROSE INCENSE+FLOWER,135.70000000000002,99.72865032963773,C - Low
DOLPHIN WINDMILL,135.68,99.72933464330372,C - Low
PAIR OF PINK FLOWER CLUSTER SLIDE,135.24,99.73001673779211,C - Low
FLOWER BURST SILVER RING OPAL,135.0,99.73069762182003,C - Low
COLUMBIAN  CUBE CANDLE ,134.85,99.73137774931014,C - Low
CLEAR STATIONERY BOX SET ,134.5,99.73205611154536,C - Low
JACOBS LADDER SMALL,134.08,99.73273235547471,C - Low
"GARLAND , WOODEN  "" HAPPY EASTER""",133.89,99.73340764112284,C - Low
YELLOW VW BEETLE CERAMIC MONEY BOX,133.85000000000002,99.73408272502756,C - Low
PINK FEATHER CHRISTMAS DECORATION,133.23,99.73475468190934,C - Low
GREEN CHENILLE SHAGGY RUG,132.75,99.73542421787012,C - Low
GOLD/AMBER DROP EARRINGS W LEAF,132.58,99.73609289642137,C - Low
PINK COMBO MINI CRYSTALS NECKLACE,132.52,99.73676127235751,C - Low
GREEN METAL BOX TOP SECRET,132.0,99.73742702562924,C - Low
SMALL JEWELLERY STAND,132.0,99.73809277890099,C - Low
FOLDING SHOE TIDY,132.0,99.73875853217272,C - Low
FILIGREE DIAMANTE EARRINGS,131.74,99.73942297411226,C - Low
WHITE ROSEBUD  PEARL EARRINGS,131.65,99.7400869621291,C - Low
PINK STOCKING CHRISTMAS DECORATION,131.38,99.74074958837788,C - Low
WHITE FRANGIPANI NECKLACE,131.16,99.7414111050379,C - Low
WHITE ROSE C/COVER,130.9,99.7420713103657,C - Low
NUMBER TILE VINTAGE FONT 9 ,130.82999999999998,99.74273116264251,C - Low
FUNKY GIRL ADDRESS BOOK,130.71,99.7433904096891,C - Low
3D SHEET OF SEA WORLD STICKERS,130.09,99.74404652971273,C - Low
FLOWERS WALL THERMOMETER,130.04999999999998,99.74470244799298,C - Low
VINTAGE NOTEBOOK RED ROSE,129.8,99.74535710537685,C - Low
NECKLACE+BRACELET SET BLUE HIBISCUS,129.69,99.74601120796633,C - Low
SILVER/CRYSTAL DROP EARRINGS W LEAF,129.59,99.74666480619729,C - Low
GROOVY CACTUS INFLATABLE,129.29,99.7473168913526,C - Low
NATURAL RIVIERA HANDBAG,128.83,99.74796665645864,C - Low
AMBER GLASS/SHELL/PEARL NECKLACE,128.64,99.74861546328346,C - Low
"BREAD BIN, DINER STYLE, PINK",127.6,99.74925902477948,C - Low
"GREETING CARD, OVERCROWDED POOL.",127.56,99.74990238453208,C - Low
BLACK 3 TIER GLASS PLATE STAND,127.5,99.75054544166954,C - Low
NEW BAROQUE B'FLY NECKLACE PINK,127.5,99.75118849880702,C - Low
S/6 PAPER BOXES CURIOUS IMAGES ,127.2,99.75183004286889,C - Low
FUNKY MONKEY GIFT BAG SMALL,126.82999999999998,99.75246972080413,C - Low
SET 4 PICNIC CUTLERY FONDANT,126.75,99.75310899525256,C - Low
GLASS SONGBIRD STORAGE JAR,126.7,99.75374801752172,C - Low
LA STREGA CANVAS PICTURE ,126.29999999999998,99.75438502235673,C - Low
GLASS BONBON JAR. D'AMANDES,126.25,99.75502177501247,C - Low
Dotcomgiftshop Gift Voucher £10.00,126.21,99.75565832592478,C - Low
BUTTERFLY HAIR BAND,126.11999999999999,99.75629442291442,C - Low
BLUE BLOSSOM HAIR CLIP,125.83000000000001,99.75692905726429,C - Low
SNACK TRAY RED GINGHAM,125.72,99.75756313681975,C - Low
WHITE/PINK MINI CRYSTALS NECKLACE,125.64,99.7581968128884,C - Low
SCOTTIES DESIGN CHILD'S OVERALL,125.60000000000001,99.75883028721364,C - Low
LARGE JEWELLERY STAND,125.0,99.75946073538763,C - Low
PINK BAROQUE FLOCK CANDLE HOLDER,124.83,99.76009032615211,C - Low
FLOWER BURST SILVER RING MIDN'T BLU,124.38,99.76071764730315,C - Low
ANT SILVER FUSCHIA BOUDICCA RING,123.90000000000002,99.7613425475332,C - Low
PINK HORSE SOCK PUPPET KIT,123.9,99.76196744776327,C - Low
"GLASS JAR, KINGS CHOICE SOAP",123.9,99.76259234799332,C - Low
2 DAISIES HAIR COMB,123.76,99.76321654212144,C - Low
ROSE FLOWER CANDLE+INCENSE 16X16CM,123.75,99.76384068581369,C - Low
BREAD BIN DINER STYLE BLACK,123.6,99.76446407296814,C - Low
GOLD FLOWER CUSHION COVER ,123.6,99.76508746012259,C - Low
WOODLAND LARGE BLUE FELT HEART,123.47,99.76571019161094,C - Low
SET OF 3 MINI HANGING PORTRAITS,123.2,99.76633156133123,C - Low
LARGE PARLOUR FRAME,122.85,99.76695116579663,C - Low
"POCKET MIRROR ""GLAMOROUS""",122.57,99.76756935805813,C - Low
PINK FLOWER HANGING HEART ,122.46,99.76818699552523,C - Low
MOSAIC CANDLE DISH BLUE PURPLE,122.39999999999999,99.7688043303772,C - Low
 CAMPHOR WOOD PORTOBELLO MUSHROOM,122.36,99.76942146348576,C - Low
LARGE CRYSTAL DIAMANTE HAIRSLIDE,122.31,99.77003834441504,C - Low
PINK FEATHERS CURTAIN,121.53,99.77065129134772,C - Low
MOSAIC GLASS BALL CANDLEHOLDER,121.25,99.7712628260765,C - Low
GLOW IN DARK DOLPHINS,121.08,99.77187350339575,C - Low
MAGIC SLATE BUNNIES AT HOME ,120.96000000000001,99.77248357548476,C - Low
MAGIC SLATE SPACEBOY ,120.96000000000001,99.77309364757379,C - Low
MAGIC SLATE FIDO,120.96000000000001,99.7737037196628,C - Low
GREEN PAIR HEART HAIR SLIDES,120.31,99.7743105134213,C - Low
FAIRY CAKES PHOTO FRAME,120.13,99.77491639933443,C - Low
VINTAGE ZINC PLANTER  ,120.08000000000001,99.77552203306828,C - Low
NEW ENGLAND PLACEMATS,120.0,99.77612726331532,C - Low
GIFT BAG LARGE SPOT ,120.0,99.77673249356235,C - Low
LUNCH BAG VINTAGE DOILEY ,119.63,99.77733585768279,C - Low
BLUE METAL WALL SHELF,119.39999999999999,99.77793806177858,C - Low
PINK BABY GIRLS PHOTO ALBUM,119.39000000000001,99.77854021543853,C - Low
SET/2 BLUE  NOODLE BASKETS,118.95,99.77914014992089,C - Low
SET OF 12 T-LIGHTS VINTAGE DOILEY,118.94999999999999,99.77974008440327,C - Low
FOLDING MIRROR HOT PINK ,118.91999999999999,99.78033986757808,C - Low
CHILDRENS SPACEBOY MUG,118.79999999999998,99.78093904552266,C - Low
SILVER BLACK ORBIT DROP EARRINGS,118.51,99.78153676082746,C - Low
PINK FLUFFY CHRISTMAS DECORATION,118.43,99.78213407264543,C - Low
BOX OF 6 PEBBLE CANDLES,118.39,99.78273118271998,C - Low
FLOWER BROOCH 4 ASSORTED COLOURS,118.24000000000001,99.78332753625672,C - Low
"NUMBER TILE COTTAGE GARDEN, 9",117.30999999999999,99.78391919925905,C - Low
"HANGING FLOWERS+MIRROR,CLEAR",117.05,99.78450955092917,C - Low
NUMBER TILE VINTAGE FONT 0,117.04,99.78509985216346,C - Low
PRICE'S CANDLE PEACH,116.5,99.78568742986161,C - Low
RED PURSE WITH PINK HEART,116.4,99.78627450320123,C - Low
BLACK MEDIUM GLASS CAKE STAND,115.86,99.78685885300473,C - Low
VINTAGE NOTEBOOK PINK FLOWER,115.05000000000001,99.78743911750408,C - Low
ZINC HEART LATTICE CHARGER SMALL,115.05000000000001,99.78801938200344,C - Low
3 PINK HEN+CHICKS IN BASKET,114.86,99.78859868822155,C - Low
FRENCH STYLE STORAGE JAR JAM,114.85,99.78917794400382,C - Low
LITTLE PINK MONSTER SOFT TOY,114.44999999999999,99.78975518235194,C - Low
ZINC SWEETHEART SOAP DISH,114.33000000000001,99.79033181546978,C - Low
IVORY GOLD METAL BAG CHARM,114.24,99.79090799466496,C - Low
WALL ART BICYCLE SAFTEY ,114.15,99.79148371993743,C - Low
SPOTTED WHITE NATURAL SEED NECKLACE,113.76,99.79205747821163,C - Low
"NUMBER TILE COTTAGE GARDEN, 7",113.41,99.79262947123094,C - Low
"NUMBER TILE COTTAGE GARDEN, 0 ",113.40999999999998,99.79320146425023,C - Low
"NUMBER TILE COTTAGE GARDEN, 2",113.40999999999998,99.79377345726954,C - Low
"GREETING CARD,SQUARE, DOUGHNUTS",113.22,99.79434449200761,C - Low
BLACK FINE BEAD NECKLACE W TASSEL,112.78,99.79491330756812,C - Low
SET/6 GREEN SPRING PAPER CUPS,112.54,99.79548091266814,C - Low
PINK/PURPLE CIRCLE CURTAIN,112.32000000000001,99.79604740817936,C - Low
SQUARE METAL CANDLEHOLDER BASE,112.05,99.79661254192253,C - Low
YELLOW FELT HANGING HEART W FLOWER,112.03999999999999,99.79717762522984,C - Low
CD WALL TIDY RED FLOWERS,111.57000000000001,99.79774033805202,C - Low
FOLKART CHRISTMAS TREE T-LIGHT HOLD,111.34,99.79830189084956,C - Low
ASSORTED COLOUR JUMBO PEN,111.22,99.79886283841685,C - Low
"NUMBER TILE COTTAGE GARDEN, 5",111.14999999999999,99.79942343293315,C - Low
BLUE/PINK NEST STRIPE BOX,111.11999999999999,99.79998387614192,C - Low
PURPLE FRANGIPANI NECKLACE,110.85,99.80054295758262,C - Low
BEECH WOOD P/FRAME,109.85,99.80109699543793,C - Low
"NUMBER TILE COTTAGE GARDEN, 3 ",109.19999999999999,99.80164775496273,C - Low
"NUMBER TILE COTTAGE GARDEN, 8",109.19999999999999,99.80219851448753,C - Low
"NUMBER TILE COTTAGE GARDEN, 6",109.19999999999999,99.80274927401233,C - Low
"NUMBER TILE COTTAGE GARDEN, 4",109.19999999999999,99.80330003353713,C - Low
LION SOCK PUPPET,109.15,99.80385054088265,C - Low
PACK/12 DECOUPAGE CARD,109.13000000000001,99.80440094735647,C - Low
DROP DIAMANTE EARRINGS CRYSTAL,109.03,99.80495084947177,C - Low
RUBY GLASS CLUSTER EARRINGS,108.99,99.80550054984363,C - Low
CHERRY BLOSSOM PURSE,108.69,99.80604873713989,C - Low
 BLACK PIRATE TREASURE CHEST,108.47999999999999,99.80659586528321,C - Low
PINK FLOWERS RABBIT EASTER,108.27,99.80714193427359,C - Low
PURPLE FRANGIPANI HAIRCLIP,108.11,99.8076871962903,C - Low
PAPER LANTERN 6 POINT SNOW STAR,107.9,99.8082313991541,C - Low
S/3 FLWR FAIRY ROSE CANDLES,107.68,99.8087744924291,C - Low
PINK DAISY BAG CHARM,107.39,99.80931612306433,C - Low
FLAT GLASS  BAUBLE WHITE FLOCK ,107.13,99.80985644236739,C - Low
SET 10 CARDS DINKY TREE 17076,107.07000000000001,99.8103964590553,C - Low
SMALL PARLOUR FRAME,106.98000000000002,99.81093602182052,C - Low
DIAMANTE HAIR GRIP PACK/2 PERIDOT,106.74,99.81147437412527,C - Low
BLUE/WHITE RIBBED MELAMINE JUG,106.59,99.81201196989218,C - Low
DOORMAT KISS MY.......,106.58,99.81254951522325,C - Low
RED VICTORIAN FABRIC HEART BOX,106.49000000000001,99.81308660663164,C - Low
PINK ROSEBUD PEARL EARRINGS,106.49,99.81362369804002,C - Low
PENCIL CASE GINGHAM FOREST,106.20000000000002,99.81415932680864,C - Low
CRACKED GLAZE NECKLACE RED,105.72,99.81469253465627,C - Low
PINK CHRISTMAS FLOCK DROPLET ,105.43,99.81522427986414,C - Low
S/3 RABBIT FLOWER/EGG/CARROT ROPE,105.39999999999999,99.81575587376445,C - Low
"ACRYLIC JEWEL SNOWFLAKE,BLUE",105.24000000000001,99.81628666069109,C - Low
VANILLA INCENSE 40 CONES IN TIN,105.2,99.81681724587432,C - Low
WRAP WINTER FOREST,105.0,99.81734682234047,C - Low
PACKING CHARGE,105.0,99.81787639880663,C - Low
GREEN PENDANT TRIPLE SHELL NECKLACE,104.95,99.8184057230935,C - Low
VINTAGE ENAMEL & CRYSTAL NECKLACE,104.77000000000001,99.81893413953502,C - Low
SHOPPING BAG DOORSTOP,104.25,99.81945993331213,C - Low
SILVER WASHBAG,103.53000000000002,99.81998209570777,C - Low
MULTICOLOUR EASTER RABBIT ,103.35,99.82050335025804,C - Low
CLASSICAL ROSE TABLE LAMP,103.3,99.82102435262902,C - Low
WOODEN CHRISTMAS TREE 3 HANGING,103.06,99.82154414453952,C - Low
PINK NEW BAROQUE FLOCK CANDLESTICK,102.30000000000001,99.82206010332511,C - Low
TURQUOISE BERTIE GLASS BEAD CHARM,101.35,99.8225712707046,C - Low
PINK CLEAR GLASS CANDLE PLATE,101.28999999999999,99.82308213546894,C - Low
CREAM AND PINK FLOWERS PONY ,101.25,99.82359279848988,C - Low
BLUE HOLE PUNCH,101.25,99.82410346151082,C - Low
FRENCH ENAMEL SOAP DISH WITH LID,100.80000000000001,99.82461185491833,C - Low
CUPID SCENTED CANDLE IN GLASS,100.64999999999999,99.82511949178803,C - Low
PAINTED SEA SHELL METAL WINDCHIME,100.31,99.82562541383868,C - Low
SEAGRASS S/2 CORNER LAUNDRY ,100.15,99.82613052891568,C - Low
SET 10 CARDS RED RIDING HOOD 17214,99.60000000000001,99.82663287002073,C - Low
VINTAGE ZINC WATERING CAN SMALL,99.2,99.82713319369161,C - Low
MULTICOLOUR DOTS PLATE,99.02,99.82763260951711,C - Low
TUSCAN VILLA DOVECOTE,99.0,99.82813192447092,C - Low
TUSCAN VILLA FEEDING STATION,99.0,99.82863123942472,C - Low
"RIBBON REEL, MAKING SNOWMEN ",99.0,99.82913055437854,C - Low
BUNDLE OF 3 RETRO EXERCISE BOOKS,98.99999999999999,99.82962986933234,C - Low
VINTAGE SILVER TINSEL REEL,98.9,99.83012867992758,C - Low
DAISY HAIR COMB,98.87,99.8306273392153,C - Low
MULTICOLOUR POLKADOT PLATE,98.83,99.83112579675958,C - Low
PINK DOG CANNISTER,98.8,99.8316241029963,C - Low
"NUMBER TILE COTTAGE GARDEN, No",98.72000000000001,99.8321220057462,C - Low
WHITE ROSEBUD & PEARL NECKLACE,98.45,99.83261854672803,C - Low
CHERRY BLOSSOM PHOTO FRAME ,97.9,99.8331123137379,C - Low
BLUE SHELL+SILVER NECKLACE,97.5,99.8336040633136,C - Low
WRAP BAD HAIR DAY,97.5,99.83409581288932,C - Low
PINK VINTAGE VICTORIAN EARRINGS,97.24000000000001,99.83458625113283,C - Low
GOLD COSMETIC BAG PINK STAR,96.60000000000001,99.8350734614817,C - Low
LITTLE GREEN MONSTER SOFT TOY,96.6,99.83556067183056,C - Low
15 PINK FLUFFY CHICKS IN BOX,96.51,99.83604742825676,C - Low
LOVE POTION MASALA INCENSE,95.76,99.8365304019939,C - Low
DOOR MAT KISS MY.......,95.15,99.83701029914394,C - Low
BROWN ANTIQUE CUBE CANDLE,94.92,99.83748903626935,C - Low
GREEN POLKADOT CUP,94.35,99.83796489855109,C - Low
VIP PASSPORT COVER ,94.04,99.83843919732134,C - Low
HOME SWEEET HOME 3 PEG HANGER ,93.75,99.83891203345183,C - Low
"LETTER ""R"" BLING KEY RING",93.72999999999999,99.83938476871063,C - Low
NEW BAROQUE B'FLY NECKLACE GREEN,93.48,99.83985624307307,C - Low
GLASS BEAD HOOP NECKLACE BLACK,93.47,99.84032766699966,C - Low
"LETTER ""G"" BLING KEY RING",93.17999999999999,99.84079762828647,C - Low
FLOWER BLUE CLOCK W/SUCKER,93.1,99.84126718608647,C - Low
TRANQUILITY MASALA INCENSE,92.82,99.84173533168256,C - Low
WHITE/PINK CHICK EASTER DECORATION,92.39,99.84220130853691,C - Low
MONTANA DIAMOND CLUSTER NECKLACE,92.17999999999999,99.84266622623835,C - Low
PINK EAU DE COLOGNE BOTTLE,92.16999999999999,99.84313109350393,C - Low
GOLD JEWELERY BOX,92.00000000000001,99.84359510335999,C - Low
PINK CRYSTAL SKULL PHONE CHARM,91.89999999999999,99.84405860885751,C - Low
GREEN ENAMEL FLOWER HAIR TIE,91.46000000000001,99.84451989517747,C - Low
DROP DIAMANTE EARRINGS BLACK DIAMON,91.38000000000001,99.84498077801057,C - Low
DOUBLE CERAMIC PARLOUR HOOK,91.30000000000001,99.84544125735685,C - Low
PINK DOLLY HAIR CLIPS,91.25,99.84590148452388,C - Low
S/6 PINK EASTER DECS IN BOX,90.94999999999999,99.84636019861527,C - Low
PURPLE ENAMEL FLOWER HAIR TIE,90.9,99.84681866052739,C - Low
"LETTER ""D"" BLING KEY RING",90.82,99.8472767189527,C - Low
KNITTED RABBIT DOLL ,90.75,99.847734424327,C - Low
ROUND PURPLE CLOCK W/SUCKER,90.52,99.8481909696767,C - Low
BLACK SIL'T SQU CANDLE PLATE ,90.30000000000001,99.84864640543759,C - Low
BLACK ORANGE SQUEEZER,89.92,99.84909992463604,C - Low
ORIENTAL BLUE C/COVER ,89.59,99.8495517794513,C - Low
ORIGAMI LAVENDER INCENSE IN TUBE,89.46000000000001,99.85000297860047,C - Low
"S/4 ICON COASTER,ELVIS LIVES",89.25,99.8504531185967,C - Low
SET OF 16 VINTAGE IVORY CUTLERY,89.24,99.85090320815708,C - Low
NEW ENGLAND EGG WARMER,89.12,99.85135269248721,C - Low
WISE MAN STAR SHAPE EGG PAN,89.03999999999999,99.85180177333051,C - Low
VIP LUGGAGE TAG ,88.75,99.85224939153404,C - Low
ANT SILVER TURQUOISE BOUDICCA RING,88.5,99.85269574884124,C - Low
DIAMANTE HAIR GRIP PACK/2 RUBY,88.30999999999999,99.85314114786719,C - Low
PINK AND BLACK STRING CURTAIN,88.04999999999998,99.85358523556094,C - Low
CD WALL TIDY BLUE OFFICE,87.96000000000001,99.85402886933204,C - Low
MANHATTAN CANVAS ART PICTURE,87.8,99.85447169612945,C - Low
BLUE CRYSTAL BOOT PHONE CHARM,87.50999999999999,99.8549130602871,C - Low
GREEN WIRE GOBLET CANDLEHOLDER,87.45,99.85535412182963,C - Low
"PET MUG, BUDGIE",87.28,99.85579432596265,C - Low
"ACRYLIC BEAD CHAIN, BLUE",87.02,99.85623321876346,C - Low
CRYSTAL KEY+LOCK PHONE CHARM,86.69999999999999,99.85667049761695,C - Low
FIRE POLISHED GLASS BRACELET BLACK,86.65,99.85710752429114,C - Low
SET 10 CARDS 12 DAYS WRAP  17058,86.58000000000001,99.85754419791436,C - Low
FOUR PICTURE WHITE GLASS FRAME,86.25,99.85797920715443,C - Low
GOLD PRINT PAPER BAG,85.97,99.85841280419056,C - Low
BLACK DROP CRYSTAL NECKLACE,85.9,99.85884604817572,C - Low
ANT SILVER PURPLE BOUDICCA RING,85.55000000000001,99.85927752690601,C - Low
WOBBLING METAL CHICKEN EASTER,85.53,99.85970890476459,C - Low
GLASS BEAD HOOP NECKLACE AMETHYST,85.0,99.86013760952291,C - Low
S/6 SILVER ORNAMENETAL CANDLE,85.0,99.86056631428121,C - Low
"DOG FOOD CONTAINER , VINTAGE",85.0,99.86099501903955,C - Low
ANTIQUE OLIVE GREEN FLOWER EARRINGS,84.96000000000001,99.86142352205445,C - Low
"GREETING CARD, STICKY GORDON",84.84,99.8618514198391,C - Low
INCENSE BAZAAR CANNABIS,84.84,99.86227931762375,C - Low
SMOKEY GREY COLOUR GLASS,84.75999999999999,99.86270681192157,C - Low
BERRIES CHUNKY KNITTED THROW ,84.75,99.86313425578355,C - Low
TEATIME PENCIL W STAMP ASST,84.69,99.8635613970304,C - Low
MEDIUM PARLOUR FRAME ,84.1,99.86398556256188,C - Low
"GREETING CARD, RITA",83.97,99.86440907242724,C - Low
TURQ PENDANT TRIPLE SHELL NECKLACE,83.69,99.86483117008869,C - Low
Dotcomgiftshop Gift Voucher £100.00,83.33,99.86525145205938,C - Low
12 HANGING EGGS HAND PAINTED,83.2,99.86567107836399,C - Low
OLD DOC.RUSSEL METAL SIGN,82.94,99.86608939333641,C - Low
DIAMANTE NECKLACE PURPLE,82.81,99.86650705264272,C - Low
FLOWER BURST SILVER RING ROSE,82.74,99.86692435889803,C - Low
DROP DIAMANTE EARRINGS GREEN,82.71000000000001,99.86734151384582,C - Low
SILVER 2 STRAND NECKLACE-LEAF CHARM,82.64,99.8677583157426,C - Low
WHITE STONE/CRYSTAL EARRINGS,82.51,99.8681744619733,C - Low
RUBY GLASS CLUSTER NECKLACE,82.5,99.86859055776813,C - Low
SET 5 MINI CHOCOLATE FRIDGE MAGNETS,82.44,99.86900635094786,C - Low
PINK/YELLOW PATCH CUSHION COVER,82.34,99.86942163976903,C - Low
AMETHYST DROP EARRINGS W LONG BEADS,81.92999999999999,99.8698348607202,C - Low
"FELTCRAFT HAIRBAND S/2, PINK/PURPLE",81.6,99.87024641728819,C - Low
WOODEN TREE CHRISTMAS SCANDISPOT,81.6,99.87065797385617,C - Low
WHITE CHRISTMAS FLOCK DROPLET ,81.56,99.87106932868073,C - Low
SET/6 BLACK ROSE T-LIGHT CANDLES,81.12,99.87147846432774,C - Low
PASTEL BLUE PHOTO ALBUM,81.1,99.87188749910302,C - Low
 ANIMAL STICKERS,80.85,99.87229527298199,C - Low
VINTAGE ROSE BEAD BRACELET BLUE,80.75,99.87270254250238,C - Low
MAGIC SLATE CIRCUS PARADE  ,80.64,99.87310925722839,C - Low
MAGIC SLATE DOLLY GIRL ,80.64,99.87351597195439,C - Low
WRAP SWEETS LIGHT PINK SMALL BOWL,80.62,99.8739225858087,C - Low
ORIGAMI OPIUM SCENT INCENSE+FLOWER,80.60000000000001,99.8743290987913,C - Low
PARTY PIZZA DISH GREEN RETROSPOT,80.50999999999999,99.87473515785122,C - Low
OOH LA LA DOGS COLLAR,80.31,99.87514020819404,C - Low
BLUE FLOCK CUSHION COVER ,80.0,99.8755436950254,C - Low
SET 36 COLOUR PENCILS DOILEY,80.0,99.87594718185674,C - Low
COLOURFUL FLOWER FRUIT BOWL,80.0,99.8763506686881,C - Low
DIAMANTE HAIR GRIP PACK/2 LT ROSE,79.86999999999999,99.87675349985336,C - Low
GOLD DIAMANTE STAR BROOCH,79.60000000000001,99.87715496925058,C - Low
AQUA BERTIE GLASS BEAD BAG CHARM,79.57,99.87755628734021,C - Low
RIO PINK STRIPE HAMMOCK,79.5,99.87795725237888,C - Low
STRAWBERRY CAKE TEAPOT,79.2,99.87835670434193,C - Low
CROCHET BEAR RED/BLUE  KEYRING,79.19999999999999,99.87875615630496,C - Low
GLASS AND PAINTED BEADS BRACELET OL,79.19,99.87915555783215,C - Low
WHITE VINTAGE CRYSTAL EARRINGS,79.14,99.87955470718008,C - Low
FIRE POLISHED GLASS BRACELET MONTAN,78.99,99.87995309999019,C - Low
BLACK VINTAGE  CRYSTAL EARRINGS,78.75,99.88035028233979,C - Low
PARTY PIZZA DISH PINK WHITE SPOT ,78.72999999999999,99.8807473638177,C - Low
PINK STAR CHRISTMAS DECORATION,78.12,99.88114136870853,C - Low
SET OF 3 RABBIT CARROTS EASTER,77.96,99.8815345666257,C - Low
"LETTER ""H"" BLING KEY RING",77.71,99.8819265036465,C - Low
CLASSIC CROME BICYCLE BELL ,77.4,99.88231687715583,C - Low
DISTRESSED CANDLE STICK WHITE,77.35,99.8827069984859,C - Low
DIAMANTE NECKLACE,77.0,99.88309535456109,C - Low
Dad's Cab Electronic Meter,76.95,99.88348345845701,C - Low
"GREETING CARD, TWO SISTERS.",76.68,99.88387020058485,C - Low
WHITE GLASS TV TRIPLE FRAME,76.6,99.88425653922587,C - Low
 NEW BAROQUE BLACK BOXES,76.5,99.88464237350837,C - Low
NECKLACE+BRACELET SET PINK DAISY,76.5,99.88502820779085,C - Low
"LETTER ""N"" BLING KEY RING",76.39999999999999,99.88541353771478,C - Low
FILIGREE DIAMANTE CHAIN,76.23,99.88579801022922,C - Low
"ACRYLIC JEWEL SNOWFLAKE, PINK",75.88000000000001,99.88618071748876,C - Low
CLASSIC DIAMANTE NECKLACE JET,75.88,99.8865634247483,C - Low
SET OF 36 SPACEBOY PAPER DOILIES,75.42,99.88694381195856,C - Low
BLUE CHECK BAG W HANDLE 34X20CM,75.15999999999998,99.88732288783663,C - Low
WRAP BOUDOIR ,75.0,99.88770115674102,C - Low
VINTAGE ENGRAVED HEART,75.0,99.88807942564542,C - Low
"ASS RETROSPOOF MUGS,SPORTS",75.0,99.88845769454981,C - Low
ENCHANTED GARDEN WROUGHT IRON TABLE,74.75,99.88883470255786,C - Low
ALUMINIUM HEART,74.7,99.88921145838664,C - Low
PAPER LANTERN 9 POINT HOLLY STAR 23,74.7,99.88958821421542,C - Low
VINTAGE PINK TINSEL REEL ,74.6,99.88996446568567,C - Low
MIDNIGHT BLUE DROP CRYSTAL NECKLACE,74.38,99.89033960756711,C - Low
L BLUE C/COVER W PINK/YELLOW FLOWER,74.31,99.89071439639758,C - Low
CROCHET ROSE DES CLOTHES HANGER,73.75,99.89108636082024,C - Low
FAN BLACK FRAME ,73.66,99.89145787132021,C - Low
GREEN STONE/CRYSTAL EARRINGS,73.62,99.89182918007677,C - Low
6 RABBIT CHAIN EASTER,72.42,99.89219443653087,C - Low
"LETTER ""B"" BLING KEY RING",72.33,99.89255923906225,C - Low
BLACK GLASS TV DOUBLE P/FRAME 15X10,72.25,99.89292363810682,C - Low
GLASS BEAD HOOP EARRINGS AMETHYST,72.18,99.89328768410041,C - Low
PINK EASTER HENS+FLOWER,72.06,99.89365112486375,C - Low
BILI NUT AND WOOD NECKLACE,71.9,99.89401375865341,C - Low
GLASS AND BEADS BRACELET IVORY,71.46000000000001,99.89437417326555,C - Low
CERISE+GOLD CHRISTMAS STOCKING DEC,71.44,99.89473448700595,C - Low
S/3 POT POURI CUSHIONS BLUE COLOURS,71.4,99.89509459900292,C - Low
FIRE POLISHED GLASS NECKL BRONZE,71.4,99.8954547109999,C - Low
FAIRY CAKES  WALL THERMOMETER,71.39999999999999,99.89581482299688,C - Low
NEW ENGLAND MUG W GIFT BOX,71.39999999999999,99.89617493499387,C - Low
SET OF 36 VINTAGE CHRISTMAS DOILIES,71.27,99.89653439132475,C - Low
PINK FLOCK SUEDE CUSHION COVER ,71.25,99.89689374678392,C - Low
TINY CRYSTAL BRACELET GREEN,71.17,99.89725269875628,C - Low
DECROTIVEVINTAGE COFFEE GRINDER BOX,71.08,99.89761119680593,C - Low
AMBER FINE BEAD NECKLACE W TASSEL,71.0,99.89796929136875,C - Low
HEARTS PENCIL/RUBBER+5 MINI PENCILS,70.98,99.89832728505988,C - Low
WHITE ALLIUM  ARTIFICIAL FLOWER,70.98,99.898685278751,C - Low
PINK BUTTERFLY C/COVER ,70.82,99.89904246546845,C - Low
YELLOW/BLUE RETRO RADIO,70.80000000000001,99.89939955131422,C - Low
GREEN DROP EARRINGS W BEAD CLUSTER,70.6,99.8997556284429,C - Low
PORCELAIN HANGING BELL LARGE,70.5,99.90011120121302,C - Low
WHITE ENAMEL FLOWER HAIR TIE,70.49,99.9004667235473,C - Low
CRACKED GLAZE NECKLACE IVORY,70.16,99.9008205814984,C - Low
SET OF 36 DOLLY GIRL PAPER DOILIES,69.66,99.90117191765681,C - Low
PINK/AMETHYST/GOLD NECKLACE,69.62,99.9015230520718,C - Low
Dotcomgiftshop Gift Voucher £80.00,69.56,99.90187388387164,C - Low
CREAM C/COVER W YELLOW/GREEN FLOWER,69.5,99.9022244130564,C - Low
ROUND PURPLE CLOCK WITH SUCKER,69.35,99.90257418570333,C - Low
HAPPY ANNIVERSARY CANDLE LETTERS,69.17999999999999,99.90292310094074,C - Low
BLUE FELT HANGING HEART W FLOWER,69.1,99.90327161269134,C - Low
DIAMANTE HAIR GRIP PACK/2 MONTANA,68.17999999999999,99.90361548434336,C - Low
METAL BASE FOR CANDLES,68.1,99.90395895250856,C - Low
ASSORTED COLOUR SUCTION CUP HOOK,68.02000000000001,99.90430201718692,C - Low
SILVER MONTE CARLO HANDBAG,68.0,99.90464498099357,C - Low
HAYNES CAMPER SHOULDER BAG,67.94,99.9049876421851,C - Low
PINK SWEETIE NECKLACE,67.9,99.90533010163321,C - Low
GLASS BEAD HOOP NECKLACE MONTANA,67.82,99.90567215759451,C - Low
GLASS BEAD HOOP NECKLACE GREEN,67.82,99.90601421355578,C - Low
TREE OF NOAH FESTIVE SCENTED CANDLE,67.8,99.90635616864536,C - Low
FLOWER BURST SILVER RING GREEN,67.77,99.90669797242737,C - Low
PINK PAISLEY PHOTO ALBUM,67.71000000000001,99.90703947359427,C - Low
PINK/WHITE GLASS DEMI CHOKER,67.64,99.90738062171019,C - Low
NEW BAROQUE B'FLY NECKLACE CRYSTAL,67.61,99.90772161851854,C - Low
BLUE TABLE RUN FLOWER,67.5,99.90806206053249,C - Low
SCOTTS ROSES TILE COASTER,67.5,99.90840250254645,C - Low
ENGLISH ROSE SET/3 GARDEN TOOLS,67.25,99.90874168366405,C - Low
"LETTER ""P"" BLING KEY RING",66.59,99.9090775360153,C - Low
"ACRYLIC HANGING JEWEL,PINK",66.55,99.90941318662314,C - Low
TINY CRYSTAL BRACELET RED,66.31,99.90974762677047,C - Low
TINY CRYSTAL BRACELET BLUE,66.08,99.91008090689316,C - Low
OCCASIONS GIFT CARD ASSORTMENT,66.0,99.91041378352904,C - Low
LARGE FIBRE OPTIC CHRISTMAS TREE,65.76,99.91074544970442,C - Low
PURPLE FINE BEAD NECKLACE W TASSEL,65.31,99.91107484626636,C - Low
LARGE ZINC/GLASS CANDLEHOLDER,65.23,99.91140383934149,C - Low
ENGLISH ROSE PHOTO FRAME ,65.10000000000001,99.9117321767505,C - Low
LIGHT DECORATION BATTERY OPERATED,65.10000000000001,99.91206051415953,C - Low
IVORY PENDANT TRIPLE SHELL NECKLACE,64.94,99.91238804459489,C - Low
BISCUIT TIN VINTAGE LEAF,64.56,99.9127136584678,C - Low
WHITE WITH METAL BAG CHARM,64.35000000000001,99.91303821318776,C - Low
CROCHET DOG KEYRING,64.35,99.91336276790774,C - Low
BLACK DIAMOND CLUSTER NECKLACE,64.09,99.91368601129551,C - Low
MULTICOLOUR GLASS PLATE,63.800000000000004,99.91400779204352,C - Low
16 PC CUTLERY SET PANTRY DESIGN,63.8,99.91432957279154,C - Low
BLUE TILED SET OF 3 DRAWERS,63.75,99.91465110136028,C - Low
S/6 PAPER BOXES BLOSSOM IMAGES ,63.75,99.91497262992901,C - Low
S/6 PAPER BOXES ROMANTIC IMAGES,63.75,99.91529415849774,C - Low
NEW BAROQUE BLACK BOXES,63.75,99.91561568706648,C - Low
VINTAGE KEEPSAKE BOX BEAUTY GIRL,63.5,99.91593595473887,C - Low
"CAT FOOD CONTAINER , VINTAGE",63.49999999999999,99.91625622241126,C - Low
LARGE MINT DIAMANTE HAIRSLIDE,63.46,99.91657628834024,C - Low
PURPLE/BLUE CERAMIC CANDLE HOLDER,63.28,99.91689544642385,C - Low
"WRAP , SUMMER ROSE DESIGN",63.0,99.91721319230355,C - Low
IVORY SCULPTED RND CANDLE ,62.9,99.91753043382468,C - Low
BLUE KNITTED KID'S RUCKSACK,62.35,99.91784490137388,C - Low
BLACK FEATHER CHRISTMAS DECORATION,62.3,99.91815911674381,C - Low
FUSCHIA VOILE POINTY SHOE DEC,62.01,99.91847186947396,C - Low
PINK/YELLOW RABBIT SAT EASTER,61.92,99.91878416828145,C - Low
BLUE STONES ON WIRE FOR CANDLE,61.78,99.91909576098698,C - Low
RED SPOTTY PASSPORT COVER,61.76,99.91940725282079,C - Low
FLOWERS HANDBAG blue and orange,61.25,99.91971617242605,C - Low
GERANIUM FOLKART HEART DECORATION,61.25,99.92002509203131,C - Low
"WALL ART ,PUDDINGS ",61.2,99.9203337594573,C - Low
WOODEN STAR CHRISTMAS SCANDISPOT,61.199999999999996,99.92064242688326,C - Low
FELTCRAFT HAIRBANDS PINK + WHITE ,61.199999999999996,99.92095109430925,C - Low
"LETTER ""I"" BLING KEY RING",61.0,99.92125875301817,C - Low
MAGIC SLATE DINOSAUR,60.480000000000004,99.92156378906267,C - Low
RED PEONY DES C/COVER ,60.45,99.92186867379961,C - Low
PINK SQUARE COMPACT MIRROR,60.0,99.92217128892314,C - Low
TIN CAN BISCUITS DESIGN,60.0,99.92247390404665,C - Low
BIRTHDAY BANNER TAPE,60.0,99.92277651917017,C - Low
 SET Of 6 SOLDIER SKITTLES,60.0,99.92307913429369,C - Low
SET 10 CARDS DRESSING UP 17077,59.760000000000005,99.9233805389567,C - Low
LASER CUT MULTI STRAND NECKLACE,59.75,99.92368189318388,C - Low
DAISY RING,59.650000000000006,99.9239827430525,C - Low
Dotcomgiftshop Gift Voucher £70.00,59.57,99.9242831894343,C - Low
BLUE BUTTERFLY ON SPRING,59.5,99.92458328276513,C - Low
PINK CROCHET CAT WITH SCARF,59.5,99.92488337609595,C - Low
VINTAGE BEAD FILLED PINK CUSHION,59.400000000000006,99.92518296506823,C - Low
I LOVE LONDON WALL ART,59.400000000000006,99.9254825540405,C - Low
CHILDRENS CIRCUS PARADE MUG,59.39999999999999,99.92578214301278,C - Low
ROUND FOOD CONTAINER S/5 RETROSPOT,59.39999999999999,99.92608173198505,C - Low
RUSTIC STRAWBERRY JAMPOT SMALL,59.39999999999999,99.92638132095732,C - Low
HAND OPEN SHAPE BLACK,59.330000000000005,99.92668055687862,C - Low
BLACK CRYSTAL DROP EARRINGS,59.06,99.92697843103186,C - Low
RABBIT EASTER DECORATION,59.00000000000001,99.92727600256998,C - Low
CALENDAR FAMILY FAVORITES,59.0,99.92757357410811,C - Low
PINK LARGE JEWELED PHOTOFRAME,58.65,99.92786938039134,C - Low
"ICON ALARM CLOCK,FUSCHIA  PIN UP",58.64999999999999,99.92816518667456,C - Low
DROP EARRINGS W FLOWER & LEAF,58.5,99.92846023642001,C - Low
GREEN PEONY DES C/COVER,58.370000000000005,99.92875463049934,C - Low
HEN HOUSE W FAMILY IN BARN & NEST,58.31,99.92904872196353,C - Low
"ACRYLIC JEWEL ANGEL,BLUE",58.07,99.92934160296724,C - Low
WHITE/BLUE RECT CERAMIC OIL BURNER,58.05,99.92963438309926,C - Low
SKY BLUE COLOUR GLASS GEMS IN BAG,57.98,99.92992681018028,C - Low
"JEWELLED DECORATION,BLUE",57.0,99.93021429454762,C - Low
BURG FLOCK GOLD CUP/CANDLE ,56.9,99.93050127455642,C - Low
PURPLE LAS VEGAS BRACELET ROUND,56.25,99.9307849762347,C - Low
BLUE FLOWER DES PURSE,56.16,99.93106822399032,C - Low
CRYSTAL LARGE JEWELLED PHOTO FRAME,56.099999999999994,99.93135116913082,C - Low
IVORY SHELL HEART EARRINGS,55.879999999999995,99.93163300468252,C - Low
PADDED RED HEART DECORATION,55.76,99.93191423500399,C - Low
BLACK 3 BEAD DROP EARRINGS,55.74,99.93219536445372,C - Low
CLASSIC DIAMANTE EARRINGS JET,55.690000000000005,99.93247624172422,C - Low
"LETTER ""T"" BLING KEY RING",55.57,99.93275651376445,C - Low
ANTIQUE MID BLUE FLOWER EARRINGS,55.120000000000005,99.93303451619126,C - Low
WELCOME METAL SIGN,55.0,99.93331191338781,C - Low
SILVER M.O.P. ORBIT NECKLACE,54.800000000000004,99.93358830186729,C - Low
ORANGE/FUSCHIA STONES NECKLACE,54.620000000000005,99.9338637825014,C - Low
MOP PENDANT SHELL NECKLACE,54.59,99.93413911182795,C - Low
COPPER AND BRASS BAG CHARM,54.510000000000005,99.93441403766768,C - Low
SILVER LOOKING MIRROR,54.45,99.93468866089226,C - Low
PORCELAIN CHERUB BELL LARGE,54.449999999999996,99.93496328411685,C - Low
PINK CRYSTAL GUITAR PHONE CHARM,54.4,99.93523765516217,C - Low
GREEN POP ART MAO CUSHION COVER ,54.34,99.93551172359236,C - Low
PARTY PIZZA DISH BLUE WHITE SPOT ,54.28,99.93578548940745,C - Low
SPACEBOY MINI RUCKSACK,53.95,99.93605759083934,C - Low
BIRDCAGE DECORATION MAGIC GARDEN,53.55,99.93632767483707,C - Low
SET/4 GARDEN ROSE DINNER CANDLE,53.11,99.93659553965725,C - Low
YELLOW + BROWN BEAR FELT PURSE KIT,52.65,99.93686108442813,C - Low
CARNATION SQUARE HANDY TIN,52.5,99.9371258726612,C - Low
OPULENT VELVET CANDLE IN BOX,52.2,99.93738914781865,C - Low
DOORKNOB CERAMIC IVORY,52.199999999999996,99.93765242297611,C - Low
RETO LEAVES MAGNETIC SHOPPING LIST,52.199999999999996,99.93791569813357,C - Low
BLUE COL METAL FOLDING CHAIR,51.8,99.93817695585689,C - Low
GERANIUM SQUARE HANDY TIN,51.25,99.93843543960821,C - Low
PURPLE DRESS JEWELLERY STAND,51.14,99.93869336856517,C - Low
ASSORTED SANTA CHRISTMAS DECORATION,51.13999999999999,99.93895129752211,C - Low
SET/4 BLACK  BAROQUE FLOCK COASTER,51.0,99.9392085203771,C - Low
POLYESTER FILLER PAD 60x40cm,50.99999999999999,99.93946574323209,C - Low
"BREAD BIN, DINER STYLE, RED ",50.849999999999994,99.93972220954927,C - Low
CREAM SWEETHEART DOUBLE SHELF,50.849999999999994,99.93997867586647,C - Low
"NUMBER TILE VINTAGE FONT, No ",50.7,99.94023438564584,C - Low
BLUE FELT HANGING HEART WITH FLOWER,50.57,99.9404894397591,C - Low
WHITE SILVER NECKLACE SHELL GLASS,50.48,99.9407440399497,C - Low
STRAWBERY SWIRL FLARE CANDLE,50.400000000000006,99.94099823665344,C - Low
HEN & 2 CHICKS IN BASKET,50.15,99.94125117246084,C - Low
ORANGE PENDANT TRIPLE SHELL NECKLAC,50.06,99.94150365434555,C - Low
SET/2 CHRISTMAS DECOUPAGE CANDLES,50.0,99.94175583361515,C - Low
SET 10 CARD KRAFT REINDEER 17084,49.800000000000004,99.94200700416768,C - Low
VEGETABLE MAGNETIC  SHOPPING LIST,49.8,99.9422581747202,C - Low
CRACKED GLAZE NECKLACE BROWN,49.58,99.94250823568393,C - Low
CORDIAL JUG,49.5,99.94275789316083,C - Low
FAIRY CAKES GIFT BAG,49.14,99.943005734947,C - Low
YELLOW/PINK CERAMIC CANDLE HOLDER,48.3,99.94324934012143,C - Low
SET/16 WHITE SHINY & MATT BAUBLES,48.3,99.94349294529586,C - Low
CRYSTAL CZECH CROSS PHONE CHARM,48.08,99.9437354408815,C - Low
CAROUSEL CHILDRENS APRON,47.97,99.94397738167274,C - Low
ORNATE EDWARDIAN CANDLE HOLDER,47.7,99.94421796069594,C - Low
"WALL ART , LOVES' SECRET ",47.6,99.94445803536061,C - Low
GOTHIC CARRIAGE LANTERN,47.6,99.94469811002527,C - Low
VINTAGE NOTEBOOK FRENCH LETTER ,47.20000000000001,99.94493616725576,C - Low
BROWN VINTAGE VICTORIAN EARRINGS,47.120000000000005,99.94517382099943,C - Low
"PET MUG, GOLDFISH",47.12,99.94541147474311,C - Low
HEN HOUSE W CHICK IN NEST,47.04,99.94564872499994,C - Low
BLACK GLASS/SHELL/PEARL NECKLACE,46.93,99.94588542046239,C - Low
BLUE MONTE CARLO HANDBAG,46.8,99.94612146025872,C - Low
TRELLIS FLOWER CHOPSTICKS SET/5,46.8,99.94635750005509,C - Low
ANTIQUE OPAL WHITE FLOWER EARRINGS,46.7,99.94659303549288,C - Low
ANTIQUE RASPBERRY FLOWER EARRINGS,46.6,99.94682806657215,C - Low
ROUND BLUE CLOCK W/SUCKER,46.56,99.947062895908,C - Low
YELLOW/PINK FLOWER DESIGN BIG MUG,46.56,99.94729772524384,C - Low
TEATIME PENCIL WITH RUBBER,46.45,99.9475319997853,C - Low
FUSCHIA TABLE RUN FLOWER ,46.25,99.94776526560966,C - Low
WHITE WIRE PLANT POT HOLDER,46.24,99.9479984809982,C - Low
PINK LEAVES AND BEADS PHONE CHARM,46.21,99.94823154507915,C - Low
LILAC VOTIVE CANDLE,46.2,99.94846455872425,C - Low
PADDED HOLLY CHRISTMAS DECORATION ,46.17,99.94869742106182,C - Low
PAPER LANTERN 5 POINT STUDDED STAR,46.0,99.94892942598985,C - Low
CANDY STRIPE ROSE QUILT,45.95,99.94916117873859,C - Low
SET OF 4 NAPKIN CHARM CUTLERY,45.9,99.94939267930808,C - Low
BLACK ASSORTED DROPLET DECORATION,45.760000000000005,99.94962347377563,C - Low
WRAP SPEED DEMONS ,45.0,99.94985043511826,C - Low
PIZZA DISH SLICE ,45.0,99.9500773964609,C - Low
SET/6 CHRISTMAS ICICLE T-LIGHTS,45.0,99.95030435780355,C - Low
TIN CAN KINGS CHOICE DESIGN,45.0,99.95053131914618,C - Low
SET 6 CARDS SPARKLY REINDEER 17262,44.910000000000004,99.95075782656613,C - Low
DIAMANTE HAIR GRIP PACK/2 BLACK DIA,44.87,99.95098413224268,C - Low
PINK BUTTERFLY CUSHION COVER,44.849999999999994,99.95121033704751,C - Low
MEDINA STAMPED METAL TRAY ,44.849999999999994,99.95143654185235,C - Low
ORANGE/WHT/FUSCHIA STONES NECKLACE,44.75,99.95166224229864,C - Low
AMBER GLASS BRACELET HEART CHARMS,44.550000000000004,99.95188693402785,C - Low
S/3 FRENCH VANILLA SQU CANDLE,44.55,99.95211162575707,C - Low
MIDNIGHT BLUE CRYSTAL DROP EARRINGS,44.28,99.95233495571824,C - Low
"PINK ROSES/GINGHAM PATCH RABBIT 8""",44.25000000000001,99.95255813437183,C - Low
IVORY ROSE LAMPSHADE ,44.25,99.95278131302541,C - Low
AMBER BERTIE GLASS BEAD BAG CHARM,44.19,99.9530041890639,C - Low
ORIGAMI LAVENDER INCENSE CONES,43.75,99.9532248459248,C - Low
"RETRO PILL BOX KEY CHAIN,THE KING",43.65,99.95344499842714,C - Low
PINK TALL PORCELAIN T-LIGHT HOLDER ,43.349999999999994,99.9536636378539,C - Low
FRESHWATER PEARL BRACELET PINK,43.349999999999994,99.95388227728064,C - Low
"ACRYLIC BEAD CHAIN, PINK",43.32,99.95410076539983,C - Low
CRACKED GLAZE EARRINGS RED,43.019999999999996,99.95431774044339,C - Low
T-LIGHT HOLDER SILVER SAUCER,42.919999999999995,99.95453421112842,C - Low
WRAP SUMMER ROSE DESIGN,42.84,99.95475027832661,C - Low
Hypochondriac Pill Stress Ball,42.64,99.95496533680772,C - Low
 STAR  T-LIGHT HOLDER ,42.61,99.95518024398127,C - Low
NEW BAROQUE B'FLY NECKLACE BLACK,42.5,99.95539459636043,C - Low
PARTY PIZZA DISH GREEN WHITE SPOT ,42.3,99.95560794002252,C - Low
AMBER BERTIE MOBILE PHONE CHARM,42.1,99.95582027496752,C - Low
BLACK FLOCK GOLD CANDLE,42.08,99.95603250904081,C - Low
WRAP  VINTAGE DOILEY ,42.0,99.95624433962728,C - Low
GOLD COSMETICS BAG WITH BUTTERFLY,42.0,99.95645617021374,C - Low
BLUE/NAT SHELL NECKLACE W PENDANT,41.650000000000006,99.9566662355453,C - Low
FIRE POLISHED GLASS NECKL SILVER,41.65,99.95687630087686,C - Low
BLACK NEW BAROQUE FLOCK BOX,41.65,99.95708636620844,C - Low
PAPER LANTERN 5 POINT STAR MOON 30,41.5,99.9572956750022,C - Low
SET 4 EASTER DECOUPAGE OVAL BOXES,41.300000000000004,99.9575039750789,C - Low
"FLOWER FAIRY MUG+COASTER,LAVENDER",41.25,99.95771202297631,C - Low
CREAM BUNNY EASTER EGG BASKET,41.24999999999999,99.95792007087373,C - Low
GLASS BEAD HOOP EARRINGS GREEN,41.17,99.95812771528433,C - Low
BLACK DROP EARRINGS W LONG BEADS,41.019999999999996,99.95833460315711,C - Low
Glow In The Dark Shot Glasses ,41.01,99.95854144059403,C - Low
PAIR PINK/BLACK COATHANGERS,40.95,99.95874797541583,C - Low
POLKADOT PENS,40.8,99.95895375369983,C - Low
MINITURE ANTIQUE ROSE HOOK IVORY,40.8,99.95915953198381,C - Low
CANNABIS LEAF BEAD CURTAIN,40.8,99.95936531026781,C - Low
WHITE FOXGLOVE ARTIIFCIAL FLOWER,40.8,99.95957108855181,C - Low
WINE BOTTLE DRESSING DARK BLUE,40.519999999999996,99.9597754546319,C - Low
PALE PINK/AMETHYST STONE NECKLACE,40.47,99.9599795685327,C - Low
SILVER/NAT SHELL NECKLACE W PENDANT,40.34,99.96018302676741,C - Low
MAGIC SLATE GO TO THE FAIR ,40.32,99.96038638413042,C - Low
MAGIC SLATE LEAP FROG ,40.32,99.96058974149342,C - Low
ROUND BLUE CLOCK WITH SUCKER,40.09,99.96079193883179,C - Low
JAZZ HEARTS SPIRAL NOTEPAD,39.949999999999996,99.96099343006819,C - Low
ROCOCO WALL MIROR,39.9,99.96119466912532,C - Low
WINE BOTTLE DRESSING LT.BLUE,39.87,99.96139575687491,C - Low
HARDMAN MUG 3 ASSORTED,39.81,99.96159654200935,C - Low
TEATIME ROUND CAKE TINS ,39.8,99.96179727670796,C - Low
"CAT BOWL, ENAMEL , CREAM COLOUR",39.0,99.96199397653824,C - Low
COGNAC AUX OEUFS METAL 1 HOOK,38.75,99.96218941547218,C - Low
FOLKART ZINC CLIP ON ANGEL WINGS,38.38,99.96238298827951,C - Low
RED STONE/CRYSTAL EARRINGS,38.31,99.96257620803587,C - Low
GLASS BEAD HOOP EARRINGS MONTANA,38.28,99.96276927648469,C - Low
DIAMANTE NECKLACE BLACK ,37.620000000000005,99.96295901616713,C - Low
S/4 BLACK DISCO PARTITION PANEL,37.62,99.96314875584959,C - Low
FIRE POLISHED GLASS BRACELET RED,37.61,99.96333844509617,C - Low
PASTA ENAMEL/BRASS CONTAINER,37.5,99.96352757954837,C - Low
YELLOW BIRDS FELT DES FOODCOVER,37.5,99.96371671400057,C - Low
PAPER LANTERN 9 POINT HOLLY STAR 40,37.5,99.96390584845277,C - Low
GLASS WINE GLASS DECORATIONS,37.5,99.96409498290497,C - Low
RED PEONY PHOTO FRAME ,37.2,99.96428260428154,C - Low
PINK BERTIE MOBILE PHONE CHARM,37.14,99.96446992304301,C - Low
"GREETING CARD, THE BLACK CAT",37.04,99.96465673744592,C - Low
THE KING GIFT BAG 25x24x12cm,36.96,99.96484314836202,C - Low
SPHERICAL IVORY CANDLE ,36.96,99.9650295592781,C - Low
MONEY BOX FIRST AID DESIGN,36.78,99.96521506234882,C - Low
ORIGAMI OPIUM INCENSE CONES,36.599999999999994,99.96539965757417,C - Low
ROSE PENDANT TRIPLE SHELL NECKLACE,36.33,99.96558289103146,C - Low
"LETTER ""F"" BLING KEY RING",36.28,99.96576587230949,C - Low
TINY CRYSTALS BRACELET BLACK,35.87,99.96594678571749,C - Low
SET OF 4 PASTEL STACKING MUGS,35.7,99.96612684171599,C - Low
FIRE POLISHED GLASS NECKL GOLD,35.7,99.96630689771447,C - Low
LIGHT TOPAZ TEAL/AQUA COL NECKLACE,35.63,99.96648660066198,C - Low
GREEN CRYSTAL DROP EARRINGS,35.33,99.96666479053388,C - Low
BLUE/GREEN SHELL NECKLACE W PENDANT,35.26,99.96684262735481,C - Low
"RETRO PILL BOX , REVOLUTIONARY",35.14,99.96701985894548,C - Low
BLUE HANGING GINGHAM EASTER HEN,34.86,99.96719567833225,C - Low
MISO PRETTY  GUM,34.82,99.9673712959756,C - Low
LEAVES MAGNETIC  SHOPPING LIST,34.8,99.96754681274723,C - Low
BLUE BABY BOY'S MEMORY BOX,34.75,99.9677220773396,C - Low
LILY BROOCH WHITE/SILVER COLOUR,34.650000000000006,99.96789683757342,C - Low
CROCHET POODLE KEYRING,34.64999999999999,99.96807159780725,C - Low
SMALL FOLKART CHRISTMAS TREE DEC,34.620000000000005,99.96824620673353,C - Low
"DOG BOWL, ENAMEL , CREAM COLOUR",34.0,99.96841768863686,C - Low
M/COLOUR POM-POM CURTAIN,34.0,99.96858917054018,C - Low
FRYING PAN PINK RETROSPOT,33.97,99.96876050113593,C - Low
PINK VINTAGE VICTORIAN CHOKER,33.75,99.96893072214291,C - Low
FLOWER BLUE CLOCK WITH SUCKER,33.64,99.9691003883555,C - Low
DOLLY GIRL MINI RUCKSACK,33.2,99.96926783539053,C - Low
SET OF 3 RABBIT EGG EASTER,33.15,99.96943503024625,C - Low
MONTANA DIAMOND CLUSTER EARRINGS,33.0,99.96960146856418,C - Low
BOXED GLASS ASHTRAY,32.589999999999996,99.9697658390121,C - Low
EMBROIDERED REINDEER DECORATION,32.25,99.969928494641,C - Low
"LETTER ""O"" BLING KEY RING",31.419999999999998,99.97008696409402,C - Low
BEADED CRYSTAL HEART PINK\ON STICK,31.299999999999997,99.9702448283168,C - Low
SET 10 CARDS CHEERFUL ROBIN 17065,31.200000000000003,99.97040218818101,C - Low
SET 12 COLOUR PENCILS DOILEY,31.200000000000003,99.97055954804524,C - Low
MULTICOLOUR CRUSOE CHECK LAMPSHADE,30.66,99.97071418437336,C - Low
WOODEN HEART CHRISTMAS SCANDISPOT,30.599999999999998,99.97086851808636,C - Low
BAKING MOULD CUPCAKE CHOCOLATE,30.599999999999998,99.97102285179936,C - Low
SET OF 4 NAPKIN CHARMS INSTUMENT   ,30.599999999999998,99.97117718551237,C - Low
BAKING MOULD CHOCOLATE CUP CAKES,30.599999999999998,99.97133151922537,C - Low
Electronic Talking Breath-A-Loser,30.47,99.97148519727226,C - Low
BLUE/YELLOW FLOWER DESIGN BIG MUG,30.419999999999998,99.9716386231399,C - Low
PINK HANGING GINGHAM EASTER HEN,30.240000000000002,99.97179114116214,C - Low
BAROQUE BUTTERFLY EARRINGS CRYSTAL,30.23,99.97194360874853,C - Low
ASSORTED FRAGRANCE BATH CONFETTI,30.16,99.97209572328396,C - Low
BLUE/YELLOW CERAMIC CANDLE HOLDER,30.08,99.97224743433254,C - Low
DRAWER KNOB ACRYLIC EDWARDIAN GREEN,30.0,99.9723987418943,C - Low
DRAWER KNOB ACRYLIC EDWARDIAN PINK,30.0,99.97255004945606,C - Low
DRAWERKNOB ACRYLIC EDWARDIAN PURPLE,30.0,99.97270135701781,C - Low
BUTTERFLY CUSHION COVER,30.0,99.97285266457958,C - Low
ENAMEL BOWL PANTRY,30.0,99.97300397214133,C - Low
ENAMEL JUG PANTRY,30.0,99.97315527970308,C - Low
WAVELINE SURF IRONING BOARD COVER,30.0,99.97330658726484,C - Low
DRAWER KNOB ACRYLIC EDWARDIAN CLEAR,30.0,99.97345789482661,C - Low
GIFT BAG LARGE 50'S CHRISTMAS,30.0,99.97360920238837,C - Low
TIN CAN HOUSEKEEPING DESIGN,30.0,99.97376050995013,C - Low
 Bank Charges,30.0,99.97391181751189,C - Low
TIN CAN POCKET MONEY DESIGN,30.0,99.97406312507364,C - Low
DIAMANTE NECKLACE GREEN,29.98,99.97421433176369,C - Low
FRENCH STYLE WIRE DOOR CABINET ,29.95,99.97436538714618,C - Low
CAMOUFLAGE BACKPACK ON WHEELS,29.849999999999998,99.97451593817014,C - Low
DOTCOMGIFTSHOP TEA TOWEL,29.809999999999995,99.97466628745066,C - Low
"TRAY FOR TV DINNER , DOLLY GIRL",29.700000000000003,99.97481608193681,C - Low
"WALL ART,ONLY ONE PERSON ",29.700000000000003,99.97496587642294,C - Low
"TRAY FOR TV DINNER ,SPACEBOY",29.700000000000003,99.97511567090908,C - Low
DUSTY PINK CHRISTMAS TREE 60CM,29.500000000000004,99.97526445667813,C - Low
BLUE NETTING STORAGE HANGER,29.25,99.97541198155085,C - Low
"LETTER ""V"" BLING KEY RING",28.98,99.97555814465552,C - Low
4 FESTIVE GREEN DINNER CANDLES,28.93,99.9757040555809,C - Low
PINK/GREEN FLOWER DESIGN BIG MUG,28.86,99.97584961345531,C - Low
LILAC GAUZE BUTTERFLY LAMPSHADE,28.56,99.9759936582541,C - Low
PACK OF 12 DOILEY TISSUES,28.08,99.97613528213189,C - Low
BLUE ORGANDY ROUND LAMPSHADE W BEA,28.05,99.97627675470214,C - Low
SANDALWOOD INCENSE IN TIN,27.71,99.97641651245335,C - Low
SET 10 CARDS OUT OF ORDER 17216,27.39,99.97655465625725,C - Low
SET 10 XMAS CARDS & BADGES 17070,27.39,99.97669280006114,C - Low
KNITTED POM POM HOT WATER BOTTLE,27.21,99.97683003601966,C - Low
SET/6 GREEN SPRING  PAPER PLATE,27.2,99.97696722154231,C - Low
BLUE BABY BOY'S PHOTO ALBUM,27.14,99.97710410444985,C - Low
BLUE DROP EARRINGS W BEAD CLUSTER,27.04,99.97724048299885,C - Low
High Resolution Image,27.0,99.97737665980443,C - Low
ASSORTED COLOURED CIRCLE MOBILE ,26.88,99.97751223137976,C - Low
ORIGAMI SANDLEWOOD INCENSE IN TUBE,26.7,99.97764689510973,C - Low
GLASS BEAD HOOP EARRINGS BLACK,26.52,99.97778065099432,C - Low
BAROQUE BUTTERFLY EARRINGS MONTANA,26.5,99.9779143060072,C - Low
3 PIECE JIGSAW TOADSTOOLS,26.4,99.97804745666154,C - Low
SILVER HEART COMPACT MIRROR,26.25,99.97817985077808,C - Low
SET 10 CARDS WISHING TREE 17116,26.19,99.9783119422795,C - Low
AMBER 3 BEAD DROP EARRINGS,26.16,99.97844388247336,C - Low
GREEN/BLUE FLOWER DESIGN BIG MUG,26.06,99.97857531830867,C - Low
PEARL AND CHERRY QUARTZ BRACLET,25.67,99.97870478714569,C - Low
*USB Office Mirror Ball,25.590000000000003,99.97883385249587,C - Low
"ORGANISER WOOD, ANTIQUE WHITE ",25.5,99.97896246392337,C - Low
GREEN PENDANT SHELL NECKLACE,25.45,99.97909082317157,C - Low
CAMOUFLAGE DOG COLLAR,25.44,99.97921913198397,C - Low
"LETTER ""Y"" BLING KEY RING",25.339999999999996,99.97934693643779,C - Low
CRACKED GLAZE EARRINGS BROWN,25.28,99.97947443827651,C - Low
PINK/WHITE CHRISTMAS TREE 30CM,25.28,99.97960194011523,C - Low
CRACKED GLAZE EARRINGS IVORY,25.23,99.97972918977466,C - Low
GREEN LEAVES AND BEADS PHONE CHARM,25.04,99.97985548115287,C - Low
"GUMBALL COATHOOK., BLACK & WHITE ",25.0,99.97998157078767,C - Low
IVORY PANTRY HANGING LAMP ,25.0,99.98010766042246,C - Low
BELL HEART ANTIQUE GOLD,24.96,99.98023354831386,C - Low
SET OF 4 KNICK KNACK TINS  DOILEY ,24.900000000000002,99.98035913359011,C - Low
SET 10 CARDS PERFECT POST 17090,24.900000000000002,99.98048471886636,C - Low
CROCHET LILAC/RED BEAR KEYRING,24.749999999999996,99.98060954760481,C - Low
BLUE TINSEL GARLAND ,24.7,99.980734124164,C - Low
WOOD XMAS TREE 9 FIG SHELVES,24.65,99.9808584485439,C - Low
SPOTS ON RED BOOKCOVER TAPE,24.36,99.98098131028405,C - Low
PINK RABBIT SITTING EASTER,24.18,99.98110326417881,C - Low
BROWN DOG CANNISTER W BONE,23.8,99.98122330151115,C - Low
BLUE LEAVES AND BEADS PHONE CHARM,23.759999999999998,99.98134313710007,C - Low
ORIGAMI SANDLEWOOD INCENSE CONES,23.699999999999996,99.98146267007385,C - Low
AMBER CRYSTAL DROP EARRINGS,23.61,99.98158174912496,C - Low
DOTS IRONING BOARD COVER,23.4,99.98169976902312,C - Low
CANNISTER VINTAGE LEAF DESIGN,23.4,99.98181778892129,C - Low
SET 10 CARD CHRISTMAS WELCOME 17112,23.28,99.98193520358922,C - Low
STORAGE TIN VINTAGE DOILEY ,23.13,99.98205186171933,C - Low
ZINC PLANT POT HOLDER,23.12,99.9821684694136,C - Low
CAROUSEL PLACEMATS ,23.060000000000002,99.98228477449273,C - Low
NECKLACE+BRACELET SET PINK BLOSSOM,22.909999999999997,99.98240032303406,C - Low
ZINC T-LIGHT HOLDER STARS LARGE,22.799999999999997,99.98251531678099,C - Low
YELLOW RABBIT SAT EASTER,22.63,99.9826294531184,C - Low
BAROQUE BUTTERFLY EARRINGS GREEN,22.56,99.98274323640484,C - Low
GOLD 2 STRAND NECKLACE-LEAF CHARMS,22.5,99.98285671707616,C - Low
BLING KEY RING STAND,22.5,99.98297019774749,C - Low
"FLOWER FAIRY MUG+COASTER,ROSE",22.5,99.98308367841881,C - Low
SET 10 CHRISTMAS CARDS HOHOHO 16956,22.410000000000004,99.98319670516744,C - Low
SET 10 CARDS SCOTTIE DOG 17211,22.410000000000004,99.98330973191607,C - Low
VINTAGE BEAD CHAISE LONG JEWEL BOX,21.5,99.98341816900201,C - Low
"LETTER ""Z"" BLING KEY RING",21.49,99.98352655565206,C - Low
BIRD ON BRANCH CANVAS SCREEN,21.45,99.98363474055871,C - Low
YELLOW BROWN BEAR FELT PURSE KIT,21.28,99.98374206805588,C - Low
TURQUOISE CHRISTMAS TREE ,21.25,99.98384924424545,C - Low
IVORY HANGING DECORATION  RABBIT,21.25,99.98395642043502,C - Low
PURPLE LEAVES AND BEADS PHONE CHAR,21.24,99.98406354618874,C - Low
FRYING PAN BLUE RETROSPOT,21.22,99.98417057107075,C - Low
Dr. Jam's Arouzer Stress Ball,21.06,99.9842767889791,C - Low
WRAP A PRETTY THANK YOU,21.0,99.98438270427233,C - Low
KEEP CALM BIRTHDAY WRAP,21.0,99.98448861956555,C - Low
S/16 BLACK SHINY/MAT BAUBLES,21.0,99.9845945348588,C - Low
WOODLAND MINI RUCKSACK ,20.75,99.98469918925568,C - Low
CAT CAMOUFLAGUE COLLAR,20.68,99.98480349060158,C - Low
ROBOT PENCIL SHARPNER,20.57,99.9849072371531,C - Low
"PEN, 10 COLOURS - SPACEBOY",20.4,99.98501012629508,C - Low
PURPLE TINT ACRYLIC FLOWER VASE,20.4,99.98511301543707,C - Low
PARTY PIZZA DISH BLUE+WHITE SPOT ,20.4,99.98521590457906,C - Low
PARTY PIZZA DISH PINK+WHITE SPOT ,20.4,99.98531879372105,C - Low
MAGIC SLATE BAKE A CAKE ,20.16,99.98542047240255,C - Low
DIAMANTE BOW BROOCH WHITE COLOUR,19.93,99.9855209910594,C - Low
PINK BEADS+HAND PHONE CHARM,19.92,99.98562145928042,C - Low
SET 10 CARDS SNOWY SNOWDROPS  17100,19.92,99.98572192750144,C - Low
SET 10 CARDS JINGLE BELLS 16957,19.92,99.98582239572245,C - Low
SET 10 CARDS JINGLE BELLS 17217,19.92,99.98592286394347,C - Low
WHITE SATIN DRESS JEWEL STAND,19.8,99.98602272693424,C - Low
DOORKNOB CRACKED GLAZE GREEN,19.799999999999997,99.986122589925,C - Low
ENAMEL DINNER PLATE PANTRY,19.799999999999997,99.98622245291577,C - Low
DOORKNOB CRACKED GLAZE PINK,19.799999999999997,99.98632231590653,C - Low
YELLOW PINK FLOWER DESIGN BIG BOWL,19.770000000000003,99.98642202758973,C - Low
YELLOW/ORANGE FLOWER DESIGN PLATE,19.72,99.98652148709365,C - Low
PURPLE/COPPER HANGING LAMPSHADE,19.55,99.98662008918807,C - Low
PINK FLOWERS CHILDS UMBRELLA,19.5,99.98671843910321,C - Low
"RETRO TIN ASHTRAY,REVOLUTIONARY",19.4,99.98681628465981,C - Low
HOME SWEET HOME  BLACKBOARD,19.049999999999997,99.98691236496154,C - Low
JAM JAR WITH BLUE LID,18.98,99.98700809221226,C - Low
CRYSTAL CHANDELIER T-LIGHT HOLDER,18.75,99.98710265943838,C - Low
BAROQUE BUTTERFLY EARRINGS PINK,18.69,99.98719692404936,C - Low
CUTE BIRD CEATURE SCREEN,18.48,99.9872901295074,C - Low
S/3 ENGLISH LAVENDER SQU CANDLE,18.15,99.98738167058225,C - Low
CAMOFLAGE CUSHION COVER,18.15,99.98747321165712,C - Low
 TOADSTOOL BEDSIDE LIGHT ,17.9,99.98756349183562,C - Low
BLUE BAROQUE FLOCK CANDLE HOLDER,17.85,99.98765351983488,C - Low
SMALL SINGLE FLAME CANDLE HOLDER,17.849999999999998,99.98774354783413,C - Low
BLUE TALL PORCELAIN T-LIGHT HOLDER,17.849999999999998,99.98783357583338,C - Low
WOOD ANIMALS HEIGHT CHART STICKERS ,17.700000000000003,99.98792284729483,C - Low
AMETHYST 3 BEAD DROP EARRINGS,17.53,99.98801126134674,C - Low
SET 10 CARDS XMAS GRAPHIC  17218,17.43,99.98809917104012,C - Low
"NUMBER TILE VINTAGE FONT, 4",17.36,99.98818672768253,C - Low
"NUMBER TILE VINTAGE FONT, 2",17.36,99.98827428432493,C - Low
"NUMBER TILE VINTAGE FONT, 5",17.36,99.98836184096733,C - Low
"NUMBER TILE VINTAGE FONT, 8",17.36,99.98844939760974,C - Low
"NUMBER TILE VINTAGE FONT, 3",17.36,99.98853695425213,C - Low
"NUMBER TILE VINTAGE FONT, 0",17.36,99.98862451089452,C - Low
"NUMBER TILE VINTAGE FONT, 6 ",17.36,99.98871206753694,C - Low
"NUMBER TILE VINTAGE FONT, 1",17.36,99.98879962417934,C - Low
"NUMBER TILE VINTAGE FONT, 7",17.36,99.98888718082173,C - Low
NAVY CUDDLES DOG HOODIE,17.3,99.98897443484903,C - Low
DOGS NIGHT COLLAR,17.12,99.98906078103093,C - Low
GLASS BELL JAR LARGE,17.0,99.98914652198259,C - Low
MINT DINER CLOCK,17.0,99.98923226293427,C - Low
*Boombox Ipod Classic,16.98,99.98931790301422,C - Low
VANILLA CANDLE IN EMBOSSED ZINC POT,16.9,99.98940313960733,C - Low
VINTAGE COLLAGE  GREETING  CARD ,16.8,99.98948787184193,C - Low
PINK GAUZE BUTTERFLY LAMPSHADE,16.8,99.98957260407651,C - Low
S/4 CONTEMPORY PINK ROSEBUD CANDLES,16.8,99.9896573363111,C - Low
 LARGE SKULL WINDMILL,16.8,99.9897420685457,C - Low
SET 10 CARDS CHRISTMAS TREE 16955,16.65,99.98982604424246,C - Low
LUNCH BAG PINK POLKADOTS,16.5,99.98990926340143,C - Low
PLAYING CARDS VINTAGE DOILEY ,16.25,99.98999122166406,C - Low
WHITE FRANGIPANI HAIR CLIP,16.11,99.99007247382471,C - Low
ELEPHANT CLIP W SUCTION CUP,15.96,99.99015296944756,C - Low
"GREETING CARD, BLACKPOOL ROCK",15.9,99.9902331624553,C - Low
FLOWERS AND BIRDS WALL PLAQUE,15.9,99.99031335546303,C - Low
GLASS BELL JAR SMALL,15.8,99.99039304411221,C - Low
PINK CHRISTMAS TREE DECORATION,15.63,99.99047187535189,C - Low
TOADSTOOL  LUNCHBOX WITH CUTLERY,15.44,99.99054974831034,C - Low
GUMBALL CUSTOM CARS TOP TRUMPS GAME,15.399999999999999,99.99062741952537,C - Low
FLOWER FAIRY 5 SUMMER DRAW LINERS,15.299999999999999,99.99070458638187,C - Low
CUBIC MUG TEATIME CAKES,15.299999999999999,99.99078175323838,C - Low
BAKING MOULD TOFFEE CUP  CHOCOLATE,15.299999999999999,99.99085892009487,C - Low
ASSTD RASTA KEY-CHAINS,15.120000000000001,99.99093517910602,C - Low
3 BLACK CATS W HEARTS BLANK CARD,15.010000000000002,99.99101088332274,C - Low
HEN PARTY BANNER TAPE,15.0,99.99108653710363,C - Low
PAINTED HEART WREATH WITH BELL,15.0,99.99116219088451,C - Low
ENAMEL MUG PANTRY,15.0,99.99123784466539,C - Low
"RUBY GLASS NECKLACE 42""",15.0,99.99131349844626,C - Low
SET OF 6 EASTER RAINBOW CHICKS,15.0,99.99138915222716,C - Low
TIN CAN CONFECTIONERY DESIGN,15.0,99.99146480600803,C - Low
SWEETHEART CREAM STEEL FOLDIN CHAIR,14.95,99.99154020760963,C - Low
SET 10 CARDS DAVID'S MADONNA 17074,14.940000000000001,99.9916155587754,C - Low
FOLDING MIRROR IVORY ,14.939999999999998,99.99169090994116,C - Low
FOLDING MIRROR RED  ,14.939999999999998,99.99176626110692,C - Low
11 PC CERAMIC TEA SET POLKADOT,14.850000000000001,99.99184115835,C - Low
VINTAGE BEAD PINK JEWEL STAND,14.850000000000001,99.99191605559308,C - Low
FROSTED GLASS WITH SILVER SURROUND,14.85,99.99199095283615,C - Low
KID'S CHALKBOARD/EASEL,14.75,99.99206534572068,C - Low
PURPLE CRYSTAL DROP EARRINGS,14.75,99.99213973860522,C - Low
SET 10 CARDS XMAS CHOIR 17068,14.55,99.99221312277268,C - Low
FLOWER PURPLE CLOCK W/SUCKER,14.45,99.9922860025816,C - Low
DOORMAT GREEN PAISLEY ,14.43,99.99235878151879,C - Low
BLACK DIAMOND CLUSTER EARRINGS,14.399999999999999,99.99243140914842,C - Low
ARMY CAMO BOOKCOVER TAPE,14.28,99.99250343154783,C - Low
ANTIQUE SILVER BOOK MARK WITH BEADS,14.11,99.99257459653771,C - Low
"WALL ART , THE MAGIC FOREST ",13.9,99.99264470237465,C - Low
PINK BABY GIRL'S MEMORY BOX,13.9,99.99271480821159,C - Low
EMPIRE TEDDY,13.9,99.99278491404853,C - Low
PINK MINI STATIONERY SET W CASE,13.75,99.99285426334767,C - Low
CERISE+GOLD CHRISTMAS TREE DEC,13.68,99.99292325959583,C - Low
RHOMBUS CRYSTAL PERFUME BOTTLE,13.65,99.99299210453641,C - Low
RASTA IN BATH W SPLIFF ASHTRAY,13.6,99.99306069729775,C - Low
BEWARE OF THE CAT DOORMAT,13.5,99.99312878570055,C - Low
BLUE STRIPES SHOULDER BAG,13.37,99.99319621843725,C - Low
SILVER AND BLACK ORBIT NECKLACE,13.350000000000001,99.99326355030223,C - Low
SET 10 CARDS MAGICAL TREE 17086,13.32,99.99333073085965,C - Low
CHRISTMAS TABLE CANDLE SILVER SPIKE,13.28,99.99339770967367,C - Low
SET 10 CARDS HATS & STOCKINGS 17081,13.28,99.99346468848768,C - Low
PINK BALLET OPENING CUBE BOX ,12.899999999999999,99.99352975073923,C - Low
PACK/12 RUSSIAN DOLL CARDS,12.780000000000001,99.99359420776054,C - Low
NEW BAROQUE WALL MIRROR,12.75,99.99365851347429,C - Low
BLUE WHITE PLASTIC RINGS LAMPSHADE,12.75,99.99372281918804,C - Low
EMBOSSED FLOWER TRELLIS PHOTO FRAME,12.75,99.99378712490179,C - Low
"F.FAIRY,CANDLE IN GLASS,LAVENDER",12.75,99.99385143061554,C - Low
VINTAGE METAL CAKE STAND CREAM ,12.75,99.99391573632927,C - Low
KISS REINDEER SCANDINAVIAN STOCKING,12.75,99.99398004204303,C - Low
KEY-RING CORKSCREW,12.72,99.99404419644921,C - Low
CAMOUFLAGUE DOG LEAD,12.72,99.99410835085538,C - Low
SET OF 2 CHESTS CHOCOLAT AU LAIT,12.72,99.99417250526157,C - Low
PURPLE CURRENT CANDLE RING,12.61,99.99423610487335,C - Low
DUSTY PINK CHRISTMAS TREE 30CM,12.5,99.99429914969076,C - Low
MARIE ANTOIENETT TRINKET BOX GOLD,12.5,99.99436219450816,C - Low
"FEATHER DUSTER, LIGHT PINK",12.5,99.99442523932555,C - Low
BLUE FLORIBUNDA EGG WARMER,12.5,99.99448828414296,C - Low
SET 10 CARDS CHRISTMAS HOLLY  17259,12.48,99.99455122808865,C - Low
SET 10 CARD SNOWMAN 16965,12.450000000000001,99.99461402072679,C - Low
OPAL WHITE/SILVER FLOWER NECKLACE,12.32,99.9946761576988,C - Low
SILICON STAR BULB  BLUE,12.18,99.99473758856888,C - Low
LILAC FEATHERS CURTAIN,11.98,99.99479801072188,C - Low
"MUG , DOTCOMGIFTSHOP.COM ",11.82,99.99485762590122,C - Low
DUCK SOCK PUPPET,11.8,99.99491714020884,C - Low
SET 10 CARDS 12 DAYS OF XMAS 17059,11.64,99.9949758475428,C - Low
SET 10 CARDS RUDOLPHS NOSE 17097,11.64,99.99503455487677,C - Low
MODERN CHRISTMAS TREE CANDLE,11.4,99.99509205175023,C - Low
BAROQUE BUTTERFLY EARRINGS RED,11.29,99.9951489938293,C - Low
ENGLISH ROSE SQUARE CAKE TINS,11.26,99.99520578460083,C - Low
VENDETTA CANVAS PICTURE,11.25,99.99526252493648,C - Low
ORANGE FELT VASE + FLOWERS,11.25,99.99531926527214,C - Low
"FOOD COVER WITH BEADS , SET 2 SIZES",11.25,99.99537600560781,C - Low
FLOWER DES BLUE HANDBAG/ORANG HANDL,11.25,99.99543274594346,C - Low
ORIGAMI JASMINE INCENSE+FLOWER ,11.100000000000001,99.99548872974133,C - Low
S/4 CONTEMPORY RED ROSEBUD CANDLES,10.9,99.99554370482208,C - Low
CUTE RABBIT CEATURE SCREEN ,10.89,99.99559862946701,C - Low
"WRAPPING PAPER, XMAS VILLAGE",10.5,99.99565158711363,C - Low
WOODLAND CREATURES  WRAP,10.5,99.99570454476023,C - Low
MOON INCENSE,10.5,99.99575750240686,C - Low
WRAP CHRISTMAS DECOUPAGE,10.5,99.99581046005346,C - Low
WRAP ROMANTIC DECOUPAGE,10.5,99.99586341770008,C - Low
STAR WARS TOP TRUMPS GAME,10.23,99.99591501357864,C - Low
HIGH SCHOOL MUSICAL 3 TOP TRUMPS ,10.23,99.99596660945721,C - Low
HEART MEASURING SPOONS SMALL,10.2,99.9960180540282,C - Low
PARTY PIZZA DISH GREEN+WHITE SPOT ,10.2,99.9960694985992,C - Low
ORANGE CANDLE,10.2,99.99612094317018,C - Low
PARTY PIZZA DISH RED+WHITE SPOT ,10.2,99.99617238774118,C - Low
"LETTER ""W"" BLING KEY RING",10.17,99.99622368100462,C - Low
ZINC STAR T-LIGHT HOLDER ,10.0,99.99627411685856,C - Low
SET 10 CARDS FILIGREE BAUBLE 16961,9.96,99.99632435096906,C - Low
SET 10 CARD PERFECT NATIVITY 17089,9.96,99.99637458507956,C - Low
SET 10 CARDS PRINTED GRAPHIC 17219,9.96,99.99642481919008,C - Low
SET 10 CARDS POINSETTIA 17093,9.96,99.99647505330059,C - Low
ROUND ARTICULATED PINK CLOCK W/SUCK,9.57,99.99652332041279,C - Low
SILVER WINE GOBLET,9.3,99.99657022575693,C - Low
SCULPTED ROUND IVORY CANDLE ,9.24,99.99661682848595,C - Low
HAND PAINTED HANGING EASTER EGG,9.24,99.99666343121496,C - Low
BLUE PORCELAIN B'FLY OIL BURNER,8.850000000000001,99.99670806694569,C - Low
WHITE CHRISTMAS TREE 60CM,8.850000000000001,99.99675270267642,C - Low
PINK STRIPES SHOULDER BAG,8.850000000000001,99.99679733840713,C - Low
A4 WALL TIDY RED FLOWERS,8.67,99.99684106629249,C - Low
*USB Office Glitter Lamp,8.65,99.99688469330613,C - Low
SPOTTY CAT DOORSTOP ,8.65,99.99692832031977,C - Low
AMBER VINTAGE EARRINGS ,8.57,99.99697154384657,C - Low
6 HOOK JEWEL STAND LILAC DRESS,8.49,99.99701436388654,C - Low
BLUE BERTIE MOBILE PHONE CHARM,8.48,99.99705713349066,C - Low
SET 10 MINICARDS CUTE SNOWMAN 17071,8.299999999999999,99.99709899524942,C - Low
BLUE FAIRY CAKE CHILDRENS APRON,7.8,99.99713833521548,C - Low
BLUE CRUSOE CHECK LAMPSHADE,7.56,99.99717646472104,C - Low
PINK CANVAS DES CUSHION COVER ,7.5,99.99721429161148,C - Low
"BATHROOM SCALES, FAG BREAK",7.5,99.99725211850192,C - Low
SET/6 GINGERBREAD TREE T-LIGHTS,7.5,99.99728994539237,C - Low
BAROQUE BUTTERFLY EARRINGS BLACK,7.5,99.9973277722828,C - Low
SET 10 CARDS WORLD CHILDREN 17067,7.470000000000001,99.99736544786568,C - Low
HAPPY BIRTHDAY CARD STRIPEY TEDDY,7.41,99.99740282083343,C - Low
BLUE HIBISCUS  HAIR CLIP,7.35,99.99743989118606,C - Low
HAND OPEN SHAPE PINK,6.98,99.9974750954121,C - Low
ROSE SCENTED VOTIVE CANDLE,6.959999999999999,99.99751019876643,C - Low
VANILLA SCENTED VOTIVE CANDLE,6.959999999999999,99.99754530212077,C - Low
DOOR MAT BLUE FLOCK,6.75,99.99757934632217,C - Low
ENGLISH ROSE TEA FOR ONE GIFT BOX,6.75,99.99761339052357,C - Low
"BISCUIT TIN, MINT,IVORY, VINTAGE",6.75,99.99764743472495,C - Low
SET 10 MINI SANTA & SNOWMAN  17087,6.64,99.99768092413196,C - Low
LARGE BLACK DIAMANTE HAIRSLIDE,6.6,99.99771421179555,C - Low
SILVER PURSE GOLD PINK BUTTERFLY,6.6,99.99774749945915,C - Low
MODERN CHRISTMAS TREE CANDLE ,6.300000000000001,99.99777927404713,C - Low
SCOTTIE DOGS CHILDRENS OVERALL,6.300000000000001,99.9978110486351,C - Low
ASS WINDPROOF MARIJUANA LIGHTERS,6.3,99.99784282322307,C - Low
ASSORTED DESIGN GEISHA GIRL MUGS,6.25,99.99787434563177,C - Low
STRAWBERRIES PRINT BOWL,6.25,99.99790586804048,C - Low
WHITE WOOD SINGLE P/FRAME,6.25,99.99793739044917,C - Low
SET 10 CARDS CHRISTMAS ROBIN 17095,6.24,99.997968862422,C - Low
ZINC HANGING HEART T-LITE HLDR,6.04,99.99799932567777,C - Low
KISSING REINDEER TABLE RUNNER,5.95,99.99802933501086,C - Low
"F.FAIRY S/3 SML CANDLE,LILY/VALLEY",5.95,99.99805934434393,C - Low
"F.FAIRY S/3 SML CANDLE, ROSE",5.95,99.998089353677,C - Low
"F.FAIRY S/3 SML CANDLE, LAVENDER",5.95,99.99811936301009,C - Low
ASSORTED DESIGN FLOWER MUGS,5.949999999999999,99.99814937234316,C - Low
GOLD M.O.P. ORBIT NECKLACE,5.9,99.99817912949696,C - Low
"JEWELLED DECORATION,PINK",5.9,99.99820888665077,C - Low
PINK PORCELAIN B'FLY OIL BURNER,5.9,99.99823864380458,C - Low
"ACRYLIC BEAD GARLAND,PINK",5.9,99.99826840095838,C - Low
WHITE ROHMBIC BLOCK TABLE LAMP,5.9,99.99829815811219,C - Low
"GLASS JAR, ENGLISH CONFECTIONERY",5.9,99.99832791526599,C - Low
PINK BEADED CONE CHRISTMAS,5.88,99.9983575715481,C - Low
BUNNY BUNCH OF FLOWERS,5.88,99.9983872278302,C - Low
HEN HOUSE WITH CHICK STANDING,5.88,99.9984168841123,C - Low
SET 10 CARDS ROBIN WATERPUMP  17096,5.82,99.99844623777928,C - Low
SET 10 CARDS SWIRLY XMAS TREE 17104,5.82,99.99847559144625,C - Low
SET 10 CARD CHRISTMAS STAMPS 16963,5.82,99.99850494511324,C - Low
SET 10 CARDS HANGING BAUBLES 17080,5.48,99.99853258396118,C - Low
CANDLE RING W/CLEAR BEADS,5.46,99.99856012193743,C - Low
DADDY MOUSE RED GINGHAM BOW TIE,5.45,99.99858760947782,C - Low
PINK CURRENT CANDLE RING,5.32,99.9986144413521,C - Low
FUNKY GIRLZ MAGNETIC TO DO LIST ,5.2,99.99864066799614,C - Low
EURO FOOTBALL STARS TOP TRUMPS GAME,5.17,99.99866674333262,C - Low
DR WHO TOP TRUMPS GAME,5.17,99.99869281866911,C - Low
"BLACK RND BULLET""KEEP CLEAN"" BIN",5.1,99.99871854095461,C - Low
ANGEL ON KNEES METAL POLE 100CM H,5.1,99.99874426324013,C - Low
ROSE PINK PENDANT SHELL NECKLACE,5.09,99.99876993508975,C - Low
IVORY PENDANT SHELL NECKLACE,5.09,99.99879560693941,C - Low
KASHMIR FOLKART HEART DISHES,5.07,99.99882117791735,C - Low
LARGE WHITE CHOCOLATE CANDLE,5.06,99.99884669845942,C - Low
HAYNES MINI-COOPER PLAYING CARDS,5.06,99.9988722190015,C - Low
MODERN CHRISTMAS BAUBLE CANDLE ,5.04,99.99889763867186,C - Low
SET 10 CARDS DECK THE HALLS 16960,4.98,99.99892275572712,C - Low
CERAMIC CAKE TEAPOT WITH CHERRY,4.95,99.99894772147482,C - Low
RUSSIAN FOLKART STACKING TINS,4.95,99.9989726872225,C - Low
RED HEART CANDY POP LIGHTS,4.95,99.99899765297019,C - Low
"LETTER ""U"" BLING KEY RING",4.7299999999999995,99.9990215091291,C - Low
FOLDING SHIRT TIDY,4.65,99.99904496180115,C - Low
"SILICON CUBE 25W, BLUE",4.62,99.99906826316567,C - Low
FAIRY DESIGN MUGS,4.609999999999999,99.99909151409433,C - Low
PINK ACRYLIC JEWEL SNOWFLAKE,4.5600000000000005,99.99911451284372,C - Low
FLOWER PURPLE CLOCK WITH SUCKER,4.35,99.99913645244017,C - Low
SPOTTY COCKEREL DOORSTOP,4.25,99.99915788767808,C - Low
UBO-LIGHT TRIOBASE PURPLE,4.25,99.99917932291599,C - Low
UBO-LIGHT TRIOBASE BLUE,4.25,99.99920075815392,C - Low
"F.FAIRY,CANDLE IN GLASS,LILY/VALLEY",4.25,99.99922219339183,C - Low
PINK GLASS COCKTAIL LAMP,4.2,99.99924337645048,C - Low
 I LOVE LONDON MINI RUCKSACK,4.15,99.99926430732985,C - Low
MUG PINK AND PURPLE ARABIC DESIGN,3.9000000000000004,99.99928397731287,C - Low
CHOCOLATE ICE CREAM CANDLE,3.9,99.99930364729589,C - Low
FOLDING CAMPING SCISSOR W/KNIF & S,3.84,99.99932301466379,C - Low
SET/6 BLACK GLITTER REINDEER CANDLE,3.7800000000000002,99.99934207941658,C - Low
FUNKY FLOWER COFFEE POT,3.75,99.9993609928618,C - Low
S/6 CHRISTMAS TREE PLACE SETTING,3.75,99.99937990630701,C - Low
PINK BUTTERFLY PAPER LAMPSHADE,3.75,99.99939881975224,C - Low
JADE GREEN PAIR ENAMEL HAIR SLIDES,3.75,99.99941773319746,C - Low
3 BIRDS CANVAS SCREEN,3.69,99.99943634402756,C - Low
"ACRYLIC JEWEL ICICLE, CLEAR ",3.43,99.99945364352544,C - Low
SET/20 POSIES PAPER NAPKINS,3.4,99.99947079171578,C - Low
SET 10 CARDS CHRISTMAS BAUBLE 16954,3.33,99.99948758685512,C - Low
RAIN GIRL CHILDS UMBRELLA,3.25,99.99950397850765,C - Low
BOX OF 3 PEBBLE CANDLES,2.95,99.99951885708455,C - Low
FEATHER HEART LIGHTS,2.95,99.99953373566144,C - Low
SET 10 CARDS 3 WISE MEN 17107,2.91,99.99954841249495,C - Low
SET 10 CARDS TRIANGLE ICONS  17220,2.91,99.99956308932843,C - Low
SET 10 CARDS SNOWY ROBIN 17099,2.91,99.99957776616193,C - Low
HANDZ-OFF CAR FRESHENER,2.57,99.99959072817639,C - Low
S/6 SCANDINAVIAN HEART T-LIGHT,2.55,99.99960358931914,C - Low
CRYSTAL DRAGONFLY PHONE CHARM,2.55,99.99961645046189,C - Low
S/2 HYACINTH BULB CANDLES,2.55,99.99962931160465,C - Low
VINTAGE DESIGN GIFT TAGS,2.55,99.9996421727474,C - Low
S/3 COLOURS FLOCK TEA TOWELS,2.55,99.99965503389015,C - Low
ROUND ARTICULATED BLUE CLOCK W/SUCK,2.55,99.9996678950329,C - Low
SET/2 SPOTTY + ROSE TEA TOWELS ,2.55,99.99968075617566,C - Low
SET/2 TEA TOWELS MODERN VINTAGE,2.55,99.99969361731841,C - Low
ENGLISH ROSE DESIGN SHOPPING BAG,2.55,99.99970647846116,C - Low
INCENSE BAZAAR PEACH,2.52,99.99971918829635,C - Low
ETCHED GLASS HEART TREE DECORATION,2.51,99.9997318476957,C - Low
ROAD-RAGE CAR FRESHENER,2.51,99.99974450709503,C - Low
BLUE BEADS+HAND PHONE CHARM,2.5,99.99975711605852,C - Low
POCKET MIRROR BUTTERFLY ,2.5,99.99976972502199,C - Low
LARGE SPOTTY CHOCOLATE GIFT BAG,2.5,99.99978233398548,C - Low
ASSORTED SHAPED STENCIL FOR HENNA,2.08,99.99979282464308,C - Low
HANGING SPRING FLOWER HEART SMALL,1.9500000000000002,99.9998026596346,C - Low
GREEN CHENILLE SHAGGY C/COVER,1.95,99.9998124946261,C - Low
LUNCHBOX I LOVE LONDON,1.95,99.99982232961761,C - Low
GOLD CHRISTMAS STOCKING DECORATION,1.95,99.99983216460913,C - Low
HEXAGONAL CRYSTAL PERFUME BOTTLE,1.95,99.99984199960063,C - Low
CIRCUS PARADE LUNCHBOX ,1.95,99.99985183459215,C - Low
CHAMPAGNE TRAY BLANK CARD,1.9,99.99986141740438,C - Low
HAPPY BIRTHDAY CARD TEDDY/CAKE,1.9,99.99987100021663,C - Low
RED MINI TAPE MEASURE ,1.7,99.99987957431178,C - Low
SET OF SIX SILVER+RED FLOCK BAUBLES,1.7,99.99988814840694,C - Low
ASSORTED FRUIT STRAWS,1.7,99.99989672250211,C - Low
F FAIRY POTPOURRI CUSHIONS SUMMER,1.69,99.99990524616142,C - Low
BENDY COLOUR PENCILS,1.68,99.99991371938488,C - Low
CRYSTAL SMALL JEWELLED PHOTOFRAME,1.65,99.99992204130078,C - Low
S/3 ROSE GARDEN SCENT SQU CANDLE,1.65,99.99993036321666,C - Low
FLOWER SHOP DESIGN MUG,1.65,99.99993868513255,C - Low
SWALLOW SMALL TUBE MATCHES,1.65,99.99994700704843,C - Low
RED TOP SCANDINAVIAN HEART ,1.52,99.99995467329823,C - Low
FOLKART HEART CHRISTMAS DECORATIONS,1.25,99.99996097777998,C - Low
WHITE SCANDINAVIAN HEART CHRISTMAS,1.25,99.99996728226172,C - Low
SET 36 COLOURING PENCILS DOILEY,1.25,99.99997358674345,C - Low
HOLLYHOCK SQUARE HANDY TIN,1.25,99.9999798912252,C - Low
CAT WITH SUNGLASSES BLANK CARD,0.95,99.99998468263132,C - Low
OWLS CHARLOTTE BAG,0.85,99.9999889696789,C - Low
CAT W SUNGLASSES BLANK CARD,0.76,99.9999928028038,C - Low
SET 12 COLOURING PENCILS DOILEY,0.65,99.9999960811343,C - Low
PINK HEART CHRISTMAS DECORATION,0.38,99.99999799769675,C - Low
HAPPY BIRTHDAY GINGER CAT CARD,0.38,99.99999991425919,C - Low
PADS TO MATCH ALL CUSHIONS,0.017,100.00000000000016,C - Low
