Description,Sold_qty,return_qyt,Return_rate
  DOORMAT UNION JACK GUNS AND ROSES,177,0.0,0.0
 3 STRIPEY MICE FELTCRAFT,691,2.0,0.2894356005788712
 4 PURPLE FLOCK DINNER CANDLES,335,0.0,0.0
 50'S CHRISTMAS GIFT BAG LARGE,1915,2.0,0.10443864229765012
 ANIMAL STICKERS,385,0.0,0.0
 BLACK PIRATE TREASURE CHEST,55,0.0,0.0
 BROWN  PIRATE TREASURE CHEST ,59,0.0,0.0
 Bank Charges,2,4.0,200.0
 CAMPHOR WOOD PORTOBELLO MUSHROOM,70,0.0,0.0
 CHERRY BLOSSOM  DECORATIVE FLASK,313,3.0,0.9584664536741214
 DOLLY GIRL BEAKER,2451,7.0,0.28559771521827826
 FAIRY CAKE CANDLES,153,0.0,0.0
 FLAMINGO LIGHTS,356,2.0,0.5617977528089888
 HOME SWEET HOME  BLACKBOARD,129,6.0,4.651162790697675
 I LOVE LONDON MINI BACKPACK,388,0.0,0.0
 I LOVE LONDON MINI RUCKSACK,1,0.0,0.0
 IVORY PAPER CUP CAKE CASES ,1153,0.0,0.0
 LARGE SKULL WINDMILL,8,0.0,0.0
 NEW BAROQUE BLACK BOXES,6,0.0,0.0
 NINE DRAWER OFFICE TIDY,58,0.0,0.0
 OVAL WALL MIRROR DIAMANTE ,265,5.0,1.8867924528301887
 PAINT YOUR OWN CANVAS SET,492,0.0,0.0
 PEACE WOODEN BLOCK LETTERS,137,0.0,0.0
 RED SPOT GIFT BAG LARGE,1713,0.0,0.0
 RED/WHITE DOT MINI CASES,491,0.0,0.0
 RIDGED GLASS T-LIGHT HOLDER,952,2.0,0.21008403361344538
 SET 2 TEA TOWELS I LOVE LONDON ,4032,8.0,0.1984126984126984
 SET Of 6 SOLDIER SKITTLES,16,0.0,0.0
 SILVER CHERRY LIGHTS,274,5.0,1.824817518248175
 SILVER T-LIGHT SETTING,43,8.0,18.6046511627907
 SPACEBOY BABY GIFT SET,498,6.0,1.2048192771084338
 STAR  T-LIGHT HOLDER ,25,1.0,4.0
 TOADSTOOL BEDSIDE LIGHT ,2,0.0,0.0
 TRELLIS COAT RACK,227,1.0,0.4405286343612335
 VINTAGE DESIGN GIFT TAGS,269,0.0,0.0
 WHITE BAMBOO RIBS LAMPSHADE,233,0.0,0.0
 WHITE CHERRY LIGHTS,2026,16.0,0.7897334649555774
*Boombox Ipod Classic,1,0.0,0.0
*USB Office Glitter Lamp,1,0.0,0.0
*USB Office Mirror Ball,3,0.0,0.0
10 COLOUR SPACEBOY PEN,12290,208.0,1.6924328722538649
11 PC CERAMIC TEA SET POLKADOT,3,0.0,0.0
12 ASS ZINC CHRISTMAS DECORATIONS,487,1.0,0.20533880903490762
12 COLOURED PARTY BALLOONS,4215,27.0,0.6405693950177936
12 DAISY PEGS IN WOOD BOX,955,0.0,0.0
12 EGG HOUSE PAINTED WOOD,561,2.0,0.35650623885918004
12 HANGING EGGS HAND PAINTED,40,0.0,0.0
12 IVORY ROSE PEG PLACE SETTINGS,2776,1.0,0.03602305475504323
12 MESSAGE CARDS WITH ENVELOPES,3370,61.0,1.8100890207715135
12 MINI TOADSTOOL PEGS,472,2.0,0.423728813559322
12 PENCIL SMALL TUBE WOODLAND,9863,7.0,0.07097232079488999
12 PENCILS SMALL TUBE POSY,549,0.0,0.0
12 PENCILS SMALL TUBE RED RETROSPOT,9880,176.0,1.7813765182186234
12 PENCILS SMALL TUBE RED SPOTTY,8219,1307.0,15.902177880520746
12 PENCILS SMALL TUBE SKULL,13219,612.0,4.629699674710644
12 PENCILS TALL TUBE POSY,5867,216.0,3.6816089994886654
12 PENCILS TALL TUBE RED RETROSPOT,3922,19.0,0.4844467108618052
12 PENCILS TALL TUBE RED SPOTTY,2358,12.0,0.5089058524173028
12 PENCILS TALL TUBE SKULLS,4851,29.0,0.5978148835291692
12 PENCILS TALL TUBE WOODLAND,4718,79.0,1.6744383213225942
12 PINK HEN+CHICKS IN BASKET,99,11.0,11.11111111111111
12 PINK ROSE PEG PLACE SETTINGS,1519,12.0,0.7899934167215273
12 RED ROSE PEG PLACE SETTINGS,1258,0.0,0.0
15 PINK FLUFFY CHICKS IN BOX,32,0.0,0.0
15CM CHRISTMAS GLASS BALL 20 LIGHTS,2685,93.0,3.4636871508379885
16 PC CUTLERY SET PANTRY DESIGN,4,0.0,0.0
16 PIECE CUTLERY SET PANTRY DESIGN,254,2.0,0.7874015748031495
18PC WOODEN CUTLERY SET DISPOSABLE,567,0.0,0.0
2 DAISIES HAIR COMB,42,6.0,14.285714285714285
2 PICTURE BOOK EGGS EASTER BUNNY,768,0.0,0.0
2 PICTURE BOOK EGGS EASTER CHICKS,738,1.0,0.13550135501355012
2 PICTURE BOOK EGGS EASTER DUCKS,685,0.0,0.0
20 DOLLY PEGS RETROSPOT,5561,49.0,0.8811364862434813
200 BENDY SKULL STRAWS,1257,1.0,0.07955449482895784
200 RED + WHITE BENDY STRAWS,2136,5.0,0.23408239700374533
24 HANGING EASTER EGGS FLORAL TUB,677,5.0,0.7385524372230428
3 BIRDS CANVAS SCREEN,3,0.0,0.0
3 BLACK CATS W HEARTS BLANK CARD,79,0.0,0.0
3 DRAWER ANTIQUE WHITE WOOD CABINET,734,41.0,5.5858310626703
3 GARDENIA MORRIS BOXED CANDLES,849,11.0,1.2956419316843346
3 HEARTS HANGING DECORATION RUSTIC,8985,82.0,0.912632164718976
3 HOOK HANGER MAGIC GARDEN,2732,17.0,0.6222547584187409
3 HOOK PHOTO SHELF ANTIQUE WHITE,3141,154.0,4.902897166507482
3 PIECE JIGSAW TOADSTOOLS,16,0.0,0.0
3 PIECE SPACEBOY COOKIE CUTTER SET,2761,14.0,0.5070626584570808
3 PINK HEN+CHICKS IN BASKET,100,0.0,0.0
3 RAFFIA RIBBONS 50'S CHRISTMAS ,2095,10.0,0.47732696897374705
3 RAFFIA RIBBONS VINTAGE CHRISTMAS,824,0.0,0.0
3 ROSE MORRIS BOXED CANDLES,1314,23.0,1.750380517503805
3 STRIPEY MICE FELTCRAFT,7124,762.0,10.696238068500842
3 TIER CAKE TIN GREEN AND CREAM,566,15.0,2.65017667844523
3 TIER CAKE TIN RED AND CREAM,894,137.0,15.324384787472036
3 TIER SWEETHEART GARDEN SHELF,61,1.0,1.639344262295082
3 TRADITIONAL COOKIE CUTTERS  SET,354,0.0,0.0
3 TRADITIONAl BISCUIT CUTTERS  SET,1488,38.0,2.553763440860215
3 WHITE CHOC MORRIS BOXED CANDLES,1184,0.0,0.0
3 WICK CHRISTMAS BRIAR CANDLE ,282,8.0,2.8368794326241136
36 DOILIES DOLLY GIRL,1965,16.0,0.8142493638676844
36 DOILIES SPACEBOY DESIGN ,709,0.0,0.0
36 DOILIES VINTAGE CHRISTMAS,7851,612.0,7.795185326709973
36 FOIL HEART CAKE CASES,2494,152.0,6.094627105052125
36 FOIL STAR CAKE CASES ,1448,0.0,0.0
36 PENCILS TUBE POSY,233,9.0,3.862660944206009
36 PENCILS TUBE RED RETROSPOT,4761,210.0,4.410838059231255
36 PENCILS TUBE RED SPOTTY,3395,180.0,5.3019145802650955
36 PENCILS TUBE SKULLS,4117,18.0,0.43721156181685694
36 PENCILS TUBE WOODLAND,3792,76.0,2.0042194092827006
3D CHRISTMAS STAMPS STICKERS ,2018,34.0,1.6848364717542121
3D DOG PICTURE PLAYING CARDS,1280,25.0,1.953125
3D HEARTS  HONEYCOMB PAPER GARLAND,912,35.0,3.8377192982456143
3D SHEET OF CAT STICKERS,1231,4.0,0.3249390739236393
3D SHEET OF DOG STICKERS,1378,0.0,0.0
3D SHEET OF SEA WORLD STICKERS,149,0.0,0.0
3D STICKERS CHRISTMAS STAMPS,940,0.0,0.0
3D STICKERS TRADITIONAL CHRISTMAS ,980,0.0,0.0
3D STICKERS VINTAGE CHRISTMAS,1060,0.0,0.0
3D TRADITIONAL CHRISTMAS STICKERS,2461,20.0,0.8126777732629012
3D VINTAGE CHRISTMAS STICKERS ,2713,0.0,0.0
4 BLUE DINNER CANDLES SILVER FLOCK,213,0.0,0.0
4 BURGUNDY WINE DINNER CANDLES,545,0.0,0.0
4 FESTIVE GREEN DINNER CANDLES,53,0.0,0.0
4 GOLD FLOCK CHRISTMAS BALLS,134,0.0,0.0
4 IVORY DINNER CANDLES GOLD FLOCK,822,0.0,0.0
4 IVORY DINNER CANDLES SILVER FLOCK,1388,12.0,0.8645533141210375
4 LAVENDER BOTANICAL DINNER CANDLES,1168,0.0,0.0
4 LILY  BOTANICAL DINNER CANDLES,834,0.0,0.0
4 PEAR BOTANICAL DINNER CANDLES,1152,0.0,0.0
4 PINK DINNER CANDLE SILVER FLOCK,266,0.0,0.0
4 PINK FLOCK CHRISTMAS BALLS,185,0.0,0.0
4 ROSE PINK DINNER CANDLES,579,0.0,0.0
4 SKY BLUE DINNER CANDLES,469,0.0,0.0
4 TRADITIONAL SPINNING TOPS,8181,16.0,0.19557511306686226
4 VANILLA BOTANICAL CANDLES,1131,0.0,0.0
4 WILDFLOWER BOTANICAL CANDLES,698,0.0,0.0
5 HOOK BLACKBOARD ORGANISER ,325,25.0,7.6923076923076925
5 HOOK HANGER MAGIC TOADSTOOL,1774,50.0,2.818489289740699
5 HOOK HANGER RED MAGIC TOADSTOOL,4526,33.0,0.7291206363234645
5 STRAND GLASS NECKLACE AMBER,22,0.0,0.0
5 STRAND GLASS NECKLACE AMETHYST,36,0.0,0.0
5 STRAND GLASS NECKLACE BLACK,22,1.0,4.545454545454546
5 STRAND GLASS NECKLACE CRYSTAL,99,1.0,1.0101010101010102
50'S CHRISTMAS PAPER GIFT BAG,1342,1.0,0.07451564828614009
50CM METAL STRING WITH  7 CLIPS,326,0.0,0.0
6 CHOCOLATE LOVE HEART T-LIGHTS,2778,0.0,0.0
6 CROCHET STRAWBERRIES,964,0.0,0.0
6 EGG HOUSE PAINTED WOOD,1032,18.0,1.744186046511628
6 GIFT TAGS 50'S CHRISTMAS ,3740,60.0,1.6042780748663104
6 GIFT TAGS VINTAGE CHRISTMAS ,4007,24.0,0.5989518342899924
6 HOOK JEWEL STAND LILAC DRESS,1,0.0,0.0
6 HOOK JEWELLERY STAND BLACK DRESS,552,0.0,0.0
6 RABBIT CHAIN EASTER,69,0.0,0.0
6 RIBBONS ELEGANT CHRISTMAS ,3079,12.0,0.3897369275738876
6 RIBBONS EMPIRE  ,2353,0.0,0.0
6 RIBBONS RUSTIC CHARM,17238,117.0,0.6787330316742082
6 RIBBONS SHIMMERING PINKS ,2156,12.0,0.5565862708719851
6 ROCKET BALLOONS ,3891,75.0,1.927525057825752
6 SEGMENT COLOURED SNACK BOWL ,21,0.0,0.0
60 CAKE CASES DOLLY GIRL DESIGN,10050,240.0,2.3880597014925375
60 CAKE CASES VINTAGE CHRISTMAS,27970,552.0,1.973543081873436
60 GOLD AND SILVER FAIRY CAKE CASES,4248,24.0,0.5649717514124294
60 TEATIME FAIRY CAKE CASES,54028,350.0,0.6478122455023322
6PC WOOD PLATE SET DISPOSABLE,459,0.0,0.0
70'S ALPHABET WALL ART,150,0.0,0.0
72 CAKE CASES DOLLY GIRL DESIGN,943,0.0,0.0
72 CAKE CASES VINTAGE CHRISTMAS,4346,0.0,0.0
72 ROUND PINK DOILIES,128,12.0,9.375
72 SWEETHEART FAIRY CAKE CASES,34797,410.0,1.1782624938931519
75 BLACK FAIRY CAKE CASES,1019,0.0,0.0
75 BLACK PETIT FOUR CASES,571,0.0,0.0
75 GREEN FAIRY CAKE CASES,2194,4.0,0.18231540565177756
75 GREEN PETIT FOUR CASES,1522,0.0,0.0
A PRETTY THANK YOU CARD,456,0.0,0.0
A4 WALL TIDY BLUE OFFICE,244,0.0,0.0
A4 WALL TIDY RED FLOWERS,15,0.0,0.0
ABC TREASURE BOOK BOX ,2165,45.0,2.0785219399538106
ABSTRACT CIRCLE JOURNAL ,1045,10.0,0.9569377990430622
ABSTRACT CIRCLES NOTEBOOK,3258,0.0,0.0
ABSTRACT CIRCLES POCKET BOOK,5425,1.0,0.018433179723502304
ABSTRACT CIRCLES SKETCHBOOK ,685,4.0,0.583941605839416
"ACRYLIC BEAD CHAIN, BLUE",229,0.0,0.0
"ACRYLIC BEAD CHAIN, PINK",114,0.0,0.0
"ACRYLIC BEAD GARLAND,PINK",2,0.0,0.0
ACRYLIC GEOMETRIC LAMP,51,2.0,3.9215686274509802
"ACRYLIC HANGING JEWEL,BLUE",385,0.0,0.0
"ACRYLIC HANGING JEWEL,PINK",95,0.0,0.0
"ACRYLIC JEWEL ANGEL,BLUE",139,0.0,0.0
"ACRYLIC JEWEL ANGEL,PINK",297,0.0,0.0
"ACRYLIC JEWEL ICICLE, BLUE",408,0.0,0.0
"ACRYLIC JEWEL ICICLE, CLEAR ",1,0.0,0.0
"ACRYLIC JEWEL ICICLE, PINK",559,0.0,0.0
"ACRYLIC JEWEL SNOWFLAKE, PINK",168,0.0,0.0
"ACRYLIC JEWEL SNOWFLAKE,BLUE",238,0.0,0.0
"ACRYLIC JEWEL SNOWFLAKE,PINK",408,0.0,0.0
ADULT APRON APPLE DELIGHT,184,0.0,0.0
ADVENT CALENDAR GINGHAM SACK,2322,64.0,2.756244616709733
AFGHAN SLIPPER SOCK PAIR,2604,349.0,13.402457757296467
AGED GLASS SILVER T-LIGHT HOLDER,17770,102.0,0.5740011254924029
AIRLINE BAG VINTAGE JET SET BROWN,590,2.0,0.3389830508474576
AIRLINE BAG VINTAGE JET SET RED,1023,5.0,0.4887585532746823
AIRLINE BAG VINTAGE JET SET WHITE,529,0.0,0.0
AIRLINE BAG VINTAGE TOKYO 78,1828,18.0,0.9846827133479212
AIRLINE BAG VINTAGE WORLD CHAMPION ,604,7.0,1.1589403973509933
"AIRLINE LOUNGE,METAL SIGN",1207,1.0,0.08285004142502071
ALARM CLOCK BAKELIKE CHOCOLATE,2518,57.0,2.2637013502779983
ALARM CLOCK BAKELIKE GREEN,7671,65.0,0.8473471516099595
ALARM CLOCK BAKELIKE IVORY,3702,58.0,1.5667206915180982
ALARM CLOCK BAKELIKE ORANGE,2999,35.0,1.1670556852284095
ALARM CLOCK BAKELIKE PINK,6215,53.0,0.8527755430410298
ALARM CLOCK BAKELIKE RED ,9234,84.0,0.9096816114359974
ALPHABET HEARTS STICKER SHEET,866,0.0,0.0
ALPHABET STENCIL CRAFT,4570,679.0,14.857768052516413
ALUMINIUM HEART,30,0.0,0.0
ALUMINIUM STAMPED HEART,779,0.0,0.0
AMAZON FEE,3,33.0,1100.0
AMBER 3 BEAD DROP EARRINGS,9,0.0,0.0
AMBER BERTIE GLASS BEAD BAG CHARM,18,0.0,0.0
AMBER BERTIE MOBILE PHONE CHARM,21,0.0,0.0
AMBER CHUNKY BEAD BRACELET W STRAP,42,0.0,0.0
AMBER CHUNKY GLASS+BEAD NECKLACE,27,0.0,0.0
AMBER CRYSTAL DROP EARRINGS,8,0.0,0.0
AMBER DIAMANTE EXPANDABLE RING,55,13.0,23.636363636363637
AMBER DROP EARRINGS W LONG BEADS,53,6.0,11.320754716981133
AMBER FINE BEAD NECKLACE W TASSEL,12,0.0,0.0
AMBER GLASS BRACELET HEART CHARMS,9,0.0,0.0
AMBER GLASS TASSLE BAG CHARM,67,0.0,0.0
AMBER GLASS/SHELL/PEARL NECKLACE,14,0.0,0.0
AMBER GLASS/SILVER BRACELET,56,4.0,7.142857142857142
AMBER VINTAGE EARRINGS ,2,0.0,0.0
AMETHYST 3 BEAD DROP EARRINGS,6,0.0,0.0
AMETHYST CHUNKY BEAD BRACELET W STR,69,3.0,4.3478260869565215
AMETHYST DIAMANTE EXPANDABLE RING,67,19.0,28.35820895522388
AMETHYST DROP EARRINGS W LONG BEADS,28,0.0,0.0
AMETHYST GLASS/SHELL/PEARL NECKLACE,25,0.0,0.0
AMETHYST HOOP EARRING FLORAL LEAF,69,0.0,0.0
ANGEL DECORATION 3 BUTTONS ,7114,204.0,2.8675850435760473
ANGEL DECORATION PAINTED ZINC ,2473,0.0,0.0
ANGEL DECORATION STARS ON DRESS,5705,166.0,2.9097283085013146
ANGEL DECORATION WITH LACE PADDED,1698,96.0,5.6537102473498235
ANGEL ON KNEES METAL POLE 100CM H,6,0.0,0.0
ANIMAL STICKERS,3427,24.0,0.7003209804493726
ANIMALS AND NATURE WALL ART,267,0.0,0.0
ANT COPPER LIME BOUDICCA BRACELET,169,0.0,0.0
ANT COPPER PINK BOUDICCA BRACELET,138,0.0,0.0
ANT COPPER RED BOUDICCA BRACELET,70,0.0,0.0
ANT COPPER TURQ BOUDICCA BRACELET,147,0.0,0.0
ANT SILVER FUSCHIA BOUDICCA RING,42,0.0,0.0
ANT SILVER LIME GREEN BOUDICCA RING,55,1.0,1.8181818181818181
ANT SILVER PURPLE BOUDICCA RING,29,0.0,0.0
ANT SILVER TURQUOISE BOUDICCA RING,30,0.0,0.0
ANT WHITE HIGH RISE BIRD BOX,50,0.0,0.0
ANT WHITE IRON BASKET,33,0.0,0.0
ANT WHITE SWEETHEART TABLE W 3 DRAW,3,1.0,33.33333333333333
ANT WHITE WIRE HEART SPIRAL,1757,1.0,0.056915196357427436
ANTIQUE ALL GLASS CANDLESTICK,2297,5.0,0.21767522855899
ANTIQUE CREAM CUTLERY CUPBOARD,76,0.0,0.0
ANTIQUE CREAM CUTLERY SHELF ,114,0.0,0.0
ANTIQUE EDWARDIAN DRESSER,53,10.0,18.867924528301888
ANTIQUE GLASS DRESSING TABLE POT,2367,52.0,2.1968736797634136
ANTIQUE GLASS HEART DECORATION ,2088,19.0,0.9099616858237548
ANTIQUE GLASS PEDESTAL BOWL,1300,37.0,2.8461538461538463
ANTIQUE GLASS PLACE SETTING,869,13.0,1.4959723820483315
ANTIQUE GLASS RIDGED HANGING BALL,789,2.0,0.25348542458808615
ANTIQUE HEART SHELF UNIT,275,13.0,4.7272727272727275
ANTIQUE IVORY WIRE BOWL SMALL,99,11.0,11.11111111111111
ANTIQUE LILY FAIRY LIGHTS,2685,168.0,6.256983240223464
ANTIQUE MID BLUE FLOWER EARRINGS,13,1.0,7.6923076923076925
ANTIQUE OLIVE GREEN FLOWER EARRINGS,20,0.0,0.0
ANTIQUE OPAL WHITE FLOWER EARRINGS,11,0.0,0.0
ANTIQUE RASPBERRY FLOWER EARRINGS,11,0.0,0.0
ANTIQUE SILVER BAUBLE LAMP  ,376,13.0,3.4574468085106385
ANTIQUE SILVER BOOK MARK WITH BEADS,17,0.0,0.0
ANTIQUE SILVER T-LIGHT GLASS,14664,316.0,2.15493726132024
ANTIQUE SILVER TEA GLASS ENGRAVED,15810,37.0,0.23402909550917142
ANTIQUE SILVER TEA GLASS ETCHED,22032,134.0,0.6082062454611474
ANTIQUE TALL SWIRLGLASS TRINKET POT,1127,16.0,1.419698314108252
APOTHECARY MEASURING JAR,67,1.0,1.4925373134328357
APPLE BATH SPONGE,3459,10.0,0.28910089621277824
APRON APPLE DELIGHT,516,14.0,2.7131782945736433
APRON MODERN VINTAGE COTTON,677,3.0,0.4431314623338257
AQUA BERTIE GLASS BEAD BAG CHARM,44,0.0,0.0
ARCHED GREY MIRROR,86,0.0,0.0
AREA PATROLLED METAL SIGN,7479,129.0,1.7248295226634576
ARMY CAMO BOOKCOVER TAPE,33,0.0,0.0
ARMY CAMO WRAPPING TAPE,2251,1104.0,49.04486894713461
"ART LIGHTS,FUNK MONKEY",628,1.0,0.15923566878980894
ASS COL CIRCLE MOBILE ,752,0.0,0.0
ASS COL LARGE SAND FROG P'WEIGHT,716,6.0,0.8379888268156425
ASS COL LARGE SAND GECKO P'WEIGHT,810,4.0,0.49382716049382713
ASS COL SMALL SAND FROG P'WEIGHT,1150,0.0,0.0
ASS COL SMALL SAND GECKO P'WEIGHT,1620,2.0,0.12345679012345678
ASS COLOUR GLOWING TIARAS,746,0.0,0.0
ASS DES PHONE SPONGE CRAFT STICKER,1027,0.0,0.0
ASS FLORAL PRINT MULTI SCREWDRIVER,2853,36.0,1.2618296529968454
ASS FLORAL PRINT SCISSORS,6842,0.0,0.0
ASS FLORAL PRINT SPIRIT LEVEL ,160,1.0,0.625
ASS FLORAL PRINT TAPE MEASURE,284,0.0,0.0
ASS FLORAL PRINT TORCH,2567,1.0,0.038955979742890535
"ASS RETROSPOOF MUGS,SPORTS",143,0.0,0.0
ASS WINDPROOF MARIJUANA LIGHTERS,15,0.0,0.0
ASSORTED BOTTLE TOP  MAGNETS ,3281,90.0,2.7430661383724475
ASSORTED CAKES FRIDGE MAGNETS,2849,49.0,1.71990171990172
ASSORTED CHEESE FRIDGE MAGNETS,831,0.0,0.0
ASSORTED CIRCULAR MOBILE,1213,2.0,0.16488046166529266
ASSORTED COLOUR BIRD ORNAMENT,80082,511.0,0.6380959516495592
ASSORTED COLOUR JUMBO PEN,261,194.0,74.32950191570882
ASSORTED COLOUR LIZARD SUCTION HOOK,1463,16.0,1.0936431989063569
ASSORTED COLOUR METAL CAT ,226,0.0,0.0
ASSORTED COLOUR MINI CASES,3062,13.0,0.4245591116917048
ASSORTED COLOUR SET 6 TEASPOONS,268,3.0,1.1194029850746268
ASSORTED COLOUR SILK COIN PURSE,3558,131.0,3.6818437324339515
ASSORTED COLOUR SILK COSMETIC PURSE,1406,2.0,0.1422475106685633
ASSORTED COLOUR SILK GLASSES CASE,2004,0.0,0.0
ASSORTED COLOUR SUCTION CUP HOOK,358,0.0,0.0
ASSORTED COLOUR T-LIGHT HOLDER,6041,58.0,0.9601059427247144
ASSORTED COLOURED CIRCLE MOBILE ,64,0.0,0.0
ASSORTED COLOURS SILK FAN,44272,929.0,2.098391760028912
ASSORTED CREEPY CRAWLIES,7658,672.0,8.775137111517367
ASSORTED DESIGN FLOWER MUGS,7,0.0,0.0
ASSORTED DESIGN GEISHA GIRL MUGS,5,0.0,0.0
ASSORTED EASTER DECORATIONS  BELLS,877,21.0,2.394526795895097
ASSORTED EASTER GIFT TAGS,1230,0.0,0.0
ASSORTED FARMYARD ANIMALS IN BUCKET,3859,0.0,0.0
ASSORTED FLORAL SECATEURS,3177,3.0,0.09442870632672333
"ASSORTED FLOWER COLOUR ""LEIS""",24794,72.0,0.2903928369766879
ASSORTED FRAGRANCE BATH CONFETTI,64,0.0,0.0
ASSORTED FRUIT STRAWS,1,0.0,0.0
ASSORTED ICE CREAM FRIDGE MAGNETS,2869,96.0,3.346113628441966
ASSORTED INCENSE PACK,10625,0.0,0.0
ASSORTED LAQUERED INCENSE HOLDERS,6240,0.0,0.0
ASSORTED MINI MADRAS NOTEBOOK,1771,121.0,6.832298136645963
ASSORTED MONKEY SUCTION CUP HOOK,1177,49.0,4.163126593033136
ASSORTED SANSKRIT MINI NOTEBOOK,1358,18.0,1.3254786450662739
ASSORTED SANTA CHRISTMAS DECORATION,50,0.0,0.0
ASSORTED SHAPED STENCIL FOR HENNA,52,0.0,0.0
ASSORTED SHAPES PHOTO CLIP SILVER ,1220,24.0,1.9672131147540985
ASSORTED TUTTI FRUTTI  FOB NOTEBOOK,2225,0.0,0.0
ASSORTED TUTTI FRUTTI BRACELET,3204,28.0,0.8739076154806492
ASSORTED TUTTI FRUTTI HEART BOX,1087,28.0,2.5758969641214353
ASSORTED TUTTI FRUTTI KEYRING,259,8.0,3.088803088803089
ASSORTED TUTTI FRUTTI KEYRING BALL,1666,0.0,0.0
ASSORTED TUTTI FRUTTI LARGE PURSE,848,4.0,0.4716981132075472
ASSORTED TUTTI FRUTTI MIRROR,1521,14.0,0.9204470742932281
ASSORTED TUTTI FRUTTI NOTEBOOK,1020,8.0,0.7843137254901961
ASSORTED TUTTI FRUTTI PEN,4413,266.0,6.027645592567414
ASSORTED TUTTI FRUTTI PHOTO FRAME,421,4.0,0.9501187648456058
ASSORTED TUTTI FRUTTI ROUND BOX,969,30.0,3.0959752321981426
ASSORTED TUTTI FRUTTI SMALL PURSE,2940,256.0,8.707482993197278
ASSORTED WHITE EMBOSSED CHINA MUGS,700,1.0,0.14285714285714285
ASSTD COL BUTTERFLY/CRYSTAL W/CHIME,497,0.0,0.0
ASSTD DESIGN 3D PAPER STICKERS,1734,120.0,6.920415224913495
ASSTD DESIGN BUBBLE GUM RING,22936,1740.0,7.586327171259157
ASSTD DESIGN POP ART SLIM PEN,687,1.0,0.1455604075691412
ASSTD DESIGN RACING CAR PEN,4829,811.0,16.794367363843445
ASSTD FRUIT+FLOWERS FRIDGE MAGNETS,3096,163.0,5.264857881136951
ASSTD HEARTS DESIGN MUGS,321,0.0,0.0
ASSTD MULTICOLOUR CIRCLES MUG,1739,4.0,0.23001725129384704
ASSTD RASTA KEY-CHAINS,36,0.0,0.0
Adjust bad debt,1,5.0,500.0
Adjustment by Peter on Jun 25 2010 ,3,0.0,0.0
Adjustment by john on 26/01/2010 16,20,18.0,90.0
Adjustment by john on 26/01/2010 17,16,10.0,62.5
BABUSHKA LIGHTS STRING OF 10,1736,58.0,3.3410138248847927
BABY BOOM RIBBONS ,2110,25.0,1.1848341232227488
BABY MOUSE RED GINGHAM DRESS,437,3.0,0.6864988558352403
BAG 125g SWIRLY MARBLES,14577,171.0,1.1730808808396789
BAG 250g SWIRLY MARBLES,17175,702.0,4.0873362445414845
BAG 500g SWIRLY MARBLES,2534,26.0,1.0260457774269929
BAG FOR CHILDREN VINTAGE BLUE ,96,0.0,0.0
BAG FOR CHILDREN VINTAGE PINK ,96,0.0,0.0
BAG OF SILVER STONES,300,0.0,0.0
BAKING MOULD CHOCOLATE CUP CAKES,12,0.0,0.0
BAKING MOULD CHOCOLATE CUPCAKES,948,13.0,1.3713080168776373
BAKING MOULD CUPCAKE CHOCOLATE,12,0.0,0.0
BAKING MOULD EASTER EGG MILK CHOC,940,156.0,16.595744680851062
BAKING MOULD EASTER EGG WHITE CHOC,589,3.0,0.5093378607809848
BAKING MOULD HEART MILK CHOCOLATE,1108,96.0,8.664259927797833
BAKING MOULD HEART WHITE CHOCOLATE,813,0.0,0.0
BAKING MOULD ROSE MILK CHOCOLATE,690,72.0,10.434782608695652
BAKING MOULD ROSE WHITE CHOCOLATE,279,72.0,25.806451612903224
BAKING MOULD TOFFEE CUP  CHOCOLATE,6,0.0,0.0
BAKING MOULD TOFFEE CUP CHOCOLATE,878,120.0,13.66742596810934
BAKING SET 9 PIECE RETROSPOT ,9366,859.0,9.171471279094598
BAKING SET SPACEBOY DESIGN,4251,243.0,5.716302046577276
BALLERINA HEART DECORATION.,347,0.0,0.0
BALLOON ART MAKE YOUR OWN FLOWERS,1459,0.0,0.0
BALLOON PUMP WITH 10 BALLOONS,2547,18.0,0.7067137809187279
BALLOON WATER BOMB PACK OF 35,8523,44.0,0.5162501466619734
BALLOONS  WRITING SET ,2441,0.0,0.0
BANK ACCOUNT  GREETING  CARD ,1107,0.0,0.0
BANQUET BIRTHDAY  CARD  ,4029,12.0,0.29784065524944153
BAROQUE BUTTERFLY EARRINGS BLACK,2,0.0,0.0
BAROQUE BUTTERFLY EARRINGS CRYSTAL,8,0.0,0.0
BAROQUE BUTTERFLY EARRINGS GREEN,6,0.0,0.0
BAROQUE BUTTERFLY EARRINGS MONTANA,7,0.0,0.0
BAROQUE BUTTERFLY EARRINGS PINK,5,0.0,0.0
BAROQUE BUTTERFLY EARRINGS RED,3,0.0,0.0
BASKET OF FLOWERS SEWING KIT,1820,1.0,0.054945054945054944
BASKET OF TOADSTOOLS,2259,408.0,18.06108897742364
BASKET/8 SCENTED LOVE TOKEN CANDLES,122,10.0,8.19672131147541
BATH BUILDING BLOCK WORD,1612,6.0,0.37220843672456577
BATH DUCK WATERING CAN,848,49.0,5.778301886792453
BATHROOM HOOK,146,0.0,0.0
BATHROOM METAL SIGN,13249,295.0,2.226583138350064
BATHROOM METAL SIGN ,1845,0.0,0.0
BATHROOM SCALES FOOTPRINTS IN SAND,131,0.0,0.0
BATHROOM SCALES RUBBER DUCKS,93,0.0,0.0
"BATHROOM SCALES, FAG BREAK",2,0.0,0.0
"BATHROOM SCALES, TROPICAL BEACH",59,1.0,1.694915254237288
BATHROOM SET LOVE HEART DESIGN,606,3.0,0.49504950495049505
BEACH HUT DESIGN BLACKBOARD,422,53.0,12.559241706161137
BEACH HUT KEY CABINET,435,3.0,0.6896551724137931
BEACH HUT MIRROR,389,20.0,5.141388174807198
BEACH HUT PHOTO FRAME,609,52.0,8.538587848932677
BEACH HUT SHELF W 3 DRAWERS,314,7.0,2.229299363057325
BEADED CHANDELIER T-LIGHT HOLDER,695,433.0,62.302158273381295
BEADED CRYSTAL HEART BLUE  LARGE,659,0.0,0.0
BEADED CRYSTAL HEART BLUE ON STICK,439,0.0,0.0
BEADED CRYSTAL HEART BLUE SMALL,390,0.0,0.0
BEADED CRYSTAL HEART GREEN LARGE,911,0.0,0.0
BEADED CRYSTAL HEART GREEN ON STICK,948,0.0,0.0
BEADED CRYSTAL HEART GREEN SMALL,233,0.0,0.0
BEADED CRYSTAL HEART PINK LARGE,788,0.0,0.0
BEADED CRYSTAL HEART PINK ON STICK,1423,0.0,0.0
BEADED CRYSTAL HEART PINK SMALL,793,1.0,0.12610340479192939
BEADED CRYSTAL HEART PINK\ON STICK,20,0.0,0.0
BEADED LOVE HEART JEWELLERY SET,2197,300.0,13.654984069185252
BEADED PEARL HEART WHITE LARGE,685,0.0,0.0
BEADED PEARL HEART WHITE ON STICK,2025,14.0,0.6913580246913581
BEAUTY SPEED EXPRESSO CUPS,464,0.0,0.0
BEECH WOOD P/FRAME,17,0.0,0.0
BEECH WOOD PHOTO FRAME ,290,0.0,0.0
BEIGE PHOTO ALBUM,97,0.0,0.0
BELL HEART ANTIQUE GOLD,12,0.0,0.0
BELL HEART DECORATION,252,0.0,0.0
BELLE JARDINIERE CUSHION COVER,748,7.0,0.9358288770053476
BENDY COLOUR PENCILS,4,0.0,0.0
BERRIES CHUNKY KNITTED THROW ,5,0.0,0.0
BEST DAD CANDLE LETTERS,218,1.0,0.45871559633027525
BEWARE OF THE CAT DOORMAT,2,2.0,100.0
BEWARE OF THE CAT METAL SIGN ,9360,51.0,0.5448717948717948
BICYCLE PUNCTURE REPAIR KIT ,1863,0.0,0.0
BICYCLE SAFTEY WALL ART,458,0.0,0.0
BIG DOUGHNUT FRIDGE MAGNETS,6335,121.0,1.910023677979479
BIG PINK POODLE,30,0.0,0.0
BIG POLKADOT MUG,80,0.0,0.0
BILI NUT AND WOOD NECKLACE,52,0.0,0.0
BINGO SET,3520,97.0,2.7556818181818183
BIRD BOX CHRISTMAS TREE DECORATION,213,0.0,0.0
BIRD DECORATION GREEN  SPOT,678,2.0,0.2949852507374631
BIRD DECORATION GREEN POLKADOT,939,13.0,1.384451544195953
BIRD DECORATION RED RETROSPOT,1261,1.0,0.07930214115781126
BIRD DECORATION RED SPOT,1267,0.0,0.0
BIRD HOUSE HOT WATER BOTTLE,2609,4.0,0.15331544653123802
BIRD IN TREE MUG ,4643,0.0,0.0
BIRD ON BRANCH CANVAS SCREEN,11,0.0,0.0
BIRDCAGE DECORATION MAGIC GARDEN,21,0.0,0.0
BIRDCAGE DECORATION TEALIGHT HOLDER,935,13.0,1.3903743315508021
BIRDHOUSE DECORATION MAGIC GARDEN,1871,19.0,1.015499732763228
BIRDHOUSE GARDEN MARKER ,2772,2.0,0.07215007215007214
BIRDS MOBILE VINTAGE DESIGN,598,23.0,3.8461538461538463
BIRTHDAY BANNER TAPE,48,0.0,0.0
BIRTHDAY BANQUET GIFT WRAP,2815,25.0,0.8880994671403196
"BIRTHDAY CARD, RETRO SPOT",3351,0.0,0.0
BIRTHDAY PARTY CORDON BARRIER TAPE,712,0.0,0.0
BISCUIT TIN 50'S CHRISTMAS,2194,46.0,2.096627164995442
BISCUIT TIN VINTAGE CHRISTMAS,1722,16.0,0.9291521486643438
BISCUIT TIN VINTAGE GREEN,594,16.0,2.6936026936026933
BISCUIT TIN VINTAGE LEAF,24,0.0,0.0
BISCUIT TIN VINTAGE RED,781,20.0,2.560819462227913
"BISCUIT TIN, MINT,IVORY, VINTAGE",1,0.0,0.0
"BISCUIT TIN, RED,IVORY, VINTAGE",37,0.0,0.0
BISCUITS SMALL BOWL LIGHT BLUE,1537,0.0,0.0
BLACK 3 BEAD DROP EARRINGS,19,6.0,31.57894736842105
BLACK 3 TIER GLASS PLATE STAND,10,0.0,0.0
BLACK AND WHITE CAT BOWL,1589,2.0,0.12586532410320958
BLACK AND WHITE DOG BOWL,1384,22.0,1.5895953757225432
BLACK AND WHITE PAISLEY FLOWER MUG,25707,6.0,0.02333994631812347
BLACK ASSORTED DROPLET DECORATION,62,0.0,0.0
BLACK BAROQUE CARRIAGE CLOCK,72,0.0,0.0
BLACK BAROQUE CUCKOO CLOCK,141,1.0,0.7092198581560284
BLACK BAROQUE WALL CLOCK ,115,1.0,0.8695652173913043
BLACK BIRD GARDEN DESIGN MUG,6156,2981.0,48.424301494476936
BLACK BOX MIRROR LANTERN,55,1.0,1.8181818181818181
BLACK CANDELABRA T-LIGHT HOLDER,1817,30.0,1.6510731975784259
BLACK CHAMPAGNE GLASS,1833,10.0,0.5455537370430987
BLACK CHERRY LIGHTS,242,248.0,102.4793388429752
BLACK CHRISTMAS FLOCK DROPLET ,179,0.0,0.0
BLACK CHRISTMAS TREE 120CM,268,0.0,0.0
BLACK CHRISTMAS TREE 60CM,931,0.0,0.0
BLACK CHUNKY BEAD BRACELET W STRAP,73,0.0,0.0
BLACK CRYSTAL DROP EARRINGS,20,0.0,0.0
BLACK DIAMANTE EXPANDABLE RING,64,29.0,45.3125
BLACK DIAMOND CLUSTER EARRINGS,5,0.0,0.0
BLACK DIAMOND CLUSTER NECKLACE,7,0.0,0.0
BLACK DINER WALL CLOCK,373,6.0,1.6085790884718498
BLACK DROP CRYSTAL NECKLACE,17,0.0,0.0
BLACK DROP EARRINGS W LONG BEADS,14,0.0,0.0
BLACK EAR MUFF HEADPHONES,231,1.0,0.4329004329004329
BLACK ENAMEL FLOWER RING,154,13.0,8.441558441558442
BLACK ENCHANTED FOREST PLACEMAT,1326,0.0,0.0
BLACK FACE LAMB WITH PANTS,123,0.0,0.0
BLACK FEATHER CHRISTMAS DECORATION,312,0.0,0.0
BLACK FINE BEAD NECKLACE W TASSEL,19,1.0,5.263157894736842
BLACK FLOCK GOLD CANDLE,54,0.0,0.0
BLACK FLOWER CANDLE PLATE,326,0.0,0.0
BLACK GEMSTONE BRACELET,52,4.0,7.6923076923076925
BLACK GEMSTONE NECKLACE 45CM,19,0.0,0.0
BLACK GLASS BRACELET W HEART CHARMS,64,0.0,0.0
BLACK GLASS TV DOUBLE P/FRAME 15X10,17,0.0,0.0
BLACK GLASS/SHELL/PEARL NECKLACE,5,0.0,0.0
BLACK GRAND BAROQUE PHOTO FRAME,692,0.0,0.0
BLACK HEART CARD HOLDER,10353,5.0,0.04829518014102192
BLACK KITCHEN SCALES,837,13.0,1.5531660692951015
BLACK LOVE BIRD CANDLE,428,0.0,0.0
BLACK LOVE BIRD T-LIGHT HOLDER,364,3.0,0.8241758241758242
BLACK MEDIUM GLASS CAKE STAND,38,3.0,7.894736842105263
BLACK METAL BAROQUE PHOTO FRAME,510,0.0,0.0
BLACK MINI TAPE MEASURE ,1515,0.0,0.0
BLACK NEW BAROQUE FLOCK BOX,7,3.0,42.857142857142854
BLACK ORANGE SQUEEZER,210,0.0,0.0
BLACK PHOTO ALBUM ,82,1.0,1.2195121951219512
BLACK PILLAR CANDLE SILVER FLOCK,612,0.0,0.0
BLACK PIRATE TREASURE CHEST,1057,14.0,1.3245033112582782
BLACK RECORD COVER FRAME,18739,23.0,0.12273867335503497
BLACK RETRO BAR STOOL,99,2.0,2.0202020202020203
BLACK RETRODISC LAMPSHADE,977,0.0,0.0
"BLACK RND BULLET""KEEP CLEAN"" BIN",2,0.0,0.0
BLACK SIL'T SQU CANDLE PLATE ,43,0.0,0.0
BLACK SILOUETTE CANDLE PLATE,514,12.0,2.3346303501945527
BLACK SILOUETTE CANDLE PLATE ,121,6.0,4.958677685950414
BLACK SILVER FLOWER T-LIGHT HOLDER,11520,5040.0,43.75
BLACK SMALL GLASS CAKE STAND,609,5.0,0.8210180623973727
BLACK SQUARE TABLE CLOCK,244,0.0,0.0
BLACK STITCHED WALL CLOCK,752,0.0,0.0
BLACK SWEETHEART BRACELET,183,4.0,2.185792349726776
BLACK TEA TOWEL CLASSIC DESIGN,1272,0.0,0.0
"BLACK TEA,COFFEE,SUGAR JARS",492,43.0,8.739837398373984
BLACK VINT ART DEC CRYSTAL BRACELET,22,0.0,0.0
BLACK VINT ART DEC CRYSTAL NECKLACE,20,0.0,0.0
BLACK VINTAGE  CRYSTAL EARRINGS,21,1.0,4.761904761904762
BLACK VINTAGE EARRINGS,104,0.0,0.0
BLACK WINE GLASS,3653,24.0,0.6569942513003011
BLACK+WHITE NECKLACE W TASSEL,44,1.0,2.272727272727273
BLACK/BLUE DOTS RUFFLED UMBRELLA,2977,2.0,0.06718172657037286
BLACK/BLUE POLKADOT UMBRELLA,1679,6.0,0.357355568790947
BLACK/WHITE GLASS/SILVER BRACELET,63,1.0,1.5873015873015872
BLACKCHRISTMAS TREE 30CM,78,0.0,0.0
BLCK NEW BAROQUE CANDLESTICK CANDLE,180,12.0,6.666666666666667
BLING KEY RING STAND,19,0.0,0.0
BLOKEY SILVER TOOL SET,36,0.0,0.0
BLOND DOLL DOORSTOP,328,0.0,0.0
BLOSSOM  IMAGES NOTEBOOK SET,718,24.0,3.3426183844011144
BLOSSOM IMAGES GIFT WRAP SET,982,0.0,0.0
BLOSSOM IMAGES SCRAP BOOK SET,496,0.0,0.0
BLUE  DIAMANTE PEN IN GIFT BOX,447,36.0,8.053691275167784
BLUE  SPOTTY  COFFEE MUG,241,1.0,0.4149377593360996
BLUE  SPOTTY CUP,3390,1.0,0.029498525073746312
BLUE  SPOTTY EGG CUP ,994,12.0,1.2072434607645874
BLUE  SPOTTY PLATE ,2404,6.0,0.24958402662229617
BLUE  SPOTTY PUDDING BOWL,2679,3.0,0.11198208286674133
BLUE  TILE HOOK,212,18.0,8.49056603773585
BLUE  VOILE LAMPSHADE,98,48.0,48.97959183673469
BLUE & WHITE BREAKFAST TRAY,128,0.0,0.0
BLUE 3 PIECE MINI DOTS CUTLERY SET,3973,80.0,2.0135917442738482
BLUE 3 PIECE POLKADOT CUTLERY SET,2331,6.0,0.2574002574002574
BLUE 5 PATCH FLOWER CUSHION COVER,435,0.0,0.0
BLUE BABY BOY'S MEMORY BOX,5,2.0,40.0
BLUE BABY BOY'S PHOTO ALBUM,2,0.0,0.0
BLUE BAROQUE FLOCK CANDLE HOLDER,3,0.0,0.0
BLUE BEADS+HAND PHONE CHARM,2,0.0,0.0
BLUE BERTIE MOBILE PHONE CHARM,3,0.0,0.0
BLUE BIRDHOUSE DECORATION,928,0.0,0.0
BLUE BLOSSOM HAIR CLIP,109,10.0,9.174311926605505
BLUE BREAKFAST CUP AND SAUCER ,2010,984.0,48.95522388059702
BLUE BUNNY EASTER EGG BASKET,157,0.0,0.0
BLUE BUTTERFLY ON SPRING,70,0.0,0.0
BLUE CALCULATOR RULER,1217,0.0,0.0
BLUE CAT BISCUIT BARREL PINK HEART,96,0.0,0.0
BLUE CHALET BIRDFEEDER,291,1.0,0.3436426116838488
BLUE CHARLIE+LOLA PERSONAL DOORSIGN,1907,152.0,7.970634504457262
BLUE CHECK BAG W HANDLE 34X20CM,54,1.0,1.8518518518518516
BLUE CHENILLE SHAGGY CUSHION COVER ,71,13.0,18.30985915492958
BLUE CHERRY BLOSSOM CUP & SAUCER,1122,0.0,0.0
BLUE CIRCLES DESIGN MONKEY DOLL,433,10.0,2.3094688221709005
BLUE CIRCLES DESIGN TEDDY,103,1.0,0.9708737864077669
BLUE CLIMBING HYDRANGA ART FLOWER,340,0.0,0.0
BLUE COAT RACK PARIS FASHION,570,5.0,0.8771929824561403
BLUE COL METAL FOLDING CHAIR,8,0.0,0.0
BLUE CRUSOE CHECK LAMPSHADE,18,0.0,0.0
BLUE CRYSTAL BOOT PHONE CHARM,102,27.0,26.47058823529412
BLUE CUSHION COVER WITH FLOWER,283,172.0,60.7773851590106
BLUE DAISY MOBILE,181,0.0,0.0
BLUE DELPHINIUM ARTIFICIAL FLOWER,355,1.0,0.28169014084507044
BLUE DINER WALL CLOCK,1426,31.0,2.1739130434782608
BLUE DISCO HANDBAG,282,0.0,0.0
BLUE DRAGONFLY HELICOPTER,151,2.0,1.3245033112582782
BLUE DRAWER KNOB ACRYLIC EDWARDIAN,2207,13.0,0.5890348889895787
BLUE DROP EARRINGS W BEAD CLUSTER,8,0.0,0.0
BLUE EASTER EGG HUNT START POST,82,5.0,6.097560975609756
BLUE EGG  SPOON,2319,0.0,0.0
BLUE FAIRY CAKE CHILD'S APRON,1051,0.0,0.0
BLUE FAIRY CAKE CHILDRENS APRON,4,0.0,0.0
BLUE FELT EASTER EGG BASKET,1413,12.0,0.8492569002123143
BLUE FELT HANGING HEART W FLOWER,57,0.0,0.0
BLUE FELT HANGING HEART WITH FLOWER,75,0.0,0.0
BLUE FLOCK CUSHION COVER ,24,0.0,0.0
BLUE FLOCK GLASS CANDLEHOLDER,1788,10.0,0.5592841163310962
BLUE FLORIBUNDA EGG WARMER,10,1.0,10.0
BLUE FLOWER DES PURSE,54,0.0,0.0
BLUE FLOWER T-LIGHT HOLDER,240,0.0,0.0
BLUE FLY SWAT,503,1.0,0.19880715705765406
BLUE FLYING SINGING CANARY,366,49.0,13.387978142076504
BLUE GEISHA GIRL ,90,1.0,1.1111111111111112
BLUE GIANT GARDEN THERMOMETER,488,8.0,1.639344262295082
BLUE GINGHAM ROSE CUSHION COVER,121,0.0,0.0
BLUE GINGHAM ROSE FLOOR CUSHION ,29,0.0,0.0
BLUE GINGHAM ROSE QUILT ,72,0.0,0.0
BLUE GLASS CHUNKY CHARM BRACELET,37,0.0,0.0
BLUE GLASS GEMS IN BAG,911,8.0,0.8781558726673985
BLUE GREEN EMBROIDERY COSMETIC BAG,54,0.0,0.0
BLUE HANGING GINGHAM EASTER HEN,83,0.0,0.0
BLUE HAPPY BIRTHDAY BUNTING,4753,188.0,3.9553965916263416
BLUE HARMONICA IN BOX ,12957,120.0,0.9261403102570039
BLUE HEART COMPACT MIRROR,331,14.0,4.229607250755287
BLUE HIBISCUS  HAIR CLIP,7,0.0,0.0
BLUE HOLE PUNCH,81,0.0,0.0
BLUE JUICY FRUIT PHOTO FRAME,355,6.0,1.6901408450704223
BLUE KASHMIRI BOXED MIRROR,33,0.0,0.0
BLUE KASHMIRI COFFEE TABLE ,27,0.0,0.0
BLUE KASHMIRI OCCASIONAL TABLE,24,3.0,12.5
BLUE KNITTED EGG COSY,194,0.0,0.0
BLUE KNITTED HEN ,563,0.0,0.0
BLUE KNITTED KID'S RUCKSACK,13,0.0,0.0
BLUE LEAVES AND BEADS PHONE CHARM,18,0.0,0.0
BLUE METAL WALL SHELF,12,0.0,0.0
BLUE MONTE CARLO HANDBAG,24,2.0,8.333333333333332
BLUE MURANO TWIST BRACELET,107,0.0,0.0
BLUE MURANO TWIST NECKLACE,39,0.0,0.0
BLUE NETTING STORAGE HANGER,15,0.0,0.0
BLUE NEW BAROQUE CANDLESTICK CANDLE,770,70.0,9.090909090909092
BLUE NEW BAROQUE FLOCK CANDLESTICK,62,0.0,0.0
BLUE ORGANDY ROUND LAMPSHADE W BEA,33,0.0,0.0
BLUE OWL DECORATION,96,0.0,0.0
BLUE OWL SOFT TOY,1088,9.0,0.8272058823529412
BLUE PADDED SOFT MOBILE,471,29.0,6.1571125265392785
BLUE PAINTED KASHMIRI CHAIR,18,0.0,0.0
BLUE PAINTED KASHMIRI TABLE ,17,0.0,0.0
BLUE PAISLEY JOURNAL ,812,7.0,0.8620689655172413
BLUE PAISLEY NOTEBOOK,3339,1.0,0.02994908655286014
BLUE PAISLEY POCKET BOOK,5145,0.0,0.0
BLUE PAISLEY SKETCHBOOK,458,4.0,0.8733624454148471
BLUE PAISLEY TISSUE BOX,933,0.0,0.0
BLUE PAPER PARASOL ,1670,1.0,0.059880239520958084
BLUE PARTY BAGS ,3492,206.0,5.899198167239404
BLUE PATCH PENCIL CASE PINK HEART,293,1.0,0.3412969283276451
BLUE PATCH PURSE PINK HEART,441,15.0,3.4013605442176873
BLUE PILLAR CANDLE SILVER FLOCK,78,0.0,0.0
BLUE POLKADOT BEAKER ,2856,10.0,0.350140056022409
BLUE POLKADOT BOWL,3616,21.0,0.5807522123893806
BLUE POLKADOT COFFEE MUG,2137,111.0,5.194197473093121
BLUE POLKADOT CUP,4191,44.0,1.0498687664041995
BLUE POLKADOT EGG CUP ,1163,0.0,0.0
BLUE POLKADOT GARDEN PARASOL,200,5.0,2.5
BLUE POLKADOT KIDS BAG,568,8.0,1.4084507042253522
BLUE POLKADOT LUGGAGE TAG ,280,0.0,0.0
BLUE POLKADOT PASSPORT COVER,321,0.0,0.0
BLUE POLKADOT PLATE ,2641,17.0,0.6436955698599016
BLUE POLKADOT PUDDING BOWL,2565,2496.0,97.30994152046783
BLUE POLKADOT PURSE ,415,330.0,79.51807228915662
BLUE POLKADOT WASHING UP GLOVES,535,2.0,0.3738317757009346
BLUE POLKADOT WRAP,8702,225.0,2.5856125028729027
BLUE PORCELAIN B'FLY OIL BURNER,3,0.0,0.0
BLUE POT PLANT CANDLE ,673,27.0,4.011887072808321
BLUE PUDDING SPOON,1437,0.0,0.0
BLUE PULL BACK RACING CAR,989,0.0,0.0
BLUE REFECTORY CLOCK ,173,0.0,0.0
BLUE RETRO BAR STOOL,69,0.0,0.0
BLUE RETRO KITCHEN WALL CLOCK,36,0.0,0.0
BLUE RIVIERA HANDBAG,326,0.0,0.0
BLUE ROCKING SINGING CANARY,106,12.0,11.320754716981133
BLUE ROSE FABRIC MIRROR,1280,120.0,9.375
BLUE ROSE PATCH PURSE PINK BUTTERFL,249,16.0,6.425702811244979
BLUE ROUND COMPACT MIRROR,160,0.0,0.0
BLUE SAVANNAH PICNIC HAMPER FOR 2,602,0.0,0.0
BLUE SAVANNAH PICNIC HAMPER FOR 4,344,2.0,0.5813953488372093
BLUE SCANDINAVIAN PAISLEY WRAP,3175,0.0,0.0
BLUE SCOTTIE DOG W FLOWER PATTERN,274,3.0,1.094890510948905
BLUE SHARK HELICOPTER,59,1.0,1.694915254237288
BLUE SHELL+SILVER NECKLACE,13,0.0,0.0
BLUE SPOT CERAMIC DRAWER KNOB,8845,72.0,0.8140192198982475
BLUE SPOTS  WRAP,6350,0.0,0.0
BLUE SPOTTY BEAKER ,112,10.0,8.928571428571429
BLUE SPOTTY BOWL,2849,19.0,0.666900666900667
BLUE SPOTTY LUGGAGE TAG ,1236,0.0,0.0
BLUE SPOTTY PASSPORT COVER,316,0.0,0.0
BLUE SPOTTY PURSE ,483,24.0,4.968944099378882
BLUE SQUARE COMPACT MIRROR,371,0.0,0.0
BLUE STAR BLOCK TABLE LAMP,109,0.0,0.0
BLUE STONES ON WIRE FOR CANDLE,743,0.0,0.0
BLUE STRIPE CERAMIC DRAWER KNOB,10578,106.0,1.002079788239743
BLUE STRIPES SHOULDER BAG,11,0.0,0.0
BLUE SWEETHEART BRACELET,206,4.0,1.9417475728155338
BLUE TABLE RUN FLOWER,48,0.0,0.0
BLUE TALL PORCELAIN T-LIGHT HOLDER,7,0.0,0.0
BLUE TEA TOWEL CLASSIC DESIGN,2319,0.0,0.0
BLUE TEATIME PRINT BOWL ,786,0.0,0.0
BLUE TILED SET OF 3 DRAWERS,5,5.0,100.0
BLUE TILED TRAY,281,5.0,1.7793594306049825
BLUE TINSEL GARLAND ,130,0.0,0.0
BLUE TRAVEL FIRST AID KIT,86,0.0,0.0
BLUE TV TRAY TABLE ,227,0.0,0.0
BLUE VICTORIAN FABRIC HEART BOX,765,0.0,0.0
BLUE VICTORIAN FABRIC OVAL BOX,1809,0.0,0.0
BLUE VINTAGE SPOT BEAKER,5048,49.0,0.9706814580031695
BLUE WHITE PLASTIC RINGS LAMPSHADE,15,0.0,0.0
BLUE WHITE SCARF HOT WATER BOTTLE,28,0.0,0.0
BLUE WHITE SPOTS GARDEN PARASOL,276,12.0,4.3478260869565215
BLUE WIRE SPIRAL CANDLE HOLDER,52,1.0,1.9230769230769231
BLUE YELLOW FLOWER PIGGY BANK,489,18.0,3.6809815950920246
BLUE/BROWN DOTS RUFFLED UMBRELLA,547,192.0,35.10054844606947
BLUE/CREAM STRIPE CUSHION COVER ,1260,65.0,5.158730158730158
BLUE/CREAM STRIPE FRINGE HAMMOCK,315,10.0,3.1746031746031744
BLUE/GREEN SHELL NECKLACE W PENDANT,6,0.0,0.0
BLUE/NAT SHELL NECKLACE W PENDANT,7,0.0,0.0
BLUE/PINK NEST STRIPE BOX,1142,567.0,49.64973730297723
BLUE/WHITE RIBBED MELAMINE JUG,10,0.0,0.0
BLUE/YELLOW CERAMIC CANDLE HOLDER,14,0.0,0.0
BLUE/YELLOW FLOWER DESIGN BIG MUG,38,0.0,0.0
BOHEMIAN COLLAGE STATIONERY SET,1103,12.0,1.087941976427924
BOMBS AWAY METAL SIGN,1210,3.0,0.24793388429752067
BOOM BOX SPEAKER BOYS,884,9.0,1.0180995475113122
BOOM BOX SPEAKER GIRLS,608,7.0,1.151315789473684
BOOZE & WOMEN GREETING CARD ,957,2.0,0.20898641588296762
BOTANICAL GARDENS WALL CLOCK ,262,18.0,6.870229007633588
BOTANICAL LAVENDER BIRTHDAY CARD,1125,12.0,1.0666666666666667
BOTANICAL LAVENDER GIFT WRAP ,1150,0.0,0.0
BOTANICAL LILY GIFT WRAP,850,25.0,2.941176470588235
BOTANICAL LILY GREETING CARD,980,0.0,0.0
BOTANICAL ROSE GIFT WRAP,2815,0.0,0.0
BOTANICAL ROSE GREETING CARD,1603,0.0,0.0
BOTTLE BAG RETROSPOT ,3618,60.0,1.658374792703151
BOUDOIR SQUARE TISSUE BOX,2865,79.0,2.757417102966841
BOX OF 24 COCKTAIL PARASOLS,19085,207.0,1.0846214304427562
BOX OF 3 PEBBLE CANDLES,1,1.0,100.0
BOX OF 6 ASSORTED COLOUR TEASPOONS,701,2.0,0.28530670470756064
BOX OF 6 CHRISTMAS CAKE DECORATIONS,1875,17.0,0.9066666666666667
BOX OF 6 MINI 50'S CRACKERS,3720,116.0,3.118279569892473
BOX OF 6 MINI VINTAGE CRACKERS,3809,168.0,4.4106064583880285
BOX OF 6 PEBBLE CANDLES,18,0.0,0.0
BOX OF 9 PEBBLE CANDLES,1777,6.0,0.3376477208778841
BOX OF VINTAGE ALPHABET BLOCKS,2945,61.0,2.071307300509338
BOX OF VINTAGE JIGSAW BLOCKS ,2312,79.0,3.4169550173010386
BOX/12 CHICK & EGG IN BASKET,261,1.0,0.38314176245210724
BOX/12 MOTHER & CHICK IN BASKET/BOW,137,0.0,0.0
BOXED GLASS ASHTRAY,13,0.0,0.0
BOYS ALPHABET IRON ON PATCHES,20775,576.0,2.7725631768953067
BOYS PARTY BAG,77,0.0,0.0
BOYS VINTAGE TIN SEASIDE BUCKET,3709,10.0,0.26961445133459155
BREAD BIN DINER STYLE BLACK,8,8.0,100.0
BREAD BIN DINER STYLE IVORY,1112,49.0,4.406474820143885
BREAD BIN DINER STYLE MINT,390,16.0,4.102564102564102
BREAD BIN DINER STYLE PINK,373,13.0,3.485254691689008
BREAD BIN DINER STYLE RED ,822,28.0,3.40632603406326
"BREAD BIN, DINER STYLE, IVORY",45,0.0,0.0
"BREAD BIN, DINER STYLE, MINT",13,0.0,0.0
"BREAD BIN, DINER STYLE, PINK",8,0.0,0.0
"BREAD BIN, DINER STYLE, RED ",3,0.0,0.0
BRIGHT BLUES RIBBONS ,2332,0.0,0.0
"BROCADE PURSE,SMALL ARCH BUTTON",3280,36.0,1.097560975609756
BROCADE RING PURSE ,70369,740.0,1.0515994258835566
BROCANTE COAT RACK,476,7.0,1.4705882352941175
BROCANTE SHELF WITH HOOKS,174,7.0,4.022988505747127
BROWN  PIRATE TREASURE CHEST ,909,0.0,0.0
BROWN ANTIQUE CUBE CANDLE,226,0.0,0.0
BROWN CHECK CAT DOORSTOP ,1294,2.0,0.1545595054095827
BROWN COZY SQUARE PHOTO ALBUM,212,0.0,0.0
BROWN DOG CANNISTER W BONE,4,0.0,0.0
BROWN FLOWER LIGHTS,120,15.0,12.5
BROWN FURRY HOT WATER BOTTLE,205,0.0,0.0
BROWN KUKUI COCONUT SEED NECKLACE,87,0.0,0.0
BROWN VINTAGE VICTORIAN EARRINGS,16,0.0,0.0
BUBBLE GUM CHUNKY KNITTED THROW ,83,1.0,1.2048192771084338
BUBBLE GUM SCARF KNITTING KIT,316,0.0,0.0
BUBBLEGUM RING ASSORTED,12050,0.0,0.0
BUDDHA INCENSE HOLDER ASSORTED,2180,0.0,0.0
BUFFALO BILL TREASURE BOOK BOX,1922,20.0,1.040582726326743
BUFFALO BILL WALL ART ,248,0.0,0.0
BULL DOG BOTTLE OPENER,874,13.0,1.4874141876430207
BULL DOG BOTTLE TOP WALL CLOCK,201,4.0,1.9900497512437811
BUNDLE OF 3 ALPHABET EXERCISE BOOKS,3516,3.0,0.08532423208191127
BUNDLE OF 3 RETRO EXERCISE BOOKS,60,0.0,0.0
BUNDLE OF 3 RETRO NOTE BOOKS,2141,3.0,0.14012143858010276
BUNDLE OF 3 SCHOOL EXERCISE BOOKS  ,1702,2.0,0.11750881316098707
BUNNY BUNCH OF FLOWERS,14,0.0,0.0
BUNNY DECORATION MAGIC GARDEN,1184,1.0,0.08445945945945946
BUNNY EGG BOX,1045,12.0,1.1483253588516746
BUNNY EGG GARLAND,1400,44.0,3.1428571428571432
BUNNY WOODEN PAINTED WITH BIRD ,1727,35.0,2.026635784597568
BUNNY WOODEN PAINTED WITH FLOWER ,1007,52.0,5.163853028798411
"BUNTING , SPOTTY ",146,0.0,0.0
BURG FLOCK GOLD CUP/CANDLE ,117,0.0,0.0
BUTTERFLIES  HONEYCOMB GARLAND,1539,49.0,3.1838856400259905
BUTTERFLIES STICKERS,1782,12.0,0.6734006734006733
BUTTERFLY CROCHET FOOD COVER,669,2.0,0.29895366218236175
BUTTERFLY CUSHION COVER,8,0.0,0.0
BUTTERFLY HAIR BAND,50,12.0,24.0
BUTTERFLY WATER TRANSFER TATTOOS ,284,0.0,0.0
BUTTON BOX ,3031,44.0,1.4516661167931375
BUTTONS AND STRIPES NOTEBOOK ,97,0.0,0.0
BUTTONS DESIGN JEWELLERY BOX,75,10.0,13.333333333333334
Bank Charges,32,72.0,225.0
CABIN BAG VINTAGE PAISLEY,141,22.0,15.602836879432624
CABIN BAG VINTAGE RETROSPOT,366,12.0,3.278688524590164
CACTI T-LIGHT CANDLES,15566,629.0,4.04085828086856
CAKE PLATE LOVEBIRD PINK,726,1.0,0.13774104683195593
CAKE PLATE LOVEBIRD WHITE,1489,5.0,0.33579583613163194
CAKE SHOP  STICKER SHEET,1068,12.0,1.1235955056179776
CAKE STAND 3 TIER MAGIC GARDEN,1127,95.0,8.429458740017747
CAKE STAND LACE WHITE,1232,65.0,5.275974025974025
CAKE STAND LOVEBIRD 2 TIER PINK,905,12.0,1.3259668508287292
CAKE STAND LOVEBIRD 2 TIER WHITE,745,51.0,6.845637583892618
CAKE STAND VICTORIAN FILIGREE LARGE,389,18.0,4.627249357326478
CAKE STAND VICTORIAN FILIGREE MED,586,9.0,1.5358361774744027
CAKE STAND VICTORIAN FILIGREE SMALL,561,4.0,0.7130124777183601
CAKE STAND WHITE TWO TIER LACE,1085,62.0,5.714285714285714
"CAKE TIN, 3 TIER MINT/IVORY",13,0.0,0.0
"CAKE TIN, 3 TIER RED/IVORY",28,0.0,0.0
"CAKE TIN, ROUND, VINTAGE MINT,IVORY",27,0.0,0.0
"CAKE TIN, ROUND, VINTAGE RED,CREAM",59,0.0,0.0
CAKES AND BOWS GIFT  TAPE,1448,0.0,0.0
CAKES AND RABBITS DESIGN FLANNEL ,591,0.0,0.0
"CAKESTAND, 3 TIER, LOVEHEART",46,0.0,0.0
CALENDAR FAMILY FAVORITES,20,0.0,0.0
CALENDAR FAMILY FAVOURITES,725,320.0,44.13793103448276
CALENDAR IN SEASON DESIGN,1077,0.0,0.0
CALENDAR PAPER CUT DESIGN,3467,322.0,9.287568503028556
CAMOFLAGE CUSHION COVER,11,0.0,0.0
CAMOFLAGE DESIGN TEDDY,1586,8.0,0.5044136191677175
CAMOUFLAGE BACKPACK ON WHEELS,3,2.0,66.66666666666666
CAMOUFLAGE DESIGN TEDDY,2223,2.0,0.0899685110211426
CAMOUFLAGE DOG COLLAR,2,0.0,0.0
CAMOUFLAGE EAR MUFF HEADPHONES,155,7.0,4.516129032258064
CAMOUFLAGE LED TORCH,6239,190.0,3.0453598333066196
CAMOUFLAGUE DOG LEAD,1,0.0,0.0
CAMPHOR WOOD PORTOBELLO MUSHROOM,571,0.0,0.0
CANDLE HOLDER SILVER MADELINE,196,0.0,0.0
"CANDLE IN JAR COLLAGE , VANILLA",82,31.0,37.80487804878049
CANDLE PLATE LACE WHITE,549,0.0,0.0
CANDLE RING W/CLEAR BEADS,13,0.0,0.0
CANDLEHOLDER PINK HANGING HEART,4381,340.0,7.760785208856426
CANDY BUTTON PHOTO ALBUM,302,0.0,0.0
CANDY HEART HANGING DECORATION,1545,4.0,0.2588996763754045
CANDY PINK FRENCH BOUDOIR CLOCK,90,0.0,0.0
CANDY POP CHUNKY KNITTED THROW ,101,0.0,0.0
CANDY SHOP  STICKER SHEET,1090,2.0,0.1834862385321101
CANDY SPOT APRON,106,8.0,7.547169811320755
CANDY SPOT BREAD BASKETS,343,17.0,4.956268221574344
CANDY SPOT BUNNY,99,0.0,0.0
CANDY SPOT CUSHION COVER,420,2.0,0.4761904761904762
CANDY SPOT EGG WARMER HARE,1361,3.0,0.2204261572373255
CANDY SPOT EGG WARMER RABBIT,760,1.0,0.13157894736842105
CANDY SPOT HAND BAG,347,4.0,1.1527377521613833
CANDY SPOT HEART DECORATION,587,0.0,0.0
CANDY SPOT TEA COSY,391,24.0,6.138107416879795
CANDY STRIPE ROSE C/COVER ,50,8.0,16.0
CANDY STRIPE ROSE FLOOR CUSHION,15,0.0,0.0
CANDY STRIPE ROSE QUILT,1,0.0,0.0
CANNABIS LEAF BEAD CURTAIN,48,0.0,0.0
CANNISTER VINTAGE LEAF DESIGN,12,0.0,0.0
CAPIZ CHANDELIER,6,1.0,16.666666666666664
CARAVAN SQUARE TISSUE BOX,2123,24.0,1.1304757418747056
CARD BILLBOARD FONT,5395,181.0,3.3549582947173304
CARD BIRTHDAY COWBOY,5277,108.0,2.046617396247868
CARD CAT AND TREE ,2605,36.0,1.381957773512476
CARD CHRISTMAS VILLAGE,6290,144.0,2.289348171701113
CARD CIRCUS PARADE,5218,12.0,0.22997316979685703
CARD DOG AND BALL ,2405,12.0,0.498960498960499
CARD DOLLY GIRL ,7295,37.0,0.5071967100753941
CARD GINGHAM ROSE ,2753,0.0,0.0
CARD HOLDER GINGHAM HEART,2747,195.0,7.098653076083
CARD HOLDER LOVE BIRD LARGE ,232,12.0,5.172413793103448
CARD HOLDER LOVE BIRD SMALL,332,4.0,1.2048192771084338
CARD I LOVE LONDON ,6084,20.0,0.3287310979618672
CARD MOTORBIKE SANTA,6856,48.0,0.7001166861143524
CARD PARTY GAMES ,2728,0.0,0.0
CARD PSYCHEDELIC APPLES,3433,0.0,0.0
CARD SUKI BIRTHDAY,3392,0.0,0.0
CARD WEDDING DAY,2717,0.0,0.0
"CARD, BILLBOARD FONT",1300,0.0,0.0
"CARD, GINGHAM ROSE ",596,0.0,0.0
CARDHOLDER GINGHAM CHRISTMAS TREE,1347,82.0,6.087602078693393
CARDHOLDER GINGHAM HEART,102,0.0,0.0
CARDHOLDER GINGHAM STAR,1317,18.0,1.366742596810934
CARDHOLDER HOLLY WREATH METAL,1980,2.0,0.10101010101010101
CARNATION SQUARE HANDY TIN,42,3.0,7.142857142857142
CARNIVAL BRACELET,204,5.0,2.450980392156863
CAROUSEL CHILDRENS APRON,29,0.0,0.0
CAROUSEL CHILDRENS OVERALL,74,0.0,0.0
CAROUSEL DES CHILD'S APRON,134,7.0,5.223880597014925
CAROUSEL DES CHILD'S OVERALL,257,0.0,0.0
CAROUSEL DESIGN BABY BIB,165,0.0,0.0
CAROUSEL DESIGN WASHBAG,345,23.0,6.666666666666667
CAROUSEL PLACEMATS ,4,0.0,0.0
CAROUSEL PONIES BABY BIB,139,0.0,0.0
CARRIAGE,268,7.0,2.6119402985074625
CARROT CHARLIE+LOLA COASTER SET,867,1.0,0.11534025374855825
CARTOON  PENCIL SHARPENERS,4629,0.0,0.0
CAST IRON HOOK GARDEN FORK,1523,0.0,0.0
CAST IRON HOOK GARDEN TROWEL,1378,0.0,0.0
CAT AND BIRD WALL ART,270,0.0,0.0
CAT BOWL ,946,1.0,0.10570824524312897
CAT BOWL VINTAGE CREAM,581,6.0,1.0327022375215147
"CAT BOWL, ENAMEL , CREAM COLOUR",12,0.0,0.0
CAT CAMOUFLAGUE COLLAR,4,0.0,0.0
"CAT FOOD CONTAINER , VINTAGE",10,0.0,0.0
CAT W SUNGLASSES BLANK CARD,4,0.0,0.0
CAT WITH SUNGLASSES BLANK CARD,5,0.0,0.0
CD WALL TIDY BLUE OFFICE,225,1.0,0.4444444444444444
CD WALL TIDY RED FLOWERS,294,0.0,0.0
CERAMIC BIRDHOUSE BLACK ROSE  LARGE,165,3.0,1.8181818181818181
CERAMIC BIRDHOUSE BUTTERFLY LARGE,169,0.0,0.0
CERAMIC BIRDHOUSE BUTTERFLY SMALL,697,2.0,0.2869440459110474
CERAMIC BIRDHOUSE CRESTED TIT LARGE,295,1.0,0.3389830508474576
CERAMIC BIRDHOUSE CRESTED TIT SMALL,719,2.0,0.27816411682892905
CERAMIC BIRDHOUSE FINCH BLUE  LARGE,90,1.0,1.1111111111111112
CERAMIC BIRDHOUSE FINCH BLUE ROOF,682,15.0,2.1994134897360706
CERAMIC BIRDHOUSE RED ROOF LARGE,167,3.0,1.7964071856287425
CERAMIC BIRDHOUSE RED ROOF SMALL,547,7.0,1.2797074954296161
CERAMIC BOWL WITH LOVE HEART DESIGN,761,7.0,0.9198423127463863
CERAMIC BOWL WITH STRAWBERRY DESIGN,2303,16.0,0.6947459834997829
CERAMIC CAKE BOWL + HANGING CAKES,2444,72.0,2.9459901800327333
CERAMIC CAKE DESIGN SPOTTED MUG,4549,66.0,1.4508683227082875
CERAMIC CAKE DESIGN SPOTTED PLATE,2891,76.0,2.6288481494292633
CERAMIC CAKE STAND + HANGING CAKES,2382,255.0,10.70528967254408
CERAMIC CAKE TEAPOT WITH CHERRY,1,2.0,200.0
CERAMIC CHERRY CAKE MONEY BANK,4857,107.0,2.203005970763846
CERAMIC HEART CAKE MONEY BANK,120,0.0,0.0
CERAMIC HEART FAIRY CAKE MONEY BANK,5440,87.0,1.5992647058823528
CERAMIC LOVE HEART MONEY BANK,1058,24.0,2.2684310018903595
CERAMIC LOVE HEARTS DESIGN MUG,520,8.0,1.5384615384615385
CERAMIC PIRATE CHEST MONEY BANK,1786,37.0,2.0716685330347144
CERAMIC PLATE LOVE HEART DESIGN,607,1.0,0.16474464579901155
CERAMIC PLATE STRAWBERRY DESIGN,3060,82.0,2.679738562091503
CERAMIC STRAWBERRY CAKE MONEY BANK,8913,109.0,1.2229327947941209
CERAMIC STRAWBERRY DESIGN MUG,2593,30.0,1.1569610489780178
CERAMIC STRAWBERRY MONEY BOX,1607,4.0,0.24891101431238333
CERAMIC STRAWBERRY TRINKET TRAY,425,1.0,0.2352941176470588
CERAMIC STRWBERRY DESIGN MUG,2347,35.0,1.4912654452492544
CERISE+GOLD CHRISTMAS STOCKING DEC,188,0.0,0.0
CERISE+GOLD CHRISTMAS TREE DEC,36,0.0,0.0
CHALKBOARD KITCHEN ORGANISER,174,17.0,9.770114942528735
CHAMBRE HOOK,132,0.0,0.0
CHAMPAGNE TRAY BLANK CARD,10,0.0,0.0
CHARLIE & LOLA WASTEPAPER BIN BLUE,1512,9.0,0.5952380952380952
CHARLIE & LOLA WASTEPAPER BIN FLORA,1725,35.0,2.0289855072463765
CHARLIE + LOLA BISCUITS TINS,1358,5.0,0.3681885125184094
CHARLIE + LOLA RED HOT WATER BOTTLE,3285,78.0,2.374429223744292
CHARLIE AND LOLA CHARLOTTE BAG,2540,4.0,0.15748031496062992
CHARLIE AND LOLA FIGURES TINS,2066,12.0,0.5808325266214909
CHARLIE AND LOLA TABLE TINS,929,2.0,0.2152852529601722
CHARLIE LOLA BLUE HOT WATER BOTTLE ,840,26.0,3.0952380952380953
CHARLIE+LOLA MY ROOM DOOR SIGN,884,0.0,0.0
CHARLIE+LOLA PINK HOT WATER BOTTLE,3234,38.0,1.1750154607297465
CHARLIE+LOLA RED HOT WATER BOTTLE ,1099,27.0,2.4567788898999092
"CHARLIE+LOLA""EXTREMELY BUSY"" SIGN",1285,0.0,0.0
"CHARLOTTE BAG , PINK/WHITE SPOTS",4453,307.0,6.894228609925893
"CHARLOTTE BAG , SUKI DESIGN",4406,9.0,0.20426690876078077
CHARLOTTE BAG ALPHABET  DESIGN,400,0.0,0.0
CHARLOTTE BAG APPLES DESIGN,7976,186.0,2.331995987963892
CHARLOTTE BAG DOLLY GIRL DESIGN,8199,16.0,0.1951457494816441
CHARLOTTE BAG PINK POLKADOT,11219,268.0,2.3888047063018094
CHARLOTTE BAG PINK WITH WHITE SPOTS,4343,7.0,0.16117890858853326
CHARLOTTE BAG SUKI DESIGN,27550,176.0,0.6388384754990926
CHARLOTTE BAG VINTAGE ALPHABET ,5457,191.0,3.500091625435221
CHERRY BLOSSOM  DECORATIVE FLASK,832,41.0,4.927884615384615
CHERRY BLOSSOM BATHROOM CABINET,193,5.0,2.5906735751295336
CHERRY BLOSSOM CANVAS ART PICTURE,54,6.0,11.11111111111111
CHERRY BLOSSOM DECORATIVE FLASK,808,17.0,2.103960396039604
CHERRY BLOSSOM LUGGAGE TAG,2004,0.0,0.0
CHERRY BLOSSOM PASSPORT COVER,283,0.0,0.0
CHERRY BLOSSOM PHOTO FRAME ,22,0.0,0.0
CHERRY BLOSSOM PURSE,40,0.0,0.0
CHERRY BLOSSOM TABLE CLOCK ,219,1.0,0.45662100456621
CHERRY CROCHET FOOD COVER,1025,5.0,0.4878048780487805
CHERRY DESIGN PAPERLANTERNS,1092,12.0,1.098901098901099
CHERUB HEART DECORATION GOLD,738,14.0,1.8970189701897018
CHERUB HEART DECORATION SILVER ,1355,84.0,6.199261992619927
CHEST 7 DRAWER MA CAMPAGNE,48,3.0,6.25
CHEST NATURAL WOOD 20 DRAWERS,32,0.0,0.0
CHEST OF DRAWERS GINGHAM HEART ,242,25.0,10.330578512396695
CHICK GREY HOT WATER BOTTLE,4584,51.0,1.112565445026178
CHILDREN'S APRON DOLLY GIRL ,2666,7.0,0.2625656414103526
CHILDREN'S CIRCUS PARADE MUG,1325,24.0,1.8113207547169812
CHILDREN'S SPACEBOY MUG,1810,34.0,1.8784530386740332
CHILDRENS APRON APPLE DESIGN,291,0.0,0.0
CHILDRENS APRON APPLES DESIGN,2877,1.0,0.03475842891901286
CHILDRENS APRON DOLLY GIRL ,107,0.0,0.0
CHILDRENS APRON SPACEBOY DESIGN,5734,51.0,0.88943146145797
CHILDRENS CIRCUS PARADE MUG,36,0.0,0.0
CHILDRENS CUTLERY CIRCUS PARADE,1014,9.0,0.8875739644970414
CHILDRENS CUTLERY DOLLY GIRL ,1667,20.0,1.199760047990402
CHILDRENS CUTLERY POLKADOT BLUE,2847,6.0,0.21074815595363539
CHILDRENS CUTLERY POLKADOT GREEN ,1829,13.0,0.7107709130672498
CHILDRENS CUTLERY POLKADOT PINK,3951,4.0,0.10124019235636549
CHILDRENS CUTLERY RETROSPOT RED ,2907,6.0,0.20639834881320948
CHILDRENS CUTLERY SPACEBOY ,2077,88.0,4.236880115551276
CHILDRENS DOLLY GIRL MUG,1636,20.0,1.2224938875305624
CHILDRENS GARDEN GLOVES BLUE,1925,14.0,0.7272727272727273
CHILDRENS GARDEN GLOVES PINK,1946,15.0,0.7708119218910586
CHILDRENS SPACEBOY MUG,72,0.0,0.0
CHILDRENS TOY COOKING UTENSIL SET,746,23.0,3.0831099195710454
CHILDS APRON SPACEBOY DESIGN,2325,0.0,0.0
CHILDS BREAKFAST SET CIRCUS PARADE,1618,45.0,2.781211372064277
CHILDS BREAKFAST SET DOLLY GIRL ,1660,124.0,7.46987951807229
CHILDS BREAKFAST SET SPACEBOY ,1688,94.0,5.568720379146919
CHILDS GARDEN BRUSH BLUE,1398,0.0,0.0
CHILDS GARDEN BRUSH PINK,1425,14.0,0.9824561403508772
CHILDS GARDEN FORK BLUE ,2239,15.0,0.6699419383653417
CHILDS GARDEN FORK PINK,2183,15.0,0.6871278057718736
CHILDS GARDEN RAKE BLUE,839,3.0,0.3575685339690107
CHILDS GARDEN RAKE PINK,806,0.0,0.0
CHILDS GARDEN SPADE BLUE,1082,2.0,0.18484288354898337
CHILDS GARDEN SPADE PINK,1046,4.0,0.3824091778202677
CHILDS GARDEN TROWEL BLUE ,2294,2.0,0.08718395815170009
CHILDS GARDEN TROWEL PINK,2288,2.0,0.08741258741258741
CHILLI LIGHTS,15841,145.0,0.9153462533930938
CHINESE DRAGON PAPER LANTERNS,15435,0.0,0.0
CHOC TRUFFLE GOLD TRINKET POT ,1855,20.0,1.078167115902965
CHOCOLATE 1 WICK MORRIS BOX CANDLE,600,6.0,1.0
CHOCOLATE 3 WICK MORRIS BOX CANDLE,992,0.0,0.0
CHOCOLATE BOX RIBBONS ,3944,45.0,1.140973630831643
CHOCOLATE CALCULATOR,3338,42.0,1.2582384661473938
CHOCOLATE HOT WATER BOTTLE,11065,156.0,1.4098508811568007
CHOCOLATE ICE CREAM CANDLE,2,0.0,0.0
CHOCOLATE THIS WAY METAL SIGN,9678,32.0,0.3306468278569953
CHRISTMAS CARD SCREEN PRINT ,2197,12.0,0.5461993627674101
CHRISTMAS CARD SINGING ANGEL,1738,24.0,1.380897583429229
CHRISTMAS CARD STACK OF PRESENTS,1940,13.0,0.6701030927835051
CHRISTMAS CRAFT HEART DECORATIONS,446,12.0,2.690582959641256
CHRISTMAS CRAFT HEART STOCKING ,1306,6.0,0.45941807044410415
CHRISTMAS CRAFT LITTLE FRIENDS,5134,47.0,0.9154655239579276
CHRISTMAS CRAFT TREE TOP ANGEL,3663,16.0,0.43680043680043684
CHRISTMAS CRAFT WHITE FAIRY ,4300,18.0,0.4186046511627907
CHRISTMAS DECOUPAGE CANDLE,2394,36.0,1.5037593984962405
"CHRISTMAS GARLAND STARS,TREES",1001,46.0,4.595404595404595
CHRISTMAS GINGHAM HEART,6396,144.0,2.25140712945591
CHRISTMAS GINGHAM STAR,5420,144.0,2.6568265682656826
CHRISTMAS GINGHAM TREE,4791,1.0,0.02087246921310791
CHRISTMAS HANGING HEART WITH BELL,1721,0.0,0.0
CHRISTMAS HANGING SNOWFLAKE,490,0.0,0.0
CHRISTMAS HANGING STAR WITH BELL,6959,59.0,0.8478229630694065
CHRISTMAS HANGING TREE WITH BELL,3015,0.0,0.0
CHRISTMAS LIGHTS 10 REINDEER,2615,74.0,2.829827915869981
CHRISTMAS LIGHTS 10 SANTAS ,1221,77.0,6.306306306306306
CHRISTMAS LIGHTS 10 VINTAGE BAUBLES,2381,39.0,1.637967240655187
CHRISTMAS METAL POSTCARD WITH BELLS,4870,301.0,6.180698151950718
CHRISTMAS METAL TAGS ASSORTED ,7641,270.0,3.53356890459364
CHRISTMAS MUSICAL ZINC HEART ,1850,0.0,0.0
CHRISTMAS MUSICAL ZINC STAR,3119,24.0,0.7694773966014749
CHRISTMAS MUSICAL ZINC TREE,1790,6.0,0.33519553072625696
CHRISTMAS PUDDING TRINKET POT ,8640,45.0,0.5208333333333333
CHRISTMAS RETROSPOT ANGEL WOOD,5250,4.0,0.0761904761904762
CHRISTMAS RETROSPOT HEART WOOD,4307,12.0,0.2786162061759926
CHRISTMAS RETROSPOT STAR WOOD,4860,28.0,0.5761316872427984
CHRISTMAS RETROSPOT TREE WOOD,4143,13.0,0.313782283369539
CHRISTMAS STAR WISH LIST CHALKBOARD,6331,29.0,0.45806349707787075
CHRISTMAS TABLE CANDLE SILVER SPIKE,16,0.0,0.0
CHRISTMAS TABLE SILVER CANDLE SPIKE,1715,0.0,0.0
CHRISTMAS TOILET ROLL,8537,219.0,2.5653039709499827
CHRISTMAS TREE DECORATION WITH BELL,3398,36.0,1.0594467333725721
CHRISTMAS TREE HANGING GOLD,799,24.0,3.0037546933667083
CHRISTMAS TREE HANGING SILVER ,801,12.0,1.4981273408239701
CHRISTMAS TREE HEART DECORATION,4377,1.0,0.02284669865204478
CHRISTMAS TREE PAINTED ZINC ,3521,130.0,3.6921329167850043
CHRISTMAS TREE STAR DECORATION,4463,0.0,0.0
CHRISTMAS TREE T-LIGHT HOLDER,422,1.0,0.23696682464454977
CHRYSANTHEMUM  JOURNAL,606,6.0,0.9900990099009901
CHRYSANTHEMUM NOTEBOOK,3660,3.0,0.08196721311475409
CHRYSANTHEMUM POCKET BOOK ,5777,0.0,0.0
CHRYSANTHEMUM SKETCHBOOK ,442,5.0,1.1312217194570136
CHUNKY CRACKED GLAZE NECKLACE IVORY,19,0.0,0.0
CHUNKY SILVER NECKLACE PASTEL FLOWE,93,4.0,4.301075268817205
CINAMMON & ORANGE WREATH,1099,25.0,2.2747952684258417
CINAMMON SET OF 9 T-LIGHTS,2058,11.0,0.5344995140913509
CINDERELLA CHANDELIER ,221,71.0,32.126696832579185
CINNAMON SCENTED VOTIVE CANDLE,2120,0.0,0.0
CIRCLE OF FRIENDS CANDLE HOLDER,353,0.0,0.0
CIRCUS PARADE BABY GIFT SET,315,3.0,0.9523809523809524
CIRCUS PARADE CHILDRENS EGG CUP ,1127,13.0,1.1535048802129548
CIRCUS PARADE LUNCH BOX ,6271,35.0,0.5581247010046244
CIRCUS PARADE LUNCHBOX ,1,1.0,100.0
CITRONELLA CANDLE FLOWERPOT,2733,128.0,4.683497987559458
CITRONELLA CANDLE GARDEN POT,4283,70.0,1.6343684333411161
CITRUS GARLAND FELT FLOWERS ,185,0.0,0.0
CLAM SHELL LARGE,751,0.0,0.0
CLAM SHELL SMALL ,348,0.0,0.0
CLASSIC BICYCLE CLIPS ,1640,0.0,0.0
CLASSIC CAFE SUGAR DISPENSER,3075,54.0,1.75609756097561
CLASSIC CHROME BICYCLE BELL ,2498,12.0,0.4803843074459567
CLASSIC CROME BICYCLE BELL ,60,0.0,0.0
CLASSIC DIAMANTE EARRINGS JET,19,6.0,31.57894736842105
CLASSIC DIAMANTE NECKLACE JET,10,1.0,10.0
CLASSIC FRENCH STYLE BASKET BROWN,353,0.0,0.0
CLASSIC FRENCH STYLE BASKET GREEN ,494,13.0,2.631578947368421
CLASSIC FRENCH STYLE BASKET NATURAL,713,13.0,1.8232819074333801
CLASSIC GLASS COOKIE JAR,1437,93.0,6.471816283924843
CLASSIC GLASS SWEET JAR,119,0.0,0.0
CLASSIC METAL BIRDCAGE PLANT HOLDER,1758,62.0,3.526734926052332
CLASSIC SUGAR DISPENSER,216,0.0,0.0
CLASSIC WHITE FRAME,1057,18.0,1.7029328287606436
CLASSICAL ROSE CANDLESTAND,537,1.0,0.186219739292365
CLASSICAL ROSE DISH,295,6.0,2.0338983050847457
CLASSICAL ROSE SMALL VASE,565,10.0,1.7699115044247788
CLASSICAL ROSE TABLE LAMP,14,1.0,7.142857142857142
CLASSICAL ROSE URN,94,2.0,2.127659574468085
CLEAR ACRYLIC FACETED BANGLE,102,0.0,0.0
CLEAR COLOUR GLASS GEMS IN BAG,1125,0.0,0.0
CLEAR CRYSTAL STAR PHONE CHARM,209,27.0,12.918660287081341
CLEAR DRAWER KNOB ACRYLIC EDWARDIAN,7465,30.0,0.4018754186202277
CLEAR LOVE BIRD T-LIGHT HOLDER,148,0.0,0.0
CLEAR MILKSHAKE GLASS,551,76.0,13.793103448275861
CLEAR STATIONERY BOX SET ,160,0.0,0.0
CLOCK MAGNET MUM'S KITCHEN,324,0.0,0.0
CLOTHES PEGS RETROSPOT PACK 24 ,13809,91.0,0.6589905134332681
COCKLE SHELL DISH,502,25.0,4.9800796812749
COCKTAIL SWORDS 50 PIECES,935,6.0,0.6417112299465241
COFFEE MUG APPLES DESIGN,5439,139.0,2.555616841331127
COFFEE MUG BLUE PAISLEY DESIGN,2380,18.0,0.7563025210084033
COFFEE MUG CAT + BIRD DESIGN,5009,76.0,1.5172689159512875
COFFEE MUG DOG + BALL DESIGN,4116,63.0,1.530612244897959
COFFEE MUG PEARS  DESIGN,4926,37.0,0.7511165245635404
COFFEE MUG PINK PAISLEY DESIGN,2267,11.0,0.4852227613586237
COFFEE SCENT PILLAR CANDLE,586,0.0,0.0
COGNAC AUX OEUFS METAL 1 HOOK,31,0.0,0.0
COLOUR GLASS T-LIGHT HOLDER HANGING,40439,729.0,1.802715200672618
COLOUR GLASS. STAR T-LIGHT HOLDER,14077,2520.0,17.901541521631028
COLOURED GLASS STAR T-LIGHT HOLDER,1012,54.0,5.33596837944664
COLOURFUL FISHING GNOME,297,1.0,0.33670033670033667
COLOURFUL FLOWER FRUIT BOWL,21,0.0,0.0
COLOURFUL STANDING GNOME,721,1.0,0.13869625520110956
COLOURING PENCILS BROWN TUBE,8688,41.0,0.47191528545119704
COLUMBIAN  CUBE CANDLE ,339,0.0,0.0
COLUMBIAN CANDLE RECTANGLE,857,16.0,1.8669778296382729
COLUMBIAN CANDLE ROUND,1467,0.0,0.0
COLUMBIAN CANDLE ROUND ,440,1.0,0.22727272727272727
COLUMBIAN CUBE CANDLE,549,0.0,0.0
CONCH SHELL,1259,0.0,0.0
CONDIMENT TRAY 4 BOWLS AND 4 SPOONS,209,0.0,0.0
CONGRATULATIONS BUNTING,183,11.0,6.0109289617486334
COOK WITH WINE METAL SIGN ,19932,558.0,2.79951836243227
COOKING SET RETROSPOT,718,131.0,18.245125348189415
COPPER AND BRASS BAG CHARM,10,0.0,0.0
COPPER/OLIVE GREEN FLOWER NECKLACE,51,0.0,0.0
CORDIAL GLASS JUG,34,7.0,20.588235294117645
CORDIAL JUG,6,0.0,0.0
CORONA MEXICAN TRAY,1615,18.0,1.1145510835913313
COSMETIC BAG VINTAGE ROSE PAISLEY,1400,2.0,0.14285714285714285
COSY HOUR CIGAR BOX MATCHES ,3978,54.0,1.3574660633484164
COSY HOUR GIANT TUBE MATCHES,2071,6.0,0.28971511347175277
COSY SLIPPER SHOES LARGE GREEN,701,1.0,0.14265335235378032
COSY SLIPPER SHOES LARGE RED,201,0.0,0.0
COSY SLIPPER SHOES SMALL  RED ,422,5.0,1.1848341232227488
COSY SLIPPER SHOES SMALL GREEN,494,1.0,0.20242914979757085
COTE D'AZURE NECKLACE,38,0.0,0.0
COTTON APRON PANTRY DESIGN,633,126.0,19.90521327014218
COUNTRY COTTAGE  DOORSTOP GREEN,312,1.0,0.3205128205128205
COW  SOCK PUPPET,58,0.0,0.0
COWBOYS AND INDIANS BIRTHDAY CARD ,8696,24.0,0.27598896044158233
CRACKED GLAZE EARRINGS BROWN,10,0.0,0.0
CRACKED GLAZE EARRINGS IVORY,10,0.0,0.0
CRACKED GLAZE EARRINGS RED,17,0.0,0.0
CRACKED GLAZE NECKLACE BROWN,7,0.0,0.0
CRACKED GLAZE NECKLACE IVORY,10,2.0,20.0
CRACKED GLAZE NECKLACE RED,15,0.0,0.0
CRAZY DAISY HEART DECORATION,1613,7.0,0.4339739615623063
CREAM AND PINK FLOWERS PONY ,27,0.0,0.0
CREAM BUNNY EASTER EGG BASKET,25,0.0,0.0
CREAM C/COVER W YELLOW/GREEN FLOWER,10,0.0,0.0
CREAM CLIMBING HYDRANGA ART FLOWER,147,0.0,0.0
CREAM CUPID HEARTS COAT HANGER,7133,218.0,3.05621758026076
CREAM CUSHION COVER WITH FLOWERS,198,2.0,1.0101010101010102
CREAM DELPHINIUM ARTIFICIAL FLOWER,218,0.0,0.0
CREAM FELT EASTER EGG BASKET,2327,10.0,0.4297378599054577
CREAM HANGING HEART T-LIGHT HOLDER,61,0.0,0.0
CREAM HEART CARD HOLDER,16186,43.0,0.2656616829358705
CREAM KNITTED HEN,288,0.0,0.0
CREAM SLICE FLANNEL CHOCOLATE SPOT ,790,0.0,0.0
CREAM SLICE FLANNEL PINK SPOT ,2302,0.0,0.0
CREAM SWEETHEART DOUBLE SHELF,3,6.0,200.0
CREAM SWEETHEART EGG HOLDER,1160,6.0,0.5172413793103449
CREAM SWEETHEART LETTER RACK,1595,4.0,0.25078369905956116
CREAM SWEETHEART MAGAZINE RACK,308,66.0,21.428571428571427
CREAM SWEETHEART MINI CHEST,3091,106.0,3.429310902620511
CREAM SWEETHEART SHELF + HOOKS,960,4.0,0.4166666666666667
CREAM SWEETHEART TRAYS,620,36.0,5.806451612903226
CREAM SWEETHEART WALL CABINET,496,11.0,2.217741935483871
CREAM WALL PLANTER HEART SHAPED,581,2.0,0.34423407917383825
CROCHET BEAR RED/BLUE  KEYRING,48,0.0,0.0
CROCHET BEAR WITH BLUE STRIPES,109,0.0,0.0
CROCHET DOG KEYRING,39,0.0,0.0
CROCHET LILAC/RED BEAR KEYRING,15,0.0,0.0
CROCHET POODLE KEYRING,21,0.0,0.0
CROCHET ROSE DES CLOTHES HANGER,25,0.0,0.0
CROCHET ROSE PURSE WITH SUEDE BACK,173,0.0,0.0
CROCHET WHITE RABBIT KEYRING ,75,0.0,0.0
CROSS STITCH ALPHABET CUSHION COVER,244,2.0,0.819672131147541
CRYSTAL CHANDELIER T-LIGHT HOLDER,3,0.0,0.0
CRYSTAL CZECH CROSS PHONE CHARM,52,0.0,0.0
CRYSTAL DIAMANTE EXPANDABLE RING,69,3.0,4.3478260869565215
CRYSTAL DIAMANTE STAR BROOCH,80,0.0,0.0
CRYSTAL DRAGONFLY PHONE CHARM,3,0.0,0.0
CRYSTAL FROG PHONE CHARM,216,0.0,0.0
CRYSTAL HOOP EARRING FLORAL LEAF,57,0.0,0.0
CRYSTAL KEY+LOCK PHONE CHARM,101,25.0,24.752475247524753
CRYSTAL LARGE JEWELLED PHOTO FRAME,22,1.0,4.545454545454546
CRYSTAL PAIR HEART HAIR SLIDES,60,7.0,11.666666666666666
CRYSTAL SEA HORSE PHONE CHARM,311,50.0,16.077170418006432
CRYSTAL SMALL JEWELLED PHOTOFRAME,1,0.0,0.0
CRYSTAL STILETTO PHONE CHARM,311,90.0,28.938906752411576
CRYSTAL STUD EARRINGS ASSORTED COL ,1082,36.0,3.3271719038817005
CRYSTAL STUD EARRINGS CLEAR DISPLAY,576,36.0,6.25
CUBIC MUG BLUE POLKA DOT,1252,0.0,0.0
CUBIC MUG FLOCK BLUE ON BROWN,1253,0.0,0.0
CUBIC MUG FLOCK PINK ON BROWN,170,0.0,0.0
CUBIC MUG PINK POLKA DOT,120,0.0,0.0
CUBIC MUG PINK POLKADOT,549,0.0,0.0
CUBIC MUG TEATIME CAKES,6,0.0,0.0
CUPBOARD 3 DRAWER MA CAMPAGNE,204,18.0,8.823529411764707
CUPCAKE LACE PAPER SET 6,3687,60.0,1.627339300244101
CUPID DESIGN SCENTED CANDLES,694,0.0,0.0
CUPID SCENTED CANDLE IN GLASS,61,3.0,4.918032786885246
CURIO CABINET LINEN AND LACE ,36,1.0,2.7777777777777777
CURIOUS  IMAGES NOTEBOOK SET,423,36.0,8.51063829787234
CURIOUS IMAGES GIFT WRAP SET,886,12.0,1.3544018058690745
CURIOUS IMAGES SCRAP BOOK SET,481,0.0,0.0
CUSHION COVER PINK UNION FLAG,120,0.0,0.0
CUSHION COVER PINK UNION JACK,181,0.0,0.0
CUT GLASS HEXAGON T-LIGHT HOLDER,1190,0.0,0.0
CUT GLASS T-LIGHT HOLDER OCTAGON,1203,0.0,0.0
CUTE BIRD CEATURE SCREEN,28,0.0,0.0
CUTE CATS TAPE,1332,0.0,0.0
CUTE RABBIT CEATURE SCREEN ,15,0.0,0.0
DADDY MOUSE RED GINGHAM BOW TIE,1,0.0,0.0
DAIRY MAID  PUDDING BOWL,1308,2.0,0.1529051987767584
DAIRY MAID  SMALL  MILK JUG,221,7.0,3.167420814479638
DAIRY MAID BUTTER DISH,1209,8.0,0.6617038875103392
DAIRY MAID CERAMIC BUTTER DISH,114,12.0,10.526315789473683
DAIRY MAID CERAMIC TOASTRACK,59,1.0,1.694915254237288
DAIRY MAID LARGE MILK JUG,938,29.0,3.091684434968017
DAIRY MAID STRIPE MUG,2521,64.0,2.5386751289170966
DAIRY MAID SUGAR JAM BOWL,1387,16.0,1.1535688536409516
DAIRY MAID TOASTRACK,900,63.0,7.000000000000001
DAIRY MAID TRADITIONAL TEAPOT ,899,32.0,3.5595105672969964
DAISIES  HONEYCOMB GARLAND ,1608,49.0,3.0472636815920398
DAISY ERASERS IN BAG,1016,0.0,0.0
DAISY FOLKART HEART DECORATION,440,0.0,0.0
DAISY GARDEN MARKER,1939,0.0,0.0
DAISY HAIR BAND,150,12.0,8.0
DAISY HAIR COMB,39,6.0,15.384615384615385
DAISY JOURNAL ,438,0.0,0.0
DAISY NOTEBOOK ,3604,0.0,0.0
DAISY RING,47,0.0,0.0
DAISY SKETCHBOOK ,267,4.0,1.4981273408239701
DANISH ROSE BEDSIDE CABINET,33,9.0,27.27272727272727
DANISH ROSE DECORATIVE PLATE,1059,43.0,4.0604343720491025
DANISH ROSE DELUXE COASTER,1318,12.0,0.9104704097116844
DANISH ROSE FOLDING CHAIR,120,1.0,0.8333333333333334
DANISH ROSE PHOTO FRAME,1788,107.0,5.984340044742729
DANISH ROSE ROUND SEWING BOX,908,4.0,0.4405286343612335
DANISH ROSE TRINKET TRAYS,323,6.0,1.8575851393188854
DANISH ROSE UMBRELLA STAND,38,1.0,2.631578947368421
DARK BIRD HOUSE TREE DECORATION,1700,4.0,0.2352941176470588
DARK CHOCOLATE SCENTCANDLE,326,25.0,7.668711656441718
DARK PINK FLOCK GLASS CANDLEHOLDER,553,0.0,0.0
DECORATION  BUTTERFLY  MAGIC GARDEN,1521,4.0,0.26298487836949375
DECORATION  PINK CHICK MAGIC GARDEN,1013,21.0,2.073050345508391
"DECORATION , HANGING METAL CHICKEN",616,0.0,0.0
"DECORATION , HANGING METAL RABBIT",834,0.0,0.0
"DECORATION , WOBBLY CHICKEN, METAL ",780,0.0,0.0
"DECORATION , WOBBLY RABBIT , METAL ",1107,0.0,0.0
"DECORATION HEN ON NEST, HANGING",1877,12.0,0.6393180607352157
DECORATION SITTING BUNNY,1480,39.0,2.635135135135135
DECORATION WHITE CHICK MAGIC GARDEN,1636,4.0,0.24449877750611246
DECORATION WOBBLY CHICKEN,560,12.0,2.142857142857143
DECORATION WOBBLY RABBIT METAL ,830,0.0,0.0
"DECORATION, HANGING HEART+MIRROR ",2983,31.0,1.039222259470332
DECORATIVE CATS BATHROOM BOTTLE,1711,1.0,0.058445353594389245
DECORATIVE FLORE BATHROOM BOTTLE,874,4.0,0.4576659038901602
DECORATIVE HANGING SHELVING UNIT,15,1.0,6.666666666666667
DECORATIVE NET CANOPY CREAM,83,0.0,0.0
DECORATIVE NET CANOPY LEOPARD,101,6.0,5.9405940594059405
DECORATIVE PLANT POT WITH FRIEZE,100,7.0,7.000000000000001
DECORATIVE ROSE BATHROOM BOTTLE,1642,25.0,1.5225334957369063
DECORATIVE VINTAGE COFFEE  BOX,52,0.0,0.0
DECORATIVE WICKER HEART LARGE,1767,3.0,0.1697792869269949
DECORATIVE WICKER HEART MEDIUM,1794,6.0,0.33444816053511706
DECORATIVE WICKER HEART SMALL,1596,0.0,0.0
"DECOUPAGE,GREETING CARD,",1414,0.0,0.0
DECROTIVEVINTAGE COFFEE GRINDER BOX,12,0.0,0.0
DEEP BLUE GLASS GEMS IN BAG,669,0.0,0.0
DELUXE SEWING KIT ,2534,52.0,2.0520915548539858
DENIM PATCH PENCIL CASE BUTTERFLY,252,1.0,0.3968253968253968
DENIM PATCH PURSE PINK BUTTERFLY,408,11.0,2.696078431372549
DIAMANTE BOW BROOCH BLACK COLOUR,103,2.0,1.9417475728155338
DIAMANTE BOW BROOCH GREEN COLOUR,55,0.0,0.0
DIAMANTE BOW BROOCH RED COLOUR,58,0.0,0.0
DIAMANTE BOW BROOCH WHITE COLOUR,3,0.0,0.0
DIAMANTE HAIR GRIP PACK/2 BLACK DIA,27,6.0,22.22222222222222
DIAMANTE HAIR GRIP PACK/2 CRYSTAL,94,6.0,6.382978723404255
DIAMANTE HAIR GRIP PACK/2 LT ROSE,48,6.0,12.5
DIAMANTE HAIR GRIP PACK/2 MONTANA,41,6.0,14.634146341463413
DIAMANTE HAIR GRIP PACK/2 PERIDOT,64,6.0,9.375
DIAMANTE HAIR GRIP PACK/2 RUBY,53,6.0,11.320754716981133
"DIAMANTE HEART SHAPED WALL MIRROR, ",976,9.0,0.9221311475409836
DIAMANTE NECKLACE,10,2.0,20.0
DIAMANTE NECKLACE BLACK ,5,0.0,0.0
DIAMANTE NECKLACE GREEN,4,0.0,0.0
DIAMANTE NECKLACE PURPLE,11,1.0,9.090909090909092
DIAMANTE RING ASSORTED IN BOX.,1804,0.0,0.0
DIAMOND LAS VEGAS NECKLACE 45CM,28,0.0,0.0
DINOSAUR BIRTHDAY CARD,1649,65.0,3.9417828987265007
DINOSAUR HEIGHT CHART STICKER SET,595,0.0,0.0
DINOSAUR KEYRINGS ASSORTED,15035,289.0,1.9221815763219154
DINOSAUR LUNCH BOX WITH CUTLERY,2399,3.0,0.12505210504376824
DINOSAUR LUNCHBOX WITH CUTLERY,570,0.0,0.0
DINOSAUR PARTY BAG + STICKER SET,2230,19.0,0.8520179372197308
DINOSAURS  WRITING SET ,2082,20.0,0.9606147934678195
DINOSAURS WATER TRANSFER TATTOOS ,1907,19.0,0.9963293130571578
DISCO BALL CHRISTMAS DECORATION,20951,3.0,0.014319125578731327
DISCO BALL ROTATOR BATTERY OPERATED,539,21.0,3.896103896103896
DISTRESSED CANDLE STICK WHITE,13,10.0,76.92307692307693
DO NOT TOUCH MY STUFF DOOR HANGER ,2800,85.0,3.0357142857142856
DOCTOR'S BAG SOFT TOY,545,82.0,15.045871559633028
DOG AND BALL WALL ART,252,0.0,0.0
"DOG BOWL , CHASING BALL DESIGN",754,12.0,1.5915119363395225
DOG BOWL CHASING BALL DESIGN,1817,24.0,1.3208585580627408
DOG BOWL VINTAGE CREAM,481,5.0,1.0395010395010396
"DOG BOWL, ENAMEL , CREAM COLOUR",8,0.0,0.0
"DOG FOOD CONTAINER , VINTAGE",10,0.0,0.0
DOG LICENCE WALL ART,408,0.0,0.0
DOG TOY WITH PINK CROCHET SKIRT,506,0.0,0.0
DOGGY RUBBER,664,30.0,4.518072289156627
DOGS NIGHT COLLAR,2,0.0,0.0
DOILEY BISCUIT TIN,120,0.0,0.0
DOILEY STORAGE TIN,1094,5.0,0.4570383912248629
DOILY THANK YOU CARD,741,0.0,0.0
DOLLCRAFT BOY JEAN-PAUL ,82,0.0,0.0
DOLLCRAFT GIRL AMELIE,36,0.0,0.0
DOLLCRAFT GIRL AMELIE KIT,66,0.0,0.0
DOLLCRAFT GIRL NICOLE,68,0.0,0.0
DOLLY CABINET 2 DRAWERS ,33,3.0,9.090909090909092
DOLLY CABINET 3 DRAWERS ,51,5.0,9.803921568627452
DOLLY GIRL BABY GIFT SET,433,7.0,1.6166281755196306
DOLLY GIRL CHILDRENS BOWL,1622,12.0,0.7398273736128237
DOLLY GIRL CHILDRENS CUP,1634,10.0,0.6119951040391677
DOLLY GIRL CHILDRENS EGG CUP,999,1.0,0.10010010010010009
DOLLY GIRL LUNCH BOX,18058,302.0,1.6723889688780598
DOLLY GIRL MINI BACKPACK,739,1.0,0.13531799729364005
DOLLY GIRL MINI RUCKSACK,8,0.0,0.0
DOLLY GIRL WALL ART,318,0.0,0.0
DOLLY HONEYCOMB GARLAND,854,51.0,5.971896955503513
DOLLY MIXTURE CHILDREN'S UMBRELLA,590,8.0,1.3559322033898304
DOLPHIN WINDMILL,64,0.0,0.0
DONKEY TAIL GAME ,54,0.0,0.0
DOOR HANGER  MUM + DADS ROOM,1043,76.0,7.28667305848514
DOOR MAT 3 SMILEY CATS,1829,14.0,0.7654455986878075
DOOR MAT AIRMAIL ,455,0.0,0.0
DOOR MAT BIRD ON THE WIRE,667,0.0,0.0
DOOR MAT BLACK FLOCK ,1249,2.0,0.16012810248198558
DOOR MAT BLUE FLOCK,1,0.0,0.0
DOOR MAT CAMOUFLAGE,39,0.0,0.0
DOOR MAT ENGLISH ROSE ,1481,3.0,0.2025658338960162
DOOR MAT FAIRY CAKE,1727,4.0,0.23161551823972204
DOOR MAT FANCY FONT HOME SWEET HOME,1178,1.0,0.08488964346349745
DOOR MAT FRIENDSHIP ,468,0.0,0.0
DOOR MAT GREEN PAISLEY ,268,4.0,1.4925373134328357
DOOR MAT HEARTS,1700,3.0,0.17647058823529413
DOOR MAT KISS MY.......,13,0.0,0.0
DOOR MAT MULTICOLOUR STRIPE,1102,0.0,0.0
DOOR MAT NEIGHBOURHOOD WITCH ,95,0.0,0.0
DOOR MAT NEW ENGLAND,2023,3.0,0.14829461196243204
DOOR MAT RED SPOT,2485,5.0,0.2012072434607646
DOOR MAT RESPECTABLE HOUSE,379,1.0,0.2638522427440633
DOOR MAT SPOTTY HOME SWEET HOME,1772,0.0,0.0
DOOR MAT SWEET HOME,34,0.0,0.0
DOOR MAT TOPIARY,1040,0.0,0.0
DOOR MAT UNION FLAG,3775,17.0,0.4503311258278146
DOOR MAT UNION JACK GUNS AND ROSES,797,14.0,1.7565872020075282
DOOR MAT WELCOME PUPPIES,1458,2.0,0.1371742112482853
DOORKNOB CERAMIC IVORY,36,0.0,0.0
DOORKNOB CRACKED GLAZE BLUE,162,0.0,0.0
DOORKNOB CRACKED GLAZE GREEN,12,0.0,0.0
DOORKNOB CRACKED GLAZE IVORY,174,0.0,0.0
DOORKNOB CRACKED GLAZE PINK,12,0.0,0.0
DOORMAT 3 SMILEY CATS,2419,2.0,0.0826787928896238
DOORMAT AIRMAIL ,2085,29.0,1.3908872901678657
DOORMAT BIRD ON THE WIRE,231,0.0,0.0
DOORMAT BLACK FLOCK ,2898,5.0,0.1725327812284334
DOORMAT CHRISTMAS VILLAGE,895,0.0,0.0
DOORMAT ENGLISH ROSE ,3234,8.0,0.24737167594310452
DOORMAT FAIRY CAKE,5095,688.0,13.50343473994112
DOORMAT FANCY FONT HOME SWEET HOME,5075,5.0,0.09852216748768472
DOORMAT FRIENDSHIP ,853,10.0,1.1723329425556859
DOORMAT GREEN PAISLEY ,1,0.0,0.0
DOORMAT HEARTS,6026,22.0,0.36508463325589113
DOORMAT HOME SWEET HOME BLUE ,2530,6.0,0.23715415019762848
DOORMAT I LOVE LONDON,881,6.0,0.681044267877412
DOORMAT KEEP CALM AND COME IN,5487,225.0,4.100601421541826
DOORMAT KISS MY.......,22,0.0,0.0
DOORMAT MERRY CHRISTMAS RED ,1092,52.0,4.761904761904762
DOORMAT MULTICOLOUR STRIPE,2350,3.0,0.1276595744680851
DOORMAT NEIGHBOURHOOD WITCH ,1092,2.0,0.18315018315018314
DOORMAT NEW ENGLAND,5291,7.0,0.1323001323001323
DOORMAT PEACE ON EARTH BLUE,865,0.0,0.0
DOORMAT RED RETROSPOT,5038,78.0,1.5482334259626835
DOORMAT RED SPOT,1086,0.0,0.0
DOORMAT RESPECTABLE HOUSE,1950,2.0,0.10256410256410256
DOORMAT SPOTTY HOME SWEET HOME,2817,7.0,0.24849130280440185
DOORMAT TOPIARY,2087,23.0,1.1020603737422137
DOORMAT UNION FLAG,6302,34.0,0.5395112662646779
DOORMAT UNION JACK GUNS AND ROSES,2172,12.0,0.5524861878453038
DOORMAT VINTAGE LEAF,564,7.0,1.2411347517730498
DOORMAT VINTAGE LEAVES DESIGN ,430,0.0,0.0
DOORMAT WELCOME PUPPIES,3414,9.0,0.26362038664323373
DOORMAT WELCOME SUNRISE,758,143.0,18.86543535620053
DOORMAT WELCOME TO OUR HOME,2135,143.0,6.697892271662763
DOORSTOP FOOTBALL DESIGN,585,0.0,0.0
DOORSTOP RACING CAR DESIGN,384,0.0,0.0
DOORSTOP RETROSPOT HEART,2880,26.0,0.9027777777777777
DOORSTOP RUSSIAN DOLL GINGHAM,44,0.0,0.0
DOORSTOP RUSSIAN DOLL RETROSPOT,101,0.0,0.0
DOT MATRIX CANVAS ART PICTURE,35,0.0,0.0
DOTCOM POSTAGE,1415,3.0,0.21201413427561835
DOTCOMGIFTSHOP TEA TOWEL,15,0.0,0.0
DOTS IRONING BOARD COVER,12,2.0,16.666666666666664
DOTTY PLACEMATS ,59,0.0,0.0
DOUBLE CERAMIC PARLOUR HOOK,22,0.0,0.0
DOUGHNUT LIP GLOSS ,10395,60.0,0.5772005772005772
DOVE DECORATION PAINTED ZINC ,4661,23.0,0.4934563398412358
DR WHO TOP TRUMPS GAME,1,0.0,0.0
DRAGONS BLOOD INCENSE,990,0.0,0.0
DRAWER KNOB ACRYLIC EDWARDIAN CLEAR,24,0.0,0.0
DRAWER KNOB ACRYLIC EDWARDIAN GREEN,24,0.0,0.0
DRAWER KNOB ACRYLIC EDWARDIAN PINK,24,0.0,0.0
DRAWER KNOB CERAMIC BLACK,979,6.0,0.6128702757916241
DRAWER KNOB CERAMIC IVORY,2155,9.0,0.41763341067285387
DRAWER KNOB CERAMIC RED,714,0.0,0.0
DRAWER KNOB CRACKLE GLAZE BLUE,1207,7.0,0.579950289975145
DRAWER KNOB CRACKLE GLAZE GREEN,1340,28.0,2.0895522388059704
DRAWER KNOB CRACKLE GLAZE IVORY,2154,46.0,2.1355617455896008
DRAWER KNOB CRACKLE GLAZE PINK,1266,20.0,1.579778830963665
DRAWER KNOB VINTAGE GLASS BALL,350,6.0,1.7142857142857144
DRAWER KNOB VINTAGE GLASS HEXAGON,295,0.0,0.0
DRAWER KNOB VINTAGE GLASS STAR,556,14.0,2.5179856115107913
DRAWERKNOB ACRYLIC EDWARDIAN PURPLE,24,0.0,0.0
DROP DIAMANTE EARRINGS BLACK DIAMON,31,0.0,0.0
DROP DIAMANTE EARRINGS CRYSTAL,37,6.0,16.216216216216218
DROP DIAMANTE EARRINGS GREEN,28,6.0,21.428571428571427
DROP DIAMANTE EARRINGS PURPLE,46,6.0,13.043478260869565
DROP EARRINGS W FLOWER & LEAF,23,0.0,0.0
DUCK SOCK PUPPET,4,2.0,50.0
DUSTY PINK CHRISTMAS TREE 30CM,10,0.0,0.0
DUSTY PINK CHRISTMAS TREE 60CM,10,0.0,0.0
Dad's Cab Electronic Meter,9,0.0,0.0
Discount,196,3064.0,1563.265306122449
Dotcomgiftshop Gift Voucher £10.00,15,0.0,0.0
Dotcomgiftshop Gift Voucher £100.00,1,0.0,0.0
Dotcomgiftshop Gift Voucher £20.00,28,0.0,0.0
Dotcomgiftshop Gift Voucher £30.00,24,0.0,0.0
Dotcomgiftshop Gift Voucher £40.00,5,0.0,0.0
Dotcomgiftshop Gift Voucher £50.00,6,0.0,0.0
Dotcomgiftshop Gift Voucher £70.00,1,0.0,0.0
Dotcomgiftshop Gift Voucher £80.00,1,1.0,100.0
Dr. Jam's Arouzer Stress Ball,5,0.0,0.0
EASTER BUNNIES ON A STICK,1564,12.0,0.7672634271099744
EASTER BUNNY GARLAND OF FLOWERS,1473,12.0,0.8146639511201629
EASTER BUNNY HANGING GARLAND,183,1.0,0.546448087431694
EASTER BUNNY WITH BASKET ON BACK,230,0.0,0.0
EASTER BUNNY WREATH,97,4.0,4.123711340206185
EASTER CRAFT 4 CHICKS ,3237,52.0,1.6064257028112447
EASTER CRAFT IVY WREATH WITH CHICK,1413,46.0,3.255484784147204
EASTER DECORATION EGG BUNNY ,1472,3.0,0.20380434782608695
EASTER DECORATION HANGING BUNNY,2542,7.0,0.2753737214791503
EASTER DECORATION NATURAL CHICK,1843,0.0,0.0
EASTER DECORATION SITTING BUNNY,1074,14.0,1.303538175046555
EASTER TIN BUCKET,1554,9.0,0.5791505791505791
EASTER TIN BUNNY BOUQUET,1250,32.0,2.56
EASTER TIN CHICKS IN GARDEN,305,0.0,0.0
EASTER TIN CHICKS PINK DAISY,612,15.0,2.450980392156863
EASTER TIN KEEPSAKE,1135,10.0,0.881057268722467
EASTER TREE YELLOW BIRDS,511,16.0,3.131115459882583
EAU DE NIL DINER WALL CLOCK,248,5.0,2.0161290322580645
EAU DE NIL LOVE BIRD CANDLE,505,12.0,2.376237623762376
EAU DE NILE HEART SHAPE PHOTO FRAME,570,4.0,0.7017543859649122
EAU DE NILE JEWELLED PHOTOFRAME,511,74.0,14.481409001956946
EAU DE NILE JEWELLED T-LIGHT HOLDER,300,10.0,3.3333333333333335
ECONOMY HOLIDAY PURSE,911,400.0,43.90779363336993
ECONOMY LUGGAGE TAG,369,0.0,0.0
ECONOMY PASSPORT COVER ,207,0.0,0.0
EDWARDIAN 2 DRAWER WALL CABINET ,52,6.0,11.538461538461538
EDWARDIAN DROP EARRINGS JET BLACK,37,5.0,13.513513513513514
EDWARDIAN HEART PHOTO FRAME,160,0.0,0.0
EDWARDIAN PARASOL BLACK,9620,213.0,2.214137214137214
EDWARDIAN PARASOL NATURAL,11459,155.0,1.3526485731739244
EDWARDIAN PARASOL PINK,2519,313.0,12.42556570067487
EDWARDIAN PARASOL RED,6149,18.0,0.29273052528866483
EDWARDIAN PHOTO FRAME,88,0.0,0.0
EDWARDIAN TOILET ROLL UNIT ,166,4.0,2.4096385542168677
EGG CUP HENRIETTA HEN CREAM ,630,1.0,0.15873015873015872
EGG CUP HENRIETTA HEN PINK,211,1.0,0.47393364928909953
EGG CUP MILKMAID HEIDI,881,4.0,0.4540295119182747
EGG CUP MILKMAID HELGA ,410,5.0,1.2195121951219512
EGG CUP MILKMAID INGRID,644,0.0,0.0
EGG CUP NATURAL CHICKEN,1521,25.0,1.6436554898093358
EGG FRYING PAN BLUE ,173,0.0,0.0
EGG FRYING PAN IVORY ,377,12.0,3.183023872679045
EGG FRYING PAN MINT ,180,0.0,0.0
EGG FRYING PAN PINK ,225,0.0,0.0
EGG FRYING PAN RED ,431,6.0,1.3921113689095126
EIGHT PIECE CREEPY CRAWLIE SET,835,13.0,1.5568862275449102
EIGHT PIECE DINOSAUR SET,1800,57.0,3.166666666666667
EIGHT PIECE SNAKE  SET,1105,0.0,0.0
ELEPHANT BIRTHDAY CARD ,1110,12.0,1.0810810810810811
ELEPHANT CARNIVAL POUFFE,195,6.0,3.076923076923077
ELEPHANT CLIP W SUCTION CUP,38,0.0,0.0
ELEPHANT TOY WITH BLUE T-SHIRT,222,0.0,0.0
"ELEPHANT, BIRTHDAY CARD, ",7113,12.0,0.1687051876845213
ELVIS WALLHANGING / CURTAIN,317,0.0,0.0
EMBOSSED FLOWER TRELLIS PHOTO FRAME,5,0.0,0.0
EMBOSSED GLASS TEALIGHT HOLDER,4771,26.0,0.544959128065395
EMBOSSED HEART 3 DRAWER SHELF,175,1.0,0.5714285714285714
EMBOSSED HEART TRINKET BOX,246,6.0,2.4390243902439024
EMBROIDERED REINDEER DECORATION,23,0.0,0.0
EMBROIDERED RIBBON REEL CLAIRE,224,0.0,0.0
EMBROIDERED RIBBON REEL DAISY ,579,0.0,0.0
EMBROIDERED RIBBON REEL EMILY ,571,5.0,0.8756567425569177
EMBROIDERED RIBBON REEL RACHEL ,361,6.0,1.662049861495845
EMBROIDERED RIBBON REEL REBECCA ,334,0.0,0.0
EMBROIDERED RIBBON REEL ROSIE,500,0.0,0.0
EMBROIDERED RIBBON REEL RUBY ,167,0.0,0.0
EMBROIDERED RIBBON REEL SALLY ,478,6.0,1.2552301255230125
EMBROIDERED RIBBON REEL SOPHIE  ,296,0.0,0.0
EMBROIDERED RIBBON REEL SUSIE ,566,6.0,1.0600706713780919
EMERGENCY FIRST AID TIN ,2765,51.0,1.8444846292947559
EMPIRE BIRTHDAY CARD,4975,12.0,0.2412060301507538
EMPIRE DESIGN ROSETTE,4551,2.0,0.043946385409800046
EMPIRE GIFT WRAP,8250,250.0,3.0303030303030303
EMPIRE TEDDY,2,0.0,0.0
EMPIRE TISSUE BOX,3179,55.0,1.7301038062283738
EMPIRE UNION JACK TV DINNER TRAY,1332,10.0,0.7507507507507507
ENAMEL BLUE RIM BISCUIT BIN,309,12.0,3.8834951456310676
ENAMEL BLUE RIM COFFEE CONTAINER,325,13.0,4.0
ENAMEL BLUE RIM OVAL TRAY SET/2,49,0.0,0.0
ENAMEL BLUE RIM TEA CONTAINER,104,0.0,0.0
ENAMEL BOWL PANTRY,24,0.0,0.0
ENAMEL BREAD BIN CREAM,1529,47.0,3.0739045127534337
ENAMEL CAT BOWL CREAM,52,0.0,0.0
ENAMEL COLANDER CREAM,732,25.0,3.415300546448088
ENAMEL COLLANDER CREAM,122,0.0,0.0
ENAMEL DINNER PLATE PANTRY,12,0.0,0.0
ENAMEL DOG BOWL CREAM,76,0.0,0.0
ENAMEL FIRE BUCKET CREAM,459,15.0,3.2679738562091507
ENAMEL FLOWER JUG CREAM,3210,50.0,1.557632398753894
ENAMEL JUG PANTRY,8,0.0,0.0
ENAMEL MEASURING JUG CREAM,2280,42.0,1.8421052631578945
ENAMEL MUG PANTRY,12,0.0,0.0
ENAMEL PINK COFFEE CONTAINER,1205,1.0,0.08298755186721991
ENAMEL PINK SUGAR CONTAINER,434,2.0,0.4608294930875576
ENAMEL PINK TEA CONTAINER,1147,0.0,0.0
ENAMEL WASH BOWL CREAM,1333,38.0,2.8507126781695424
ENAMEL WATERING CAN CREAM,1397,37.0,2.6485325697924123
ENCHANTED BIRD COATHANGER 5 HOOK,2297,69.0,3.0039181541140616
ENCHANTED BIRD PLANT CAGE,445,8.0,1.7977528089887642
ENCHANTED GARDEN WROUGHT IRON TABLE,5,0.0,0.0
ENGLISH ROSE DESIGN PEG BAG,2384,22.0,0.9228187919463088
ENGLISH ROSE DESIGN QUILTED THROW,816,2.0,0.24509803921568626
ENGLISH ROSE DESIGN SHOPPING BAG,1,1.0,100.0
ENGLISH ROSE EDWARDIAN PARASOL,509,0.0,0.0
ENGLISH ROSE GARDEN SECATEURS,2654,22.0,0.8289374529012812
ENGLISH ROSE HOT WATER BOTTLE,2242,13.0,0.5798394290811775
ENGLISH ROSE IRONING BOARD COVER,104,4.0,3.8461538461538463
ENGLISH ROSE METAL WASTE BIN,142,0.0,0.0
ENGLISH ROSE MUG IN GIFT BOX,143,1.0,0.6993006993006993
ENGLISH ROSE NOTEBOOK A6 SIZE,607,0.0,0.0
ENGLISH ROSE NOTEBOOK A7 SIZE,5102,38.0,0.7448059584476676
ENGLISH ROSE PHOTO FRAME ,14,0.0,0.0
ENGLISH ROSE PLACEMATS,119,0.0,0.0
ENGLISH ROSE SCENTED HANGING FLOWER,573,2.0,0.34904013961605584
ENGLISH ROSE SCENTED HANGING HEART,49,0.0,0.0
ENGLISH ROSE SCISSORS,4387,0.0,0.0
ENGLISH ROSE SET/3 GARDEN TOOLS,5,4.0,80.0
ENGLISH ROSE SMALL SCENTED FLOWER,307,0.0,0.0
ENGLISH ROSE SPIRIT LEVEL ,1028,4.0,0.38910505836575876
ENGLISH ROSE SQUARE CAKE TINS,1,0.0,0.0
ENGLISH ROSE TABLE CLOCK,137,0.0,0.0
ENGLISH ROSE TABLE CLOTH,220,0.0,0.0
ENGLISH ROSE TAPE MEASURE,266,1.0,0.37593984962406013
ENGLISH ROSE TEA FOR ONE GIFT BOX,1,0.0,0.0
ENGLISH ROSE TEA SET IN GIFT BOX,49,0.0,0.0
ENGLISH ROSE TORCH,527,0.0,0.0
ENVELOPE 50 BLOSSOM IMAGES,2231,12.0,0.5378753922008068
ENVELOPE 50 CURIOUS IMAGES,1087,288.0,26.494940202391902
ENVELOPE 50 ROMANTIC IMAGES,1157,0.0,0.0
ESSENTIAL BALM 3.5g TIN IN ENVELOPE,11396,2400.0,21.06002106002106
ETCHED GLASS BIRD TREE DECORATION,850,12.0,1.411764705882353
ETCHED GLASS COASTER,2246,0.0,0.0
ETCHED GLASS DROPLET DECORATION,1927,0.0,0.0
ETCHED GLASS HEART TREE DECORATION,1,0.0,0.0
ETCHED GLASS STAR TREE DECORATION,1047,15.0,1.4326647564469914
EUCALYPTUS & PINECONE  WREATH,880,11.0,1.25
EURO FOOTBALL STARS TOP TRUMPS GAME,1,0.0,0.0
Electronic Talking Breath-A-Loser,6,0.0,0.0
F FAIRY POTPOURRI CUSHIONS LAVENDER,170,0.0,0.0
F FAIRY POTPOURRI CUSHIONS SUMMER,1,0.0,0.0
F.FAIRY S/3 CANDLE/GLASS,110,0.0,0.0
"F.FAIRY S/3 CANDLE/GLASS, ROSE",232,0.0,0.0
"F.FAIRY S/3 CANDLE/GLASS,LAVENDER",193,0.0,0.0
"F.FAIRY S/3 CANDLE/GLASS,LILY/VALLY",177,0.0,0.0
"F.FAIRY S/3 SML CANDLE, LAVENDER",1,0.0,0.0
"F.FAIRY S/3 SML CANDLE, ROSE",1,0.0,0.0
"F.FAIRY S/3 SML CANDLE,LILY/VALLEY",1,0.0,0.0
"F.FAIRY,CANDLE IN GLASS,LAVENDER",3,0.0,0.0
"F.FAIRY,CANDLE IN GLASS,LILY/VALLEY",1,0.0,0.0
FAIRY CAKE BIRTHDAY CANDLE SET,1560,142.0,9.102564102564102
FAIRY CAKE CANDLES,3859,25.0,0.647836227001814
FAIRY CAKE CERAMIC BUTTER DISH,241,5.0,2.0746887966804977
FAIRY CAKE DESIGN UMBRELLA,1419,10.0,0.7047216349541932
FAIRY CAKE FLANNEL ASSORTED COLOUR,12962,3159.0,24.371239006326185
FAIRY CAKE GREETINGS CARD,823,24.0,2.916160388821385
FAIRY CAKE NOTEBOOK A5 SIZE,823,28.0,3.402187120291616
FAIRY CAKE PLACEMATS,107,0.0,0.0
FAIRY CAKE PLACEMATS ,82,0.0,0.0
FAIRY CAKE WICKER PICNIC BASKET ,46,1.0,2.1739130434782608
FAIRY CAKES  WALL THERMOMETER,28,0.0,0.0
FAIRY CAKES GIFT BAG,117,0.0,0.0
FAIRY CAKES NOTEBOOK A6 SIZE,2686,95.0,3.536857781087118
FAIRY CAKES NOTEBOOK A7 SIZE,3512,52.0,1.4806378132118452
FAIRY CAKES PHOTO FRAME,86,0.0,0.0
FAIRY CAKES RECTANGLUAR BOXES,54,0.0,0.0
FAIRY CAKES ROUND NESTING BOXES,59,0.0,0.0
FAIRY CAKES TABLE CLOCK,20,2.0,10.0
FAIRY CAKES TILE COASTER,138,6.0,4.3478260869565215
FAIRY DESIGN MUGS,2,0.0,0.0
FAIRY DREAMS INCENSE ,2768,0.0,0.0
FAIRY SOAP SOAP HOLDER,1936,13.0,0.6714876033057852
FAIRY TALE COTTAGE NIGHT LIGHT,976,17.0,1.7418032786885245
FAIRY TALE COTTAGE NIGHTLIGHT,4336,22.0,0.507380073800738
FAMILY ALBUM WHITE PICTURE FRAME,2275,93.0,4.087912087912088
FAMILY PHOTO FRAME CORNICE,1158,38.0,3.281519861830743
FAN BLACK FRAME ,254,0.0,0.0
"FANCY FONT BIRTHDAY CARD, ",10878,60.0,0.5515719801434087
FANCY FONT HOME SWEET HOME DOORMAT,663,0.0,0.0
FANCY FONTS BIRTHDAY WRAP,17500,0.0,0.0
FANNY'S REST STOPMETAL SIGN,2505,4.0,0.1596806387225549
FAUX FUR CHOCOLATE THROW,110,0.0,0.0
FAWN AND MUSHROOM GREETING CARD,1137,12.0,1.0554089709762533
FAWN BLUE HOT WATER BOTTLE,8174,802.0,9.811597748960118
"FEATHER DUSTER, COAL BLACK",171,3.0,1.7543859649122806
"FEATHER DUSTER, LIGHT PINK",10,1.0,10.0
FEATHER HEART LIGHTS,1,9.0,900.0
"FEATHER PEN,COAL BLACK",4269,230.0,5.387678613258375
"FEATHER PEN,HOT PINK",6671,195.0,2.9230999850097437
"FEATHER PEN,LIGHT PINK",3445,204.0,5.921625544267053
FELT EGG COSY BLUE RABBIT ,1557,16.0,1.0276172125883107
FELT EGG COSY CHICKEN,2026,17.0,0.839091806515301
FELT EGG COSY LADYBIRD ,836,49.0,5.861244019138756
FELT EGG COSY WHITE RABBIT ,2105,4.0,0.19002375296912113
FELT FARM ANIMAL CHICKEN,933,12.0,1.2861736334405145
FELT FARM ANIMAL HEN,590,3.0,0.5084745762711864
FELT FARM ANIMAL RABBIT,1342,55.0,4.098360655737705
FELT FARM ANIMAL SHEEP,419,12.0,2.863961813842482
FELT FARM ANIMAL WHITE BUNNY ,2014,0.0,0.0
FELT TOADSTOOL  SMALL,1185,45.0,3.79746835443038
FELT TOADSTOOL LARGE,1398,72.0,5.150214592274678
FELTCRAFT 6 FLOWER FRIENDS,12674,664.0,5.239072116143285
FELTCRAFT BOY JEAN-PAUL KIT,366,7.0,1.912568306010929
FELTCRAFT BUTTERFLY HEARTS,12828,904.0,7.047084502650453
FELTCRAFT CHRISTMAS FAIRY,3491,39.0,1.1171584073331424
FELTCRAFT CUSHION BUTTERFLY,5521,345.0,6.2488679587031335
FELTCRAFT CUSHION OWL,5479,212.0,3.869319218835554
FELTCRAFT CUSHION RABBIT,5631,431.0,7.654057893802167
FELTCRAFT DOLL EMILY,3773,74.0,1.9613040021203287
FELTCRAFT DOLL MARIA,1371,1.0,0.07293946024799416
FELTCRAFT DOLL MOLLY,7355,1464.0,19.90482664853841
FELTCRAFT DOLL ROSIE,4866,304.0,6.247431154952733
FELTCRAFT GIRL AMELIE KIT,1007,16.0,1.5888778550148956
FELTCRAFT GIRL NICOLE KIT,668,13.0,1.9461077844311379
FELTCRAFT HAIRBAND PINK AND BLUE,2087,48.0,2.299952084331576
FELTCRAFT HAIRBAND PINK AND PURPLE,2740,0.0,0.0
FELTCRAFT HAIRBAND RED AND BLUE,1908,0.0,0.0
"FELTCRAFT HAIRBAND S/2, PINK/PURPLE",96,0.0,0.0
"FELTCRAFT HAIRBAND, S/2, RED/BLUE",204,0.0,0.0
FELTCRAFT HAIRBANDS PINK + WHITE ,72,0.0,0.0
FELTCRAFT HAIRBANDS PINK AND WHITE ,2014,1.0,0.04965243296921549
FELTCRAFT PRINCESS CHARLOTTE DOLL,3759,1.0,0.026602819898909287
FELTCRAFT PRINCESS LOLA DOLL,3125,10.0,0.32
FELTCRAFT PRINCESS OLIVIA DOLL,2264,6.0,0.26501766784452296
FENG SHUI PILLAR CANDLE,6268,0.0,0.0
FILIGREE DIAMANTE CHAIN,6,0.0,0.0
FILIGREE DIAMANTE EARRINGS,31,0.0,0.0
FILIGREE HEART BIRD WHITE ,1492,144.0,9.651474530831099
FILIGREE HEART BUTTERFLY WHITE ,1642,6.0,0.3654080389768575
FILIGREE HEART DAISY WHITE,1247,48.0,3.8492381716118684
FILIGREE WALL MIRROR  ANTIQUE WHITE,96,11.0,11.458333333333332
FILIGRIS HEART WITH BUTTERFLY,10937,75.0,0.6857456340861297
FINE SILVER NECKLACE W PASTEL FLOWE,41,2.0,4.878048780487805
FINE WICKER HEART ,4795,12.0,0.2502606882168926
FIRE POLISHED GLASS BRACELET BLACK,23,0.0,0.0
FIRE POLISHED GLASS BRACELET GREEN,43,0.0,0.0
FIRE POLISHED GLASS BRACELET MONTAN,21,0.0,0.0
FIRE POLISHED GLASS BRACELET RED,10,0.0,0.0
FIRE POLISHED GLASS NECKL BRONZE,12,0.0,0.0
FIRE POLISHED GLASS NECKL GOLD,6,0.0,0.0
FIRE POLISHED GLASS NECKL GREEN,28,0.0,0.0
FIRE POLISHED GLASS NECKL SILVER,7,0.0,0.0
FIRST AID TIN,3512,61.0,1.7369020501138952
FIRST CLASS HOLIDAY PURSE ,728,300.0,41.208791208791204
FIRST CLASS LUGGAGE TAG ,398,0.0,0.0
FIRST CLASS PASSPORT COVER ,498,0.0,0.0
FIVE CATS HANGING DECORATION,587,0.0,0.0
FIVE HEART HANGING DECORATION,1583,20.0,1.2634238787113077
FLAG OF ST GEORGE ,392,13.0,3.316326530612245
FLAG OF ST GEORGE CAR FLAG,1004,60.0,5.9760956175298805
FLAG OF ST GEORGE CHAIR,76,3.0,3.9473684210526314
FLAMES SUNGLASSES PINK LENSES,77,0.0,0.0
FLAMINGO LIGHTS,548,14.0,2.5547445255474455
FLAT GLASS  BAUBLE WHITE FLOCK ,45,1.0,2.2222222222222223
FLAT PALM T-LIGHT HOLDER,133,0.0,0.0
FLOOR CUSHION ELEPHANT CARNIVAL,162,4.0,2.4691358024691357
FLOOR LAMP SHADE WOOD BASE,121,0.0,0.0
FLORAL BATHROOM SET,2330,1116.0,47.896995708154506
FLORAL BLUE MONSTER,142,4.0,2.8169014084507045
FLORAL DINOSAUR GREEN,33,1.0,3.0303030303030303
FLORAL ELEPHANT SOFT TOY,908,2.0,0.22026431718061676
FLORAL FOLK STATIONERY SET,2849,12.0,0.4212004212004212
FLORAL PINK MONSTER,166,4.0,2.4096385542168677
FLORAL SOFT CAR TOY,151,0.0,0.0
FLOWER BLUE CLOCK W/SUCKER,100,1.0,1.0
FLOWER BLUE CLOCK WITH SUCKER,116,0.0,0.0
FLOWER BROOCH 4 ASSORTED COLOURS,23,0.0,0.0
FLOWER BURST SILVER RING CRYSTAL,104,2.0,1.9230769230769231
FLOWER BURST SILVER RING GREEN,18,3.0,16.666666666666664
FLOWER BURST SILVER RING MIDN'T BLU,33,2.0,6.0606060606060606
FLOWER BURST SILVER RING OPAL,36,0.0,0.0
FLOWER BURST SILVER RING ROSE,22,0.0,0.0
FLOWER DES BLUE HANDBAG/ORANG HANDL,3,0.0,0.0
FLOWER FAIRY 5 DRAWER LINERS,59,0.0,0.0
FLOWER FAIRY 5 SUMMER DRAW LINERS,6,0.0,0.0
FLOWER FAIRY INCENSE BOUQUET,1257,1.0,0.07955449482895784
FLOWER FAIRY INCENSE LAVENDER,4542,0.0,0.0
FLOWER FAIRY INCENSE LILY,709,0.0,0.0
FLOWER FAIRY INCENSE ROSE,3124,1.0,0.03201024327784891
"FLOWER FAIRY MUG+COASTER,LAVENDER",11,1.0,9.090909090909092
"FLOWER FAIRY MUG+COASTER,ROSE",6,0.0,0.0
FLOWER FAIRY OIL BURNER SET ROSE,592,11.0,1.8581081081081081
FLOWER FAIRY OIL BURNER SET SUMMER,533,0.0,0.0
FLOWER FAIRY POTPOURRI CUSHION LILY,292,0.0,0.0
FLOWER FAIRY SET 3 CANDLES LAVENDER,303,18.0,5.9405940594059405
FLOWER FAIRY SET OF 3 LILY CANDLES,206,2.0,0.9708737864077669
FLOWER FAIRY SUMMER BOUQUET SACHET,355,0.0,0.0
"FLOWER FAIRY,5 SUMMER B'DRAW LINERS",250,2.0,0.8
FLOWER GARLAND NECKLACE RED,27,0.0,0.0
"FLOWER GLASS GARLAND NECKL.36""BLACK",38,0.0,0.0
"FLOWER GLASS GARLAND NECKL.36""BLUE",31,0.0,0.0
"FLOWER GLASS GARLAND NECKL.36""GREEN",18,0.0,0.0
"FLOWER GLASS GARLD NECKL36""AMETHYST",45,0.0,0.0
"FLOWER GLASS GARLD NECKL36""TURQUOIS",24,0.0,0.0
FLOWER PENCIL/RUBBER+5 MINI PENCILS,524,0.0,0.0
FLOWER PURPLE CLOCK W/SUCKER,17,0.0,0.0
FLOWER PURPLE CLOCK WITH SUCKER,15,0.0,0.0
FLOWER SHOP DESIGN MUG,1,0.0,0.0
FLOWER VINE RAFFIA FOOD COVER,1102,9.0,0.8166969147005444
FLOWER WINDMILL,242,1.0,0.4132231404958678
FLOWERS  STICKERS,1193,0.0,0.0
FLOWERS AND BIRDS WALL PLAQUE,2,0.0,0.0
FLOWERS CHANDELIER T-LIGHT HOLDER,960,579.0,60.3125
FLOWERS HANDBAG blue and orange,49,0.0,0.0
FLOWERS TILE COASTER,1081,0.0,0.0
FLOWERS TILE HOOK,494,194.0,39.27125506072874
FLOWERS WALL THERMOMETER,75,0.0,0.0
FLUTED ANTIQUE CANDLE HOLDER,3489,12.0,0.34393809114359414
FLYING PIG WATERING CAN,460,7.0,1.5217391304347827
FLYING SAUCER TABLE LIGHT IN WHITE,199,0.0,0.0
FOLDING BUTTERFLY MIRROR HOT PINK ,1867,2.0,0.10712372790573112
FOLDING BUTTERFLY MIRROR IVORY ,794,0.0,0.0
FOLDING BUTTERFLY MIRROR RED  ,1262,0.0,0.0
FOLDING CAMPING SCISSOR W/KNIF & S,32,0.0,0.0
FOLDING MIRROR HOT PINK ,156,0.0,0.0
FOLDING MIRROR IVORY ,18,0.0,0.0
FOLDING MIRROR RED  ,18,0.0,0.0
FOLDING SHIRT TIDY,1,0.0,0.0
FOLDING SHOE TIDY,48,0.0,0.0
FOLDING UMBRELLA  CHOC/WHITE  SPOT,533,0.0,0.0
FOLDING UMBRELLA  CREAM/MULTI  SPOT,379,3.0,0.79155672823219
FOLDING UMBRELLA  PINK/WHITE  SPOT,584,7.0,1.1986301369863013
FOLDING UMBRELLA  WHITE/RED  SPOT,262,0.0,0.0
"FOLDING UMBRELLA , BLACK/BLUE  SPOT",775,0.0,0.0
"FOLDING UMBRELLA , RED/WHITE SPOT",916,29.0,3.1659388646288207
FOLDING UMBRELLA BLACKBLUE POLKADOT,230,0.0,0.0
FOLDING UMBRELLA CHOCOLATE POLKADOT,163,0.0,0.0
FOLDING UMBRELLA CREAM POLKADOT,232,1.0,0.43103448275862066
FOLDING UMBRELLA PINKWHITE POLKADOT,142,0.0,0.0
FOLDING UMBRELLA RED/WHITE POLKADOT,432,1.0,0.23148148148148145
FOLDING UMBRELLA WHITE/RED POLKADOT,120,0.0,0.0
"FOLK ART GREETING CARD,pack/12",75,11.0,14.666666666666666
FOLK ART METAL HEART T-LIGHT HOLDER,761,25.0,3.28515111695138
FOLK ART METAL STAR T-LIGHT HOLDER,936,1.0,0.10683760683760685
FOLK FELT HANGING MULTICOL GARLAND,1170,0.0,0.0
FOLKART BAUBLE CHRISTMAS DECORATION,1352,0.0,0.0
FOLKART CHRISTMAS TREE T-LIGHT HOLD,255,0.0,0.0
FOLKART CLIP ON STARS,1187,0.0,0.0
FOLKART CROWN TABLE DECORATIONS,523,0.0,0.0
FOLKART HEART CHRISTMAS DECORATIONS,1,0.0,0.0
FOLKART HEART NAPKIN RINGS,629,24.0,3.815580286168521
FOLKART STAR CHRISTMAS DECORATIONS,3868,24.0,0.6204756980351602
FOLKART ZINC CLIP ON ANGEL WINGS,101,0.0,0.0
FOLKART ZINC HEART CHRISTMAS DEC,11430,1.0,0.008748906386701661
FOLKART ZINC STAR CHRISTMAS DEC,1131,0.0,0.0
FOOD CONTAINER SET 3 LOVE HEART ,5243,16.0,0.30516879649055884
"FOOD COVER WITH BEADS , SET 2 SIZES",3,0.0,0.0
FOOD COVER WITH BEADS SET 2 ,1009,8.0,0.7928642220019821
FOOD/DRINK SPONGE STICKERS,2142,0.0,0.0
FOOD/DRINK SPUNGE STICKERS,759,0.0,0.0
FOOT STOOL HOME SWEET HOME ,489,6.0,1.2269938650306749
FORKED CACTUS CANDLE,333,9.0,2.7027027027027026
FOUR HOOK  WHITE LOVEBIRDS,4024,40.0,0.9940357852882704
FOUR PICTURE WHITE GLASS FRAME,23,0.0,0.0
FOUR RABBIT EASTER DECORATIONS,1070,0.0,0.0
FRAPPUCINO SCARF KNITTING KIT,606,10.0,1.65016501650165
FREESTYLE CANVAS ART PICTURE,134,0.0,0.0
FRENCH BATHROOM SIGN BLUE METAL,2850,17.0,0.5964912280701754
FRENCH BLUE METAL DOOR SIGN 0,621,10.0,1.610305958132045
FRENCH BLUE METAL DOOR SIGN 1,1253,11.0,0.8778930566640064
FRENCH BLUE METAL DOOR SIGN 2,1074,11.0,1.0242085661080074
FRENCH BLUE METAL DOOR SIGN 3,899,11.0,1.2235817575083427
FRENCH BLUE METAL DOOR SIGN 4,795,10.0,1.257861635220126
FRENCH BLUE METAL DOOR SIGN 5,879,30.0,3.4129692832764507
FRENCH BLUE METAL DOOR SIGN 6,737,12.0,1.6282225237449117
FRENCH BLUE METAL DOOR SIGN 7,723,11.0,1.5214384508990317
FRENCH BLUE METAL DOOR SIGN 8,673,12.0,1.7830609212481425
FRENCH BLUE METAL DOOR SIGN 9,562,13.0,2.3131672597864767
FRENCH BLUE METAL DOOR SIGN No,1050,24.0,2.2857142857142856
"FRENCH BLUE METAL DOOR SIGN, 0",461,0.0,0.0
"FRENCH BLUE METAL DOOR SIGN, 1",577,0.0,0.0
"FRENCH BLUE METAL DOOR SIGN, 2",509,0.0,0.0
"FRENCH BLUE METAL DOOR SIGN, 3",501,0.0,0.0
"FRENCH BLUE METAL DOOR SIGN, 4",468,0.0,0.0
"FRENCH BLUE METAL DOOR SIGN, 5",477,0.0,0.0
"FRENCH BLUE METAL DOOR SIGN, 6",430,0.0,0.0
"FRENCH BLUE METAL DOOR SIGN, 7",443,0.0,0.0
"FRENCH BLUE METAL DOOR SIGN, 8",458,0.0,0.0
"FRENCH BLUE METAL DOOR SIGN, 9",450,0.0,0.0
"FRENCH BLUE METAL DOOR SIGN, No",356,0.0,0.0
"FRENCH BOTTLE , LAVENDER",476,13.0,2.73109243697479
"FRENCH BOTTLE, BRASSERIE DES ARTIST",326,0.0,0.0
FRENCH CARRIAGE LANTERN,137,8.0,5.839416058394161
FRENCH CHATEAU LARGE FRUIT BOWL ,271,26.0,9.59409594095941
FRENCH CHATEAU LARGE PLATTER ,190,34.0,17.894736842105264
FRENCH CHATEAU OVAL PLATTER,211,27.0,12.796208530805686
FRENCH CHATEAU SMALL FRUITBOWL,430,38.0,8.837209302325581
FRENCH EMROIDR LAVENDER SCENT HEART,341,0.0,0.0
FRENCH ENAMEL CANDLEHOLDER,2032,41.0,2.017716535433071
FRENCH ENAMEL POT W LID,916,8.0,0.8733624454148471
FRENCH ENAMEL SOAP DISH WITH LID,48,0.0,0.0
FRENCH ENAMEL UTENSIL HOLDER,359,0.0,0.0
FRENCH ENAMEL WATER BASIN,701,10.0,1.4265335235378032
FRENCH FLORAL CUSHION COVER ,1050,219.0,20.857142857142858
FRENCH GARDEN SIGN BLUE METAL,1320,109.0,8.257575757575758
FRENCH KITCHEN SIGN BLUE METAL,2227,28.0,1.2572968118545127
FRENCH LATTICE CUSHION COVER ,526,12.0,2.2813688212927756
FRENCH LAUNDRY SIGN BLUE METAL,1688,4.0,0.23696682464454977
FRENCH LAVENDER SCENT HEART,1076,3.0,0.2788104089219331
FRENCH PAISLEY CUSHION COVER,224,24.0,10.714285714285714
FRENCH PAISLEY CUSHION COVER ,633,0.0,0.0
FRENCH STYLE EMBOSSED HEART CABINET,54,4.0,7.4074074074074066
FRENCH STYLE STORAGE JAR BONBONS,2338,37.0,1.5825491873396065
FRENCH STYLE STORAGE JAR CAFE ,1982,12.0,0.6054490413723511
FRENCH STYLE STORAGE JAR JAM,317,1.0,0.31545741324921134
FRENCH STYLE WALL DRESSER,15,2.0,13.333333333333334
FRENCH STYLE WIRE DOOR CABINET ,1,0.0,0.0
FRENCH TOILET SIGN BLUE METAL,2377,14.0,0.5889777029869584
FRENCH WC SIGN BLUE METAL,4432,1160.0,26.173285198555956
FRESHWATER PEARL BRACELET GOLD,63,0.0,0.0
FRESHWATER PEARL BRACELET IVORY,59,0.0,0.0
FRESHWATER PEARL BRACELET PINK,17,0.0,0.0
FRIDGE MAGNETS LA VIE EN ROSE,1500,229.0,15.266666666666667
FRIDGE MAGNETS LES ENFANTS ASSORTED,1583,176.0,11.118130132659507
FRIDGE MAGNETS US DINER ASSORTED,2073,234.0,11.287988422575976
FROG CANDLE,998,47.0,4.709418837675351
FROG KING WATERING CAN,206,8.0,3.8834951456310676
FROG SOCK PUPPET,195,0.0,0.0
FROSTED BOX 9 WHITE T-LIGHT CANDLES,3819,25.0,0.6546216286986122
FROSTED GLASS WITH SILVER SURROUND,9,0.0,0.0
FROSTED WHITE BASE ,475,14.0,2.9473684210526314
FRUIT SALAD BAG CHARM,106,0.0,0.0
FRUIT TREE AND BIRDS WALL PLAQUE,288,3.0,1.0416666666666665
FRYING PAN BLUE POLKADOT,229,2.0,0.8733624454148471
FRYING PAN BLUE POLKADOT ,276,0.0,0.0
FRYING PAN BLUE RETROSPOT,4,0.0,0.0
FRYING PAN PINK POLKADOT,639,4.0,0.6259780907668232
FRYING PAN PINK POLKADOT ,650,7.0,1.0769230769230769
FRYING PAN PINK RETROSPOT,7,0.0,0.0
FRYING PAN RED POLKADOT ,1210,275.0,22.727272727272727
FRYING PAN RED RETROSPOT,617,8.0,1.2965964343598055
FRYING PAN UNION FLAG,3103,85.0,2.7392845633258136
FULL ENGLISH BREAKFAST PLATE,3338,78.0,2.3367285799880166
FUNKY DIVA PEN,10652,51.0,0.4787833270747278
FUNKY FLOWER COFFEE POT,1,0.0,0.0
FUNKY FLOWER PICNIC BAG FOR 4,120,0.0,0.0
FUNKY GIRL ADDRESS BOOK,273,0.0,0.0
FUNKY GIRLZ ASST MAGNETIC MEMO PAD,366,0.0,0.0
FUNKY GIRLZ MAGNETIC TO DO LIST ,8,0.0,0.0
FUNKY MONKEY CUSHION COVER,373,0.0,0.0
FUNKY MONKEY GIFT BAG MEDIUM,1686,0.0,0.0
FUNKY MONKEY GIFT BAG SMALL,1283,0.0,0.0
FUNKY MONKEY MUG,742,1.0,0.13477088948787064
FUNKY WASHING UP GLOVES ASSORTED,2839,3.0,0.10567101091933778
FUSCHIA FLOWER PURSE WITH BEADS,200,0.0,0.0
FUSCHIA RETRO BAR STOOL,102,1.0,0.9803921568627451
FUSCHIA TABLE RUN FLOWER ,29,0.0,0.0
FUSCHIA VOILE POINTY SHOE DEC,103,0.0,0.0
FUSCHIA/GREEN STRIPE WOOLLY BLANKET,78,0.0,0.0
GAOLERS KEYS DECORATIVE GARDEN ,2699,19.0,0.7039644312708411
GARAGE KEY FOB,777,0.0,0.0
GARDEN METAL SIGN ,2546,12.0,0.4713275726630008
GARDEN PATH JOURNAL,970,151.0,15.56701030927835
GARDEN PATH NOTEBOOK ,3611,3.0,0.08307947936859596
GARDEN PATH POCKET BOOK,5550,0.0,0.0
GARDEN PATH SKETCHBOOK,518,4.0,0.7722007722007722
GARDENERS KNEELING PAD,5824,45.0,0.7726648351648352
GARDENERS KNEELING PAD CUP OF TEA ,6809,152.0,2.232339550594801
GARDENERS KNEELING PAD KEEP CALM ,8807,114.0,1.2944248892926082
GARDENIA 1 WICK MORRIS BOXED CANDLE,621,2.0,0.322061191626409
GARDENIA 3 WICK MORRIS BOXED CANDLE,649,34.0,5.238828967642527
"GARLAND , WOODEN  "" HAPPY EASTER""",105,0.0,0.0
GARLAND WITH HEARTS AND BELLS,805,26.0,3.229813664596273
GARLAND WITH STARS AND BELLS,815,21.0,2.5766871165644174
GARLAND WOODEN HAPPY EASTER,4244,18.0,0.4241281809613572
"GARLAND, MAGIC GARDEN 1.8M",656,0.0,0.0
"GARLAND, VINTAGE BELLS",92,0.0,0.0
GEISHA GIRL CHOPSTICKS SET/5,131,0.0,0.0
GEMSTONE CHANDELIER T-LIGHT HOLDER,78,0.0,0.0
GENTLEMAN SHIRT REPAIR KIT ,3175,0.0,0.0
GEORGIAN TRINKET BOX,143,1.0,0.6993006993006993
GERANIUM FOLKART HEART DECORATION,49,0.0,0.0
GERANIUM SQUARE HANDY TIN,41,0.0,0.0
GIANT 50'S CHRISTMAS CRACKER,2661,13.0,0.4885381435550545
GIANT BLACK SUNGLASSES,538,0.0,0.0
GIANT MEDINA STAMPED METAL BOWL ,233,3.0,1.2875536480686696
GIANT PINK HEART MEMO HOLDER,117,0.0,0.0
GIANT SEVENTEEN DRAWER SIDEBOARD,8,0.0,0.0
GIFT BAG BIRTHDAY,1353,2.0,0.14781966001478197
GIFT BAG LARGE 50'S CHRISTMAS,24,0.0,0.0
GIFT BAG LARGE SPOT ,96,0.0,0.0
GIFT BAG LARGE VINTAGE CHRISTMAS,148,0.0,0.0
GIFT BAG PSYCHEDELIC APPLES,1660,16.0,0.9638554216867471
GIN & TONIC DIET GREETING CARD ,7356,36.0,0.48939641109298526
GIN + TONIC DIET METAL SIGN,20178,2035.0,10.08524135196749
GIN AND TONIC DIET METAL SIGN,498,0.0,0.0
GIN AND TONIC MUG,6332,29.0,0.457991156032849
GINGERBREAD MAN COOKIE CUTTER,8219,5.0,0.06083465141744738
GINGHAM BABUSHKA DOORSTOP,272,0.0,0.0
GINGHAM HEART  DOORSTOP RED,2090,8.0,0.3827751196172249
GINGHAM HEART DECORATION,6473,6.0,0.09269272362119574
GINGHAM HEART WREATH,225,2.0,0.8888888888888888
GINGHAM OVEN GLOVE RED HEART ,249,4.0,1.6064257028112447
GINGHAM RECIPE BOOK BOX,462,1.0,0.21645021645021645
GINGHAM ROSE WRAP,3519,0.0,0.0
GIRAFFE WOODEN RULER,3887,714.0,18.368922047851814
GIRLS ALPHABET IRON ON PATCHES ,37066,865.0,2.333675066098311
GIRLS PARTY BAG,92,0.0,0.0
GIRLS VINTAGE TIN SEASIDE BUCKET,3553,33.0,0.9287925696594427
GIRLY PINK TOOL SET,381,1.0,0.26246719160104987
GLAMOROUS  MUG,5092,35.0,0.6873527101335428
GLASS  BEURRE DISH,2225,90.0,4.044943820224719
GLASS  SONGBIRD STORAGE JAR,169,6.0,3.5502958579881656
GLASS AND BEADS BRACELET IVORY,19,0.0,0.0
GLASS AND PAINTED BEADS BRACELET OL,21,0.0,0.0
GLASS AND PAINTED BEADS BRACELET TO,36,0.0,0.0
GLASS APOTHECARY BOTTLE ELIXIR,856,9.0,1.0514018691588785
GLASS APOTHECARY BOTTLE PERFUME,1071,8.0,0.7469654528478058
GLASS APOTHECARY BOTTLE TONIC,924,6.0,0.6493506493506493
GLASS BEAD HOOP EARRINGS AMETHYST,23,0.0,0.0
GLASS BEAD HOOP EARRINGS BLACK,9,0.0,0.0
GLASS BEAD HOOP EARRINGS GREEN,14,0.0,0.0
GLASS BEAD HOOP EARRINGS MONTANA,13,0.0,0.0
GLASS BEAD HOOP NECKLACE AMETHYST,10,0.0,0.0
GLASS BEAD HOOP NECKLACE BLACK,11,0.0,0.0
GLASS BEAD HOOP NECKLACE GREEN,8,0.0,0.0
GLASS BEAD HOOP NECKLACE MONTANA,8,0.0,0.0
GLASS BELL JAR LARGE,2,0.0,0.0
GLASS BELL JAR SMALL,4,0.0,0.0
GLASS BON BON JAR,2354,15.0,0.637213254035684
GLASS BONBON JAR PARFUME AUX FLEURE,663,18.0,2.7149321266968327
GLASS BONBON JAR. D'AMANDES,101,1.0,0.9900990099009901
GLASS BONBON JAR. SUPERFINES,115,0.0,0.0
GLASS BONNE JAM JAR,120,0.0,0.0
GLASS CAKE COVER AND PLATE,354,25.0,7.062146892655368
GLASS CAKE STAND,120,4.0,3.3333333333333335
GLASS CAKE STAND MIRRORED BASE,77,7.0,9.090909090909092
GLASS CHALICE BLUE  LARGE ,122,15.0,12.295081967213115
GLASS CHALICE BLUE SMALL ,972,32.0,3.292181069958848
GLASS CHALICE GREEN  LARGE ,398,22.0,5.527638190954774
GLASS CHALICE GREEN  SMALL ,508,39.0,7.677165354330709
GLASS CHICKEN BUTTER DISH,325,48.0,14.76923076923077
GLASS CLOCHE LARGE,453,6.0,1.3245033112582782
GLASS CLOCHE SMALL,968,71.0,7.334710743801653
GLASS ETCHED T-LIGHT HOLDER LARGE,1246,7.0,0.5617977528089888
GLASS ETCHED T-LIGHT HOLDER MEDIUM,896,21.0,2.34375
GLASS HEART T-LIGHT HOLDER ,6711,158.0,2.3543436149605124
GLASS HONEYPOT WASP CATCHER,2944,27.0,0.9171195652173914
GLASS JAR DAISY FRESH COTTON WOOL,1845,81.0,4.390243902439024
GLASS JAR DIGESTIVE BISCUITS,2054,110.0,5.355404089581304
GLASS JAR ENGLISH CONFECTIONERY,2501,185.0,7.39704118352659
GLASS JAR KINGS CHOICE,1236,39.0,3.1553398058252426
GLASS JAR MARMALADE ,781,152.0,19.46222791293214
GLASS JAR PEACOCK BATH SALTS,747,49.0,6.5595716198125835
"GLASS JAR, ENGLISH CONFECTIONERY",2,2.0,100.0
"GLASS JAR, KINGS CHOICE SOAP",42,0.0,0.0
GLASS SONGBIRD STORAGE JAR,11,0.0,0.0
GLASS SPHERE CANDLE STAND LARGE ,301,0.0,0.0
GLASS SPHERE CANDLE STAND MEDIUM,357,3.0,0.8403361344537815
GLASS STAR FROSTED T-LIGHT HOLDER,1115,35.0,3.1390134529147984
GLASS TWIST BON BON JAR,74,3.0,4.054054054054054
GLASS WINE GLASS DECORATIONS,30,0.0,0.0
GLITTER BUTTERFLY CLIPS,4423,30.0,0.6782726656115758
GLITTER CHRISTMAS HEART ,1727,0.0,0.0
GLITTER CHRISTMAS STAR ,3847,0.0,0.0
GLITTER CHRISTMAS TREE,1687,0.0,0.0
GLITTER CHRISTMAS TREE WITH BELLS,1010,9.0,0.891089108910891
GLITTER HANGING BUTTERFLY STRING,4820,1094.0,22.69709543568465
GLITTER HEART DECORATION,2469,0.0,0.0
GLITTER HEART GARLAND WITH BELLS ,795,30.0,3.7735849056603774
GLITTER SNOW PEAR TREE DECORATION,1840,3.0,0.16304347826086957
GLITTER STAR GARLAND WITH BELLS ,713,13.0,1.8232819074333801
GLOW IN DARK DOLPHINS,554,12.0,2.166064981949458
GOLD  CHERRY LIGHTS,314,175.0,55.73248407643312
GOLD 2 STRAND NECKLACE-LEAF CHARMS,3,0.0,0.0
GOLD APERITIF GLASS,173,0.0,0.0
GOLD CHRISTMAS STOCKING DECORATION,1,0.0,0.0
GOLD COSMETIC BAG PINK STAR,46,0.0,0.0
GOLD COSMETICS BAG WITH BUTTERFLY,20,0.0,0.0
GOLD DIAMANTE STAR BROOCH,16,0.0,0.0
GOLD EAR MUFF HEADPHONES,103,6.0,5.825242718446602
GOLD FABRIC MIRROR,529,0.0,0.0
GOLD FISHING GNOME,126,0.0,0.0
GOLD FLOWER CUSHION COVER ,24,5.0,20.833333333333336
GOLD JEWELERY BOX,20,2.0,10.0
GOLD M PEARL  ORBIT NECKLACE,32,0.0,0.0
GOLD M.O.P ORBIT BRACELET,32,0.0,0.0
GOLD M.O.P ORBIT DROP EARRINGS,39,0.0,0.0
GOLD M.O.P. ORBIT NECKLACE,2,0.0,0.0
GOLD MINI TAPE MEASURE ,1927,300.0,15.568240788790867
GOLD MUG BONE CHINA TREE OF LIFE,1199,41.0,3.419516263552961
GOLD PHOTO FRAME,474,6.0,1.2658227848101267
GOLD PRINT PAPER BAG,420,0.0,0.0
GOLD SCROLL GLASS T-LIGHT HOLDER,193,3.0,1.5544041450777202
GOLD STANDING GNOME,276,0.0,0.0
GOLD TEDDY BEAR,87,0.0,0.0
GOLD WASHBAG,1823,865.0,47.44925946242458
GOLD WINE GLASS,361,6.0,1.662049861495845
GOLD WINE GOBLET,253,4.0,1.5810276679841897
GOLD/AMBER DROP EARRINGS W LEAF,45,0.0,0.0
GOLD/M.O.P PENDANT ORBIT NECKLACE,37,0.0,0.0
GOLDIE LOOKING MIRROR,42,14.0,33.33333333333333
GOTHIC CARRIAGE LANTERN,8,0.0,0.0
GRAND CHOCOLATECANDLE,19712,62.0,0.3145292207792208
GRASS HOPPER WOODEN WALL CLOCK ,373,6.0,1.6085790884718498
GREEN  DIAMANTE PEN IN GIFT BOX,347,0.0,0.0
GREEN  SPOTTY PLATE ,1308,0.0,0.0
GREEN 3 PIECE MINI DOTS CUTLERY SET,1961,13.0,0.6629270780214177
GREEN 3 PIECE POLKADOT CUTLERY SET,1573,0.0,0.0
GREEN 3 TIER GLASS PLATE STAND,74,6.0,8.108108108108109
GREEN BIRDHOUSE DECORATION,973,0.0,0.0
GREEN BITTY LIGHT CHAIN,219,3.0,1.36986301369863
GREEN BLUE FLOWER PIGGY BANK,242,1.0,0.4132231404958678
GREEN CAT FLORAL CUSHION COVER ,420,2.0,0.4761904761904762
GREEN CHENILLE SHAGGY C/COVER,1,0.0,0.0
GREEN CHENILLE SHAGGY RUG,45,0.0,0.0
GREEN CHERRY LIGHTS,532,194.0,36.46616541353384
GREEN CHRISTMAS TREE CARD HOLDER,2104,49.0,2.328897338403042
GREEN CHRISTMAS TREE STRING 20LIGHT,471,12.0,2.547770700636943
GREEN CRYSTAL DROP EARRINGS,12,0.0,0.0
GREEN DRAWER KNOB ACRYLIC EDWARDIAN,2368,12.0,0.5067567567567568
GREEN DROP EARRINGS W BEAD CLUSTER,21,0.0,0.0
GREEN EASTER EGG HUNT START POST,113,8.0,7.079646017699115
GREEN ENAMEL FLOWER HAIR TIE,31,6.0,19.35483870967742
GREEN ENAMEL FLOWER RING,133,0.0,0.0
GREEN ENAMEL+GLASS HAIR COMB,380,0.0,0.0
GREEN FERN JOURNAL ,767,0.0,0.0
GREEN FERN NOTEBOOK,3484,1.0,0.02870264064293915
GREEN FERN POCKET BOOK,5728,0.0,0.0
GREEN FERN SKETCHBOOK ,458,4.0,0.8733624454148471
GREEN FLORAL FELTCRAFT SHOULDER BAG,43,0.0,0.0
GREEN GEISHA GIRL ,93,0.0,0.0
GREEN GIANT GARDEN THERMOMETER,468,14.0,2.9914529914529915
GREEN GINGHAM FLOWER JEWELLERY BOX,1483,2.0,0.13486176668914363
GREEN GLASS TASSLE BAG CHARM,107,0.0,0.0
GREEN GOOSE FEATHER CHRISTMAS TREE ,283,0.0,0.0
GREEN GOOSE FEATHER TREE 60CM,299,2.0,0.6688963210702341
GREEN HEART COMPACT MIRROR,344,0.0,0.0
GREEN HEART OF GLASS BRACELET,27,0.0,0.0
GREEN JUICY FRUIT PHOTO FRAME,429,6.0,1.3986013986013985
GREEN KASHMIRI BOXED MIRROR,23,0.0,0.0
GREEN KASHMIRI OCCASIONAL TABLE,9,0.0,0.0
GREEN LEAVES AND BEADS PHONE CHARM,17,0.0,0.0
GREEN METAL BOX ARMY SUPPLIES,467,6.0,1.284796573875803
GREEN METAL BOX TOP SECRET,16,0.0,0.0
GREEN METAL SWINGING BUNNY,944,27.0,2.860169491525424
GREEN MINI TAPE MEASURE ,1610,0.0,0.0
GREEN MURANO TWIST BRACELET,109,0.0,0.0
GREEN MURANO TWIST NECKLACE,22,0.0,0.0
GREEN PAIR HEART HAIR SLIDES,32,4.0,12.5
GREEN PENDANT SHELL NECKLACE,5,0.0,0.0
GREEN PENDANT TRIPLE SHELL NECKLACE,20,0.0,0.0
GREEN PEONY CUSHION COVER,255,0.0,0.0
GREEN PEONY DES C/COVER,11,2.0,18.181818181818183
GREEN PICNIC BARBECUE BUCKET,105,0.0,0.0
GREEN POLKADOT BOWL,1848,7.0,0.3787878787878788
GREEN POLKADOT CUP,111,0.0,0.0
GREEN POLKADOT PLATE ,1259,4.0,0.3177124702144559
GREEN POP ART MAO CUSHION COVER ,286,0.0,0.0
GREEN REGENCY TEACUP AND SAUCER,9621,184.0,1.9124831098638395
GREEN ROSE CUSHION COVER,246,0.0,0.0
GREEN ROSE QUILT ,14,0.0,0.0
GREEN ROSE WASHBAG,1125,0.0,0.0
GREEN ROUND COMPACT MIRROR,291,2.0,0.6872852233676976
GREEN SPOTTY BOWL,1564,8.0,0.5115089514066496
GREEN SPOTTY CUP,2102,1.0,0.04757373929590866
GREEN SQUARE COMPACT MIRROR,373,0.0,0.0
GREEN STONE/CRYSTAL EARRINGS,25,0.0,0.0
GREEN SWEETHEART BRACELET,209,16.0,7.655502392344498
GREEN VINTAGE EARRINGS ,88,1.0,1.1363636363636365
GREEN VINTAGE SPOT BEAKER,4625,18.0,0.38918918918918916
GREEN WIRE GOBLET CANDLEHOLDER,11,0.0,0.0
GREEN WIRE STANDING CANDLE HOLDER,66,0.0,0.0
GREEN WITH METAL BAG CHARM,31,10.0,32.25806451612903
GREEN/BLUE CERAMIC CANDLE HOLDER,58,0.0,0.0
GREEN/BLUE FLOWER DESIGN BIG MUG,27,0.0,0.0
"GREETING CARD, BLACKPOOL ROCK",28,0.0,0.0
"GREETING CARD, OVERCROWDED POOL.",472,0.0,0.0
"GREETING CARD, RITA",341,0.0,0.0
"GREETING CARD, STICKY GORDON",319,12.0,3.761755485893417
"GREETING CARD, THE BLACK CAT",74,0.0,0.0
"GREETING CARD, TWO SISTERS.",247,0.0,0.0
"GREETING CARD,SQUARE, DOUGHNUTS",252,0.0,0.0
GREY ACRYLIC FACETED BANGLE,88,0.0,0.0
GREY FLORAL FELTCRAFT SHOULDER BAG,1055,20.0,1.8957345971563981
GREY HEART HOT WATER BOTTLE,5759,32.0,0.5556520229206459
GROOVY CACTUS INFLATABLE,315,0.0,0.0
GROW A FLYTRAP OR SUNFLOWER IN TIN,17875,72.0,0.40279720279720277
GROW YOUR OWN BASIL IN ENAMEL MUG,2644,10.0,0.37821482602118006
GROW YOUR OWN FLOWERS SET OF 3,866,18.0,2.0785219399538106
GROW YOUR OWN HERBS SET OF 3,683,5.0,0.7320644216691069
GROW YOUR OWN PLANT IN A CAN ,10132,114.0,1.1251480457954994
GUMBALL COAT RACK,11868,294.0,2.4772497472194135
"GUMBALL COATHOOK., BLACK & WHITE ",20,0.0,0.0
GUMBALL CUSTOM CARS TOP TRUMPS GAME,3,0.0,0.0
GUMBALL MAGAZINE RACK,867,51.0,5.88235294117647
GUMBALL MONOCHROME COAT RACK,1447,28.0,1.9350380096751902
GYMKHANA TREASURE BOOK BOX,1715,37.0,2.1574344023323615
GYMKHANNA TREASURE BOOK BOX,120,0.0,0.0
Glow In The Dark Shot Glasses ,3,0.0,0.0
HAIRCLIPS FORTIES FABRIC ASSORTED,2987,77.0,2.5778372949447603
HALL CABINET WITH 3 DRAWERS,120,0.0,0.0
HAND OPEN SHAPE BLACK,17,2.0,11.76470588235294
HAND OPEN SHAPE DECO.WHITE,883,21.0,2.378255945639864
HAND OPEN SHAPE GOLD,715,11.0,1.5384615384615385
HAND OPEN SHAPE PINK,2,1.0,50.0
HAND OVER THE CHOCOLATE   SIGN ,16373,101.0,0.6168692359372137
HAND PAINTED HANGING EASTER EGG,22,0.0,0.0
HAND TOWEL PALE BLUE W FLOWERS,261,0.0,0.0
HAND TOWEL PINK FLOWER AND DAISY,234,0.0,0.0
HAND WARMER BABUSHKA DESIGN,6792,215.0,3.1654888103651357
HAND WARMER BIRD DESIGN,11872,82.0,0.6907008086253369
HAND WARMER OWL DESIGN,14537,126.0,0.8667538006466259
HAND WARMER RED LOVE HEART,3986,0.0,0.0
HAND WARMER RED POLKA DOT,2592,0.0,0.0
HAND WARMER RED RETROSPOT,7698,35.0,0.45466354897375943
HAND WARMER SCOTTY DOG DESIGN,12778,135.0,1.056503365158867
HAND WARMER UNION JACK,8541,39.0,0.45662100456621
HANDZ-OFF CAR FRESHENER,1,0.0,0.0
HANGING  BUTTERFLY T-LIGHT HOLDER,1328,22.0,1.6566265060240966
HANGING BAUBLE T-LIGHT HOLDER LARGE,267,6.0,2.247191011235955
HANGING BAUBLE T-LIGHT HOLDER SMALL,559,111.0,19.856887298747765
HANGING BUTTERFLY  EGG,1176,36.0,3.061224489795918
HANGING CHICK  YELLOW DECORATION,1139,0.0,0.0
HANGING CHICK CREAM DECORATION,1293,24.0,1.8561484918793503
HANGING CHICK GREEN DECORATION,906,0.0,0.0
HANGING CLEAR MINI BOTTLE,1734,8.0,0.461361014994233
HANGING ENGRAVED METAL HEART,294,0.0,0.0
HANGING FAIRY CAKE DECORATION,2164,205.0,9.473197781885398
"HANGING FLOWERS+MIRROR,BLUE",528,0.0,0.0
"HANGING FLOWERS+MIRROR,CLEAR",235,0.0,0.0
"HANGING FLOWERS+MIRROR,PINK",324,0.0,0.0
HANGING GLASS ETCHED TEALIGHT,1361,0.0,0.0
HANGING HEART BASKET,146,1.0,0.684931506849315
HANGING HEART BONHEUR,606,1.0,0.16501650165016502
HANGING HEART JAR T-LIGHT HOLDER,21689,361.0,1.6644381944764628
HANGING HEART MIRROR DECORATION ,3038,2.0,0.06583278472679394
HANGING HEART WITH BELL,4619,48.0,1.0391859709893916
HANGING HEART ZINC T-LIGHT HOLDER,26817,125.0,0.4661222358951412
HANGING HEN ON NEST DECORATION,828,0.0,0.0
HANGING JAM JAR T-LIGHT HOLDER,30176,324.0,1.0737009544008482
HANGING JAM JAR T-LIGHT HOLDERS,2813,3.0,0.10664770707429791
HANGING MEDINA LANTERN LARGE,740,3.0,0.40540540540540543
HANGING MEDINA LANTERN SMALL,1014,54.0,5.325443786982249
HANGING METAL BIRD BATH,371,9.0,2.4258760107816713
HANGING METAL CHICKEN DECORATION,148,0.0,0.0
HANGING METAL HEART LANTERN,7847,250.0,3.185930929017459
HANGING METAL RABBIT DECORATION,476,0.0,0.0
HANGING METAL STAR LANTERN,4517,145.0,3.2100951959265
HANGING MINI COLOURED BOTTLES,3442,0.0,0.0
HANGING PHOTO CLIP ROPE LADDER,1638,15.0,0.9157509157509158
HANGING QUILTED PATCHWORK APPLES,1258,47.0,3.7360890302066774
HANGING RIDGE GLASS T-LIGHT HOLDER,1396,128.0,9.169054441260744
HANGING SPRING FLOWER EGG LARGE,1818,33.0,1.8151815181518154
HANGING SPRING FLOWER EGG SMALL,1760,29.0,1.6477272727272725
HANGING SPRING FLOWER HEART SMALL,3,0.0,0.0
HANGING WOOD AND FELT BUTTERFLY ,1463,0.0,0.0
HANGING WOOD AND FELT FLOWER,2353,1.0,0.042498937526561836
HANGING WOOD AND FELT HEART,1208,24.0,1.9867549668874174
HAPPY ANNIVERSARY CANDLE LETTERS,175,0.0,0.0
HAPPY BIRTHDAY CARD STRIPEY TEDDY,39,0.0,0.0
HAPPY BIRTHDAY CARD TEDDY/CAKE,10,0.0,0.0
HAPPY BIRTHDAY GINGER CAT CARD,2,0.0,0.0
HAPPY EASTER HANGING DECORATION,685,26.0,3.795620437956204
HAPPY STENCIL CRAFT,5942,3.0,0.05048805116122518
HARDMAN MUG 3 ASSORTED,65,0.0,0.0
HAWAIIAN GRASS SKIRT ,678,0.0,0.0
HAYNES CAMPER SHOULDER BAG,4,0.0,0.0
HAYNES MINI-COOPER PLAYING CARDS,1,0.0,0.0
HEADS AND TAILS SPORTING FUN,3526,0.0,0.0
HEART BEADED TRELLIS DECORATION,249,0.0,0.0
HEART BUTTONS JEWELLERY BOX,100,0.0,0.0
HEART CALCULATOR,2370,44.0,1.8565400843881856
HEART DECORATION PAINTED ZINC ,8666,495.0,5.711977844449573
HEART DECORATION RUSTIC HANGING ,6726,88.0,1.3083556348498364
HEART DECORATION WITH PEARLS ,6156,217.0,3.52501624431449
HEART EAR MUFF HEADPHONES,165,4.0,2.4242424242424243
HEART FILIGREE DOVE  SMALL,16671,107.0,0.6418331233879191
HEART FILIGREE DOVE LARGE,8411,48.0,0.5706812507430745
HEART GARLAND RUSTIC PADDED,1218,12.0,0.9852216748768473
HEART IVORY TRELLIS LARGE,9719,8.0,0.08231299516411153
HEART IVORY TRELLIS SMALL,13715,275.0,2.005103900838498
HEART MEASURING SPOONS LARGE,84,0.0,0.0
HEART MEASURING SPOONS SMALL,12,0.0,0.0
HEART MINI PORTRAIT FRAME,518,1.0,0.19305019305019305
HEART MIRROR ANTIQUE WHITE,358,2.0,0.5586592178770949
HEART OF WICKER LARGE,17773,396.0,2.2280988015529175
HEART OF WICKER SMALL,27908,281.0,1.0068797477425828
HEART SHAPE BUTTON FRAME ,139,0.0,0.0
HEART SHAPE WIRELESS DOORBELL,944,21.0,2.2245762711864407
HEART SHAPED HOLLY WREATH,950,1.0,0.10526315789473684
HEART SHAPED MIRROR,1990,9.0,0.4522613065326633
HEART STRING MEMO HOLDER HANGING,1269,79.0,6.225374310480693
HEART T-LIGHT HOLDER,2054,207.0,10.077896786757547
HEART T-LIGHT HOLDER ,670,0.0,0.0
HEART T-LIGHT HOLDER WILLIE WINKIE,969,4.0,0.41279669762641896
HEART TRELLIS TRIPLE T-LIGHT HOLDER,129,0.0,0.0
HEART TRELLISTRIPLE T-LIGHT HOLDER,56,0.0,0.0
HEART WOODEN CHRISTMAS DECORATION,5074,288.0,5.675995270003941
HEART WREATH DECORATION WITH BELL,2284,60.0,2.626970227670753
HEARTS  STICKERS,2125,36.0,1.6941176470588233
HEARTS GIFT TAPE,1567,0.0,0.0
HEARTS PENCIL/RUBBER+5 MINI PENCILS,169,14.0,8.284023668639055
HEARTS WRAPPING TAPE ,650,150.0,23.076923076923077
HEAVENS SCENT FRAGRANCE OILS ASSTD,1211,6.0,0.495458298926507
HELLO SAILOR BATHROOM SET,1505,720.0,47.840531561461795
HELLO SAILOR BLUE SOAP HOLDER,470,23.0,4.8936170212765955
HEN & 2 CHICKS IN BASKET,59,0.0,0.0
HEN HOUSE DECORATION,2465,26.0,1.054766734279919
HEN HOUSE W CHICK IN NEST,112,0.0,0.0
HEN HOUSE W CHICK STANDING,340,1.0,0.29411764705882354
HEN HOUSE W FAMILY IN BARN & NEST,77,0.0,0.0
HEN HOUSE WITH CHICK STANDING,14,0.0,0.0
HEN PARTY BANNER TAPE,12,0.0,0.0
HEN PARTY CORDON BARRIER TAPE,226,1.0,0.4424778761061947
HENRIETTA HEN MUG ,306,16.0,5.228758169934641
HERB MARKER BASIL,3478,1527.0,43.90454284071305
HERB MARKER CHIVES ,1771,12.0,0.6775832862789385
HERB MARKER MINT,1800,12.0,0.6666666666666667
HERB MARKER PARSLEY,1925,12.0,0.6233766233766234
HERB MARKER ROSEMARY,1996,12.0,0.6012024048096193
HERB MARKER THYME,1962,12.0,0.6116207951070336
HEXAGONAL CRYSTAL PERFUME BOTTLE,1,0.0,0.0
HI TEC ALPINE HAND WARMER,1306,12.0,0.9188361408882083
HIGH SCHOOL MUSICAL 3 TOP TRUMPS ,2,0.0,0.0
HILDA CANDY SPOT RABBIT,164,1.0,0.6097560975609756
HIPPY CHIC DECORATIVE PARASOL,221,0.0,0.0
HOLIDAY FUN LUDO,2058,88.0,4.275996112730807
HOLLY TOP CHRISTMAS STOCKING,682,0.0,0.0
HOLLYHOCK SQUARE HANDY TIN,1,0.0,0.0
HOME BUILDING BLOCK WORD,7595,39.0,0.5134957208689928
HOME GARLAND PAINTED ZINC ,1817,70.0,3.8525041276829937
HOME SMALL WOOD LETTERS,984,19.0,1.9308943089430894
HOME SWEEET HOME 3 PEG HANGER ,25,0.0,0.0
HOME SWEET HOME  BLACKBOARD,3,1.0,33.33333333333333
HOME SWEET HOME 2 DRAWER CABINET,252,1.0,0.3968253968253968
HOME SWEET HOME 3 PEG HANGER ,271,0.0,0.0
HOME SWEET HOME BLACKBOARD,1011,29.0,2.868447082096934
HOME SWEET HOME BOTTLE ,473,1.0,0.21141649048625794
HOME SWEET HOME CUSHION COVER ,801,21.0,2.6217228464419478
HOME SWEET HOME HANGING HEART,1914,0.0,0.0
HOME SWEET HOME HOOK,328,5.0,1.524390243902439
HOME SWEET HOME KEY HOLDER,456,3.0,0.6578947368421052
HOME SWEET HOME METAL SIGN ,5981,22.0,0.3678314663099816
HOME SWEET HOME MUG,14054,1086.0,7.727337412836204
HOMEMADE JAM SCENTED CANDLES,14461,140.0,0.9681211534472027
"HOOK, 1 HANGER ,MAGIC GARDEN",4633,31.0,0.6691128858191236
"HOOK, 3 HANGER ,MAGIC GARDEN",2028,43.0,2.1203155818540433
"HOOK, 5 HANGER , MAGIC TOADSTOOL",2982,7.0,0.2347417840375587
"HOOK, 5 HANGER ,MAGIC TOADSTOOL RED",3152,53.0,1.681472081218274
HORSE & PONY WALL ART,256,0.0,0.0
HOT BATHS METAL SIGN,12877,107.0,0.8309388832802671
HOT BATHS SOAP HOLDER,1558,24.0,1.540436456996149
HOT STUFF HOT WATER BOTTLE,594,38.0,6.397306397306397
HOT WATER BOTTLE BABUSHKA ,3398,37.0,1.088875809299588
HOT WATER BOTTLE BABUSHKA LARGE,136,0.0,0.0
HOT WATER BOTTLE I AM SO POORLY,5302,408.0,7.695209354960392
HOT WATER BOTTLE KEEP CALM,5816,96.0,1.6506189821182942
HOT WATER BOTTLE SEX BOMB,450,0.0,0.0
HOT WATER BOTTLE TEA AND SYMPATHY,11677,220.0,1.8840455596471697
HOUSE SHAPE PENCIL SHARPENER,3357,48.0,1.4298480786416443
HOUSE WRECKING METAL SIGN ,757,97.0,12.813738441215325
HYACINTH BULB T-LIGHT CANDLES,4271,153.0,3.582299227347226
High Resolution Image,4,0.0,0.0
Hypochondriac Pill Stress Ball,10,0.0,0.0
I CAN ONLY PLEASE ONE PERSON MUG,6083,97.0,1.594607923721848
I LOVE LONDON BABY GIFT SET,263,0.0,0.0
I LOVE LONDON BEAKER,860,34.0,3.953488372093023
I LOVE LONDON WALL ART,12,0.0,0.0
I'M ON HOLIDAY METAL SIGN,5163,21.0,0.40674026728646134
ICE CREAM BUBBLES,2668,20.0,0.7496251874062968
ICE CREAM DESIGN GARDEN PARASOL,470,4.0,0.851063829787234
ICE CREAM PEN LIP GLOSS ,6831,48.0,0.7026789635485288
ICE CREAM SUNDAE LIP GLOSS,8076,28.0,0.3467062902426944
"ICON ALARM CLOCK,FUSCHIA  PIN UP",23,0.0,0.0
ICON MUG REVOLUTIONARY,703,0.0,0.0
ICON PLACEMAT POP ART ELVIS,912,0.0,0.0
IF YOU CAN'T STAND THE HEAT MUG,2010,91.0,4.527363184079602
ILLUSTRATED CAT BOWL ,1894,1.0,0.05279831045406547
INCENSE BAZAAR CANNABIS,228,0.0,0.0
INCENSE BAZAAR PEACH,6,0.0,0.0
INFLATABLE POLITICAL GLOBE ,8671,1223.0,14.104486218429246
INLAID WOOD INCENSE HOLDER,3707,0.0,0.0
IVORY CAFE HANGING LAMP ,116,0.0,0.0
IVORY CHANDELIER T-LIGHT HOLDER,657,432.0,65.75342465753424
IVORY DINER WALL CLOCK,1659,345.0,20.795660036166367
IVORY EMBROIDERED QUILT ,59,0.0,0.0
IVORY ENCHANTED FOREST PLACEMAT,2073,2.0,0.0964785335262904
IVORY FELT EASTER RABBIT GARLAND,66,0.0,0.0
IVORY GIANT GARDEN THERMOMETER,680,15.0,2.2058823529411766
IVORY GOLD METAL BAG CHARM,20,7.0,35.0
IVORY HANGING BIRD PLANTER ,276,8.0,2.898550724637681
IVORY HANGING DECORATION  BIRD,2299,30.0,1.3049151805132666
IVORY HANGING DECORATION  BUTTERFLY,1917,0.0,0.0
IVORY HANGING DECORATION  CHICKEN,311,0.0,0.0
IVORY HANGING DECORATION  EGG,1148,0.0,0.0
IVORY HANGING DECORATION  HEART,10832,6.0,0.055391432791728215
IVORY HANGING DECORATION  RABBIT,25,0.0,0.0
IVORY KITCHEN SCALES,3152,26.0,0.8248730964467006
IVORY KNITTED MUG COSY ,1142,0.0,0.0
IVORY LOVE BIRD CANDLE,1252,12.0,0.9584664536741214
IVORY PANTRY HANGING LAMP ,2,0.0,0.0
IVORY PAPER CUP CAKE CASES ,3196,42.0,1.3141426783479349
IVORY PENDANT SHELL NECKLACE,1,0.0,0.0
IVORY PENDANT TRIPLE SHELL NECKLACE,13,0.0,0.0
IVORY PILLAR CANDLE GOLD FLOCK,1125,0.0,0.0
IVORY PILLAR CANDLE SILVER FLOCK,1232,6.0,0.487012987012987
IVORY REFECTORY CLOCK,213,12.0,5.633802816901409
IVORY RETRO KITCHEN WALL CLOCK,77,2.0,2.5974025974025974
IVORY ROSE LAMPSHADE ,39,0.0,0.0
IVORY SCULPTED RND CANDLE ,74,0.0,0.0
IVORY SHELL HEART EARRINGS,22,0.0,0.0
IVORY SHELL HEART NECKLACE,48,0.0,0.0
IVORY STRING CURTAIN WITH POLE ,551,1.0,0.18148820326678766
IVORY SWEETHEART SOAP DISH,148,1.0,0.6756756756756757
IVORY SWEETHEART WIRE LETTER RACK ,554,7.0,1.263537906137184
IVORY WALL CLOCK,60,0.0,0.0
IVORY WICKER HEART LARGE,2059,2.0,0.09713453132588634
IVORY WICKER HEART MEDIUM,2089,12.0,0.5744375299186213
IVORY WICKER HEART SMALL,2271,0.0,0.0
IVORY WIRE KITCHEN ORGANISER,121,2.0,1.6528925619834711
IVORY WIRE SWEETHEART LETTER TRAY,135,0.0,0.0
IVY HEART WREATH,553,8.0,1.4466546112115732
JACOBS LADDER SMALL,2072,0.0,0.0
JADE CRYSTAL+GLASS BRACELET,46,0.0,0.0
JADE DROP EARRINGS W FILIGREE,94,2.0,2.127659574468085
JADE GREEN ENAMEL HAIR COMB,106,0.0,0.0
JADE GREEN PAIR ENAMEL HAIR SLIDES,1,0.0,0.0
JAM CLOCK MAGNET,327,5.0,1.529051987767584
JAM JAR WITH BLUE LID,26,0.0,0.0
JAM JAR WITH GREEN LID,3670,115.0,3.1335149863760217
JAM JAR WITH PINK LID,4366,85.0,1.946862116353642
JAM MAKING SET PRINTED,17252,344.0,1.9939717134245305
JAM MAKING SET WITH JARS,9019,247.0,2.738662822929371
JAPANESE CROCHETED ANIMAL,5196,150.0,2.886836027713626
JARDIN DE FEMME SCENTED CANDLE,657,0.0,0.0
JARDIN ETCHED GLASS BUTTER DISH,68,2.0,2.941176470588235
JARDIN ETCHED GLASS CANDLEHLDR LONG,61,2.0,3.278688524590164
JARDIN ETCHED GLASS CHEESE DISH,219,0.0,0.0
JARDIN ETCHED GLASS FRUITBOWL,182,11.0,6.043956043956044
JARDIN ETCHED GLASS GINGER JAR,57,1.0,1.7543859649122806
JARDIN ETCHED GLASS LARGE BELL JAR,91,3.0,3.296703296703297
JARDIN ETCHED GLASS SMALL BELL JAR,118,0.0,0.0
JASMINE TEA INCENSE IN TIN,276,0.0,0.0
JASMINE VOTIVE CANDLE,2946,0.0,0.0
JAZZ HEARTS ADDRESS BOOK,6311,14.0,0.2218348914593567
JAZZ HEARTS MAGNETIC MEMO PAD,7084,0.0,0.0
JAZZ HEARTS MEMO PAD,10967,0.0,0.0
JAZZ HEARTS PURSE NOTEBOOK,6151,0.0,0.0
JAZZ HEARTS SPIRAL NOTEPAD,47,0.0,0.0
JELLY BABIES YELLOW SMALL BOWL,428,1.0,0.23364485981308408
JET BLACK LAS VEGAS BRACELET ROUND,37,0.0,0.0
JET BLACK LAS VEGAS NECKLACE 45CM,35,2.0,5.714285714285714
"JEWELLED DECORATION,BLUE",150,0.0,0.0
"JEWELLED DECORATION,PINK",2,0.0,0.0
JIGSAW RABBIT AND BIRDHOUSE,949,62.0,6.533192834562697
JIGSAW TOADSTOOLS 3 PIECE,1093,74.0,6.77035681610247
JIGSAW TREE WITH BIRDHOUSE,2135,107.0,5.011709601873536
JIGSAW TREE WITH WATERING CAN,1657,45.0,2.715751357875679
JINGLE BELL HEART ANTIQUE GOLD,777,0.0,0.0
JINGLE BELL HEART ANTIQUE SILVER,3564,120.0,3.3670033670033668
JINGLE BELL HEART DECORATION,3820,28.0,0.7329842931937173
JINGLE BELLS TREE DECORATION,477,2.0,0.41928721174004197
JOY LARGE WOOD LETTERS,441,2.0,0.45351473922902497
JOY WOODEN BLOCK LETTERS,799,2.0,0.2503128911138924
JUMBO  BAG BAROQUE BLACK WHITE,30657,313.0,1.020974002674756
JUMBO BAG 50'S CHRISTMAS ,10285,262.0,2.547399124939232
JUMBO BAG ALPHABET,13366,594.0,4.444111925781835
JUMBO BAG APPLES,14908,723.0,4.849745103300242
JUMBO BAG CHARLIE AND LOLA TOYS,4590,11.0,0.23965141612200436
JUMBO BAG DOILEY PATTERNS,8893,22.0,0.2473855841673226
JUMBO BAG DOLLY GIRL DESIGN,5764,34.0,0.5898681471200555
JUMBO BAG OWLS,20814,252.0,1.2107235514557508
JUMBO BAG PAISLEY PARK,5020,122.0,2.4302788844621515
JUMBO BAG PEARS,7067,134.0,1.896136974671006
JUMBO BAG PINK POLKADOT,25235,461.0,1.8268278185060431
JUMBO BAG PINK VINTAGE PAISLEY,25608,272.0,1.0621680724773508
JUMBO BAG PINK WITH WHITE SPOTS,14202,21.0,0.1478664976763836
JUMBO BAG RED RETROSPOT,77699,1191.0,1.5328382604666726
JUMBO BAG RED WHITE SPOTTY ,14060,6.0,0.042674253200568994
JUMBO BAG SCANDINAVIAN BLUE PAISLEY,8411,265.0,3.1506360718107236
JUMBO BAG SCANDINAVIAN PAISLEY,15857,30.0,0.18919089361165417
JUMBO BAG SPACEBOY DESIGN,17057,426.0,2.497508354341326
JUMBO BAG STRAWBERRY,37061,283.0,0.7636059469523219
JUMBO BAG TOYS ,12643,38.0,0.30056157557541724
JUMBO BAG VINTAGE CHRISTMAS ,6078,271.0,4.458703520895031
JUMBO BAG VINTAGE DOILEY ,144,0.0,0.0
JUMBO BAG VINTAGE DOILY ,11448,568.0,4.96156533892383
JUMBO BAG VINTAGE LEAF,10941,242.0,2.2118636322091216
JUMBO BAG WOODLAND ANIMALS,17710,251.0,1.417278373800113
JUMBO SHOPPER VINTAGE RED PAISLEY,27281,441.0,1.6165096587368497
JUMBO STORAGE BAG SKULLS,13390,6.0,0.04480955937266617
JUMBO STORAGE BAG SUKI,29182,390.0,1.3364402714001782
JUNGLE POPSICLES ICE LOLLY HOLDERS,1543,12.0,0.7777057679844459
JUNGLE POPSICLES ICE LOLLY MOULDS,960,24.0,2.5
KASBAH LANTERN WITH GLASS ,72,0.0,0.0
KASHMIR FOLKART HEART DISHES,3,0.0,0.0
KASHMIR FOLKART TUMBLERS,2542,18.0,0.7081038552321007
KEEP CALM BIRTHDAY WRAP,50,0.0,0.0
KEEP CALM WALL ART ,269,0.0,0.0
KEEP OUT BOYS DOOR HANGER ,2360,86.0,3.6440677966101696
KEEP OUT GIRLS DOOR HANGER ,794,74.0,9.319899244332493
KENSINGTON COFFEE SET,1600,0.0,0.0
KEY CABINET MA CAMPAGNE,662,7.0,1.0574018126888218
"KEY FOB , BACK DOOR ",6158,153.0,2.4845729132835337
"KEY FOB , FRONT  DOOR ",5359,57.0,1.0636312744915097
"KEY FOB , GARAGE DESIGN",5899,67.0,1.135785726394304
"KEY FOB , SHED",8323,5.0,0.06007449237053947
KEY RING BASEBALL BOOT ASSORTED ,1626,0.0,0.0
KEY RING BASEBALL BOOT UNION JACK,1821,0.0,0.0
KEY-RING CORKSCREW,1,0.0,0.0
KID'S CHALKBOARD/EASEL,5,0.0,0.0
KIDS CUTLERY DOLLY GIRL ,36,0.0,0.0
KIDS CUTLERY SPACEBOY ,36,0.0,0.0
KIDS RAIN MAC BLUE,3375,73.0,2.162962962962963
KIDS RAIN MAC PINK,2920,92.0,3.1506849315068495
KINGS CHOICE BISCUIT TIN,2073,48.0,2.3154848046309695
KINGS CHOICE CIGAR BOX MATCHES ,3448,26.0,0.7540603248259861
KINGS CHOICE GIANT TUBE MATCHES,2583,37.0,1.4324428958575302
KINGS CHOICE MUG,6818,71.0,1.0413611029627456
KINGS CHOICE SMALL TUBE MATCHES,117,0.0,0.0
KINGS CHOICE TEA CADDY ,2651,61.0,2.3010184835910974
KISS REINDEER SCANDINAVIAN STOCKING,5,6.0,120.0
KISSING REINDEER TABLE RUNNER,1,0.0,0.0
KITCHEN FLOWER POTS WALL PLAQUE,585,0.0,0.0
KITCHEN METAL SIGN,5595,13.0,0.2323503127792672
KITTENS DESIGN FLANNEL,1789,2.0,0.11179429849077697
KITTY PENCIL ERASERS,2652,28.0,1.0558069381598794
KNEELING MAT HOUSEWORK  DESIGN,1536,36.0,2.34375
KNICKERBOCKERGLORY MAGNET ASSORTED ,2221,169.0,7.609185051778478
KNITTED MUG COSY IVORY COLOUR ,597,13.0,2.1775544388609713
KNITTED POM POM HOT WATER BOTTLE,6,0.0,0.0
KNITTED RABBIT DOLL ,55,0.0,0.0
KNITTED RAINBOW HOT WATER BOTTLE,53,8.0,15.09433962264151
KNITTED UNION FLAG HOT WATER BOTTLE,6830,60.0,0.8784773060029283
L BLUE C/COVER W PINK/YELLOW FLOWER,8,0.0,0.0
LA JARDIN BOTANIQUE CUSHION COVER,87,0.0,0.0
LA PALMIERA METAL SIGN CALENDAR,764,0.0,0.0
LA PALMIERA TILE COASTER,773,0.0,0.0
LA PALMIERA TILE HOOK,953,435.0,45.64533053515215
LA PALMIERA WALL THERMOMETER,452,372.0,82.30088495575221
LA STREGA CANVAS PICTURE ,74,0.0,0.0
LADIES & GENTLEMEN METAL SIGN,8361,26.0,0.3109675876091377
LADLE LOVE HEART PINK,1096,24.0,2.18978102189781
LADLE LOVE HEART RED ,1489,12.0,0.8059100067159166
LADS ONLY TISSUE BOX,2978,107.0,3.593015446608462
LADYBIRD + BEE RAFFIA FOOD COVER,1056,0.0,0.0
LANDMARK FRAME BAKER STREET ,350,0.0,0.0
LANDMARK FRAME CAMDEN TOWN ,568,0.0,0.0
LANDMARK FRAME COVENT GARDEN ,436,1.0,0.22935779816513763
LANDMARK FRAME LONDON BRIDGE ,415,0.0,0.0
LANDMARK FRAME NOTTING HILL ,421,0.0,0.0
LANDMARK FRAME OXFORD STREET,422,0.0,0.0
LANTERN CREAM GAZEBO ,1551,52.0,3.352675693101225
LARGE  TALL CAMPHOR WOOD TOADSTOOL ,183,0.0,0.0
LARGE ANTIQUE WHITE PHOTO FRAME,523,10.0,1.9120458891013385
LARGE APOTHECARY MEASURING JAR ,51,0.0,0.0
LARGE BLACK DIAMANTE HAIRSLIDE,4,0.0,0.0
LARGE BLUE ORIENTAL FOLDING STOOL,136,0.0,0.0
LARGE BLUE PROVENCAL CERAMIC BALL,135,7.0,5.185185185185185
LARGE BONNE JAM JAR  T-LIGHT HOLDER,255,2.0,0.7843137254901961
LARGE CAKE STAND  HANGING STRAWBERY,2171,114.0,5.25103638876094
LARGE CAKE STAND HANGING HEARTS,733,26.0,3.547066848567531
LARGE CAKE TOWEL CHOCOLATE SPOTS,925,0.0,0.0
LARGE CAKE TOWEL PINK SPOTS,1640,6.0,0.3658536585365854
"LARGE CAKE TOWEL, CHOCOLATE SPOTS",248,2.0,0.8064516129032258
LARGE CAMPHOR WOOD FIELD MUSHROOM ,134,0.0,0.0
LARGE CERAMIC TOP STORAGE JAR,3114,102.0,3.275529865125241
LARGE CHINESE STYLE SCISSOR,2314,0.0,0.0
LARGE CHUNKY GLASS ROMAN BOWL,299,13.0,4.3478260869565215
LARGE CIRCULAR MIRROR MOBILE,13968,903.0,6.4647766323024065
LARGE CRYSTAL DIAMANTE HAIRSLIDE,78,0.0,0.0
LARGE DECO JEWELLERY STAND,263,1.0,0.38022813688212925
LARGE ENGLISH ARBORETUM,113,3.0,2.6548672566371683
LARGE FIBRE OPTIC CHRISTMAS TREE,21,0.0,0.0
LARGE GLASS ROSE SCENTED CANDLE ,684,0.0,0.0
LARGE GLASS SUNDAE DISH CLEAR,1005,0.0,0.0
LARGE GREEN PEONY FOLDING STOOL,131,0.0,0.0
LARGE HANGING GLASS+ZINC LANTERN,560,0.0,0.0
LARGE HANGING IVORY & RED WOOD BIRD,3455,27.0,0.7814761215629523
LARGE HEART FLOWERS HOOK   ,587,25.0,4.258943781942079
LARGE HEART MEASURING SPOONS,5043,19.0,0.3767598651596272
LARGE IVORY HEART WALL ORGANISER,782,1.0,0.1278772378516624
LARGE JEWELLERY STAND,10,0.0,0.0
LARGE MEDINA STAMPED METAL BOWL ,559,4.0,0.7155635062611807
LARGE MINT DIAMANTE HAIRSLIDE,38,0.0,0.0
LARGE PARLOUR FRAME,27,0.0,0.0
LARGE PARLOUR PICTURE FRAME,85,0.0,0.0
LARGE PINK GLASS SUNDAE DISH,1092,32.0,2.93040293040293
LARGE PINK PEONY FOLDING STOOL,136,0.0,0.0
LARGE POPCORN HOLDER ,6323,176.0,2.783488850229322
LARGE PURPLE BABUSHKA NOTEBOOK  ,2437,18.0,0.7386130488305294
LARGE RED BABUSHKA NOTEBOOK ,2696,1.0,0.0370919881305638
LARGE RED RETROSPOT WINDMILL,2712,732.0,26.991150442477874
LARGE RED SPOT WINDMILL,2945,12.0,0.40747028862478774
LARGE ROUND CUTGLASS CANDLESTICK,156,10.0,6.41025641025641
LARGE ROUND WICKER PLATTER ,437,0.0,0.0
LARGE SKULL WINDMILL,301,1.0,0.33222591362126247
LARGE SPOTTY CHOCOLATE GIFT BAG,2,0.0,0.0
LARGE STRAWBERRY CHOCOLATE CANDLE,65,0.0,0.0
LARGE STRIPES CHOCOLATE GIFT BAG,1413,20.0,1.4154281670205235
LARGE TAHITI BEACH BAG,238,0.0,0.0
LARGE TORTILLA DESIGN RED BOWL,367,1.0,0.2724795640326975
LARGE TRIFLE DESIGN L BLUE BOWL,230,0.0,0.0
LARGE WHITE CHOCOLATE CANDLE,1,0.0,0.0
LARGE WHITE HEART OF WICKER,3069,63.0,2.0527859237536656
LARGE WHITE HONEYCOMB PAPER BELL  ,1479,0.0,0.0
LARGE WHITE/PINK ROSE ART FLOWER,650,24.0,3.6923076923076925
LARGE YELLOW BABUSHKA NOTEBOOK ,1204,12.0,0.9966777408637874
LARGE ZINC GLASS CANDLEHOLDER,78,0.0,0.0
LARGE ZINC HEART WALL ORGANISER,1065,0.0,0.0
LARGE ZINC/GLASS CANDLEHOLDER,27,0.0,0.0
LASER CUT MULTI STRAND NECKLACE,5,0.0,0.0
LAUNDRY 15C METAL SIGN,5641,6.0,0.10636411983690834
LAUREL HEART ANTIQUE GOLD,525,0.0,0.0
LAUREL HEART ANTIQUE SILVER,1309,0.0,0.0
LAUREL STAR ANTIQUE GOLD,379,0.0,0.0
LAUREL STAR ANTIQUE SILVER ,430,0.0,0.0
LAVENDER INCENSE 40 CONES IN TIN,173,0.0,0.0
LAVENDER INCENSE IN TIN,2085,0.0,0.0
LAVENDER SCENT CAKE CANDLE,1926,48.0,2.4922118380062304
LAVENDER SCENTED FABRIC HEART,5666,60.0,1.0589481115425343
LAVENDER SCENTED SET/9 T-LIGHTS,1039,0.0,0.0
LAVENDER TOILETTE BOTTLE,557,0.0,0.0
LAZER CUT NECKLACE W PASTEL BEADS,59,0.0,0.0
LE GRAND TRAY CHIC SET,152,2.0,1.3157894736842104
LE JARDIN BOTANIQUE CUSHION COVER,559,4.0,0.7155635062611807
LEAVES MAGNETIC  SHOPPING LIST,24,0.0,0.0
LED TEA LIGHTS,634,0.0,0.0
LEOPARD PRINT HOT WATER BOTTLE,51,0.0,0.0
LETS GO SHOPPING COTTON TOTE BAG,732,9.0,1.2295081967213115
"LETTER ""A"" BLING KEY RING",213,6.0,2.8169014084507045
"LETTER ""B"" BLING KEY RING",75,0.0,0.0
"LETTER ""C"" BLING KEY RING",165,6.0,3.6363636363636362
"LETTER ""D"" BLING KEY RING",100,0.0,0.0
"LETTER ""E"" BLING KEY RING",142,6.0,4.225352112676056
"LETTER ""F"" BLING KEY RING",44,0.0,0.0
"LETTER ""G"" BLING KEY RING",100,7.0,7.000000000000001
"LETTER ""H"" BLING KEY RING",83,0.0,0.0
"LETTER ""I"" BLING KEY RING",62,6.0,9.67741935483871
"LETTER ""J"" BLING KEY RING",157,6.0,3.821656050955414
"LETTER ""K"" BLING KEY RING",154,1.0,0.6493506493506493
"LETTER ""L"" BLING KEY RING",176,8.0,4.545454545454546
"LETTER ""M"" BLING KEY RING",138,0.0,0.0
"LETTER ""N"" BLING KEY RING",78,0.0,0.0
"LETTER ""O"" BLING KEY RING",36,0.0,0.0
"LETTER ""P"" BLING KEY RING",77,6.0,7.792207792207792
"LETTER ""R"" BLING KEY RING",91,0.0,0.0
"LETTER ""S"" BLING KEY RING",184,6.0,3.260869565217391
"LETTER ""T"" BLING KEY RING",57,0.0,0.0
"LETTER ""U"" BLING KEY RING",13,0.0,0.0
"LETTER ""V"" BLING KEY RING",38,0.0,0.0
"LETTER ""W"" BLING KEY RING",19,0.0,0.0
"LETTER ""Y"" BLING KEY RING",68,0.0,0.0
"LETTER ""Z"" BLING KEY RING",31,0.0,0.0
LETTER HOLDER HOME SWEET HOME,625,3.0,0.48
LETTER SHAPE PENCIL SHARPENER,4158,110.0,2.6455026455026456
LIBRARY LAMP,42,4.0,9.523809523809524
LIGHT BIRD HOUSE TREE DECORATION,834,4.0,0.4796163069544364
LIGHT DECORATION BATTERY OPERATED,31,0.0,0.0
LIGHT GARLAND BUTTERFILES PINK,1623,25.0,1.5403573629081946
LIGHT PINK CHERRY LIGHTS,1433,458.0,31.960921144452197
LIGHT PINK FLOCK GLASS CANDLEHOLDER,840,0.0,0.0
LIGHT TOPAZ TEAL/AQUA COL NECKLACE,7,0.0,0.0
LIGHTHOUSE PRINTED METAL SIGN,80,0.0,0.0
LILAC DIAMANTE PEN IN GIFT BOX,628,0.0,0.0
LILAC FEATHERS CURTAIN,14,0.0,0.0
LILAC FLOWER BLOCK TABLE LAMP,78,2.0,2.564102564102564
LILAC GAUZE BUTTERFLY LAMPSHADE,68,0.0,0.0
LILAC VOTIVE CANDLE,220,0.0,0.0
LILLIES CANVAS PICTURE,233,0.0,0.0
LILY BROOCH AMETHYST COLOUR,49,0.0,0.0
LILY BROOCH OLIVE COLOUR,50,0.0,0.0
LILY BROOCH WHITE/SILVER COLOUR,7,0.0,0.0
LION SOCK PUPPET,37,0.0,0.0
LIPSTICK PEN BABY PINK,2111,1.0,0.047370914258645196
LIPSTICK PEN FUSCHIA,4721,45.0,0.9531878839228977
LIPSTICK PEN RED,6847,10.0,0.1460493646852636
LITTLE FLOWER SHOPPER BAG,400,400.0,100.0
LITTLE GREEN MONSTER SOFT TOY,40,0.0,0.0
LITTLE PINK MONSTER SOFT TOY,47,0.0,0.0
LOCAL CAFE MUG,1400,1.0,0.07142857142857142
LOLITA  DESIGN  COTTON TOTE BAG,1029,17.0,1.6520894071914478
LONDON BUS COFFEE MUG,4334,16.0,0.36917397323488693
LONG SILVER NECKLACE PASTEL FLOWER,27,1.0,3.7037037037037033
LOO ROLL  METAL SIGN ,340,12.0,3.5294117647058822
LOUVRE CHALKBOARD,49,1.0,2.0408163265306123
LOUVRE VANITY MIRROR,132,2.0,1.5151515151515151
LOVE BUILDING BLOCK WORD,5643,48.0,0.8506113769271665
LOVE GARLAND PAINTED ZINC ,3467,1196.0,34.49668301124892
LOVE HEART NAPKIN BOX ,758,4.0,0.5277044854881267
LOVE HEART POCKET WARMER,4438,2.0,0.04506534474988734
LOVE HEART SOCK HANGER,1989,3.0,0.1508295625942685
LOVE HEART TRINKET POT,3435,11.0,0.32023289665211063
LOVE HOT WATER BOTTLE,2359,9.0,0.38151759220008474
LOVE LARGE WOOD LETTERS ,556,16.0,2.877697841726619
LOVE POTION MASALA INCENSE,456,0.0,0.0
LOVE SEAT ANTIQUE WHITE METAL,58,4.0,6.896551724137931
LOVEBIRD HANGING DECORATION WHITE ,9771,123.0,1.2588271415412957
LOVELY BONBON STICKER SHEET,906,0.0,0.0
LUNCH BAG  BLACK SKULL.,26678,1211.0,4.539320788664818
LUNCH BAG ALPHABET DESIGN,7830,448.0,5.721583652618135
LUNCH BAG APPLE DESIGN,12147,59.0,0.48571663785296787
LUNCH BAG CARS BLUE,24596,1140.0,4.634899983737193
LUNCH BAG DOILEY PATTERN ,6551,4.0,0.0610593802472905
LUNCH BAG DOLLY GIRL DESIGN,9951,68.0,0.6833484071952568
LUNCH BAG PAISLEY PARK  ,3385,10.0,0.29542097488921715
LUNCH BAG PINK POLKADOT,11751,157.0,1.3360565058292913
LUNCH BAG PINK POLKADOTS,10,0.0,0.0
LUNCH BAG PINK RETROSPOT,8914,128.0,1.4359434597262732
LUNCH BAG RED RETROSPOT,22232,596.0,2.680820439006837
LUNCH BAG RED SPOTTY,18085,335.0,1.8523638374343379
LUNCH BAG RED VINTAGE DOILY,1576,0.0,0.0
LUNCH BAG SPACEBOY DESIGN ,19604,253.0,1.2905529483778821
LUNCH BAG SUKI  DESIGN ,14347,44.0,0.3066843242489719
LUNCH BAG SUKI DESIGN ,10301,144.0,1.3979225317930297
LUNCH BAG VINTAGE DOILEY ,71,0.0,0.0
LUNCH BAG VINTAGE DOILY ,6548,36.0,0.5497861942577886
LUNCH BAG VINTAGE LEAF DESIGN,6308,73.0,1.157260621433101
LUNCH BAG WOODLAND,22118,1015.0,4.589022515598155
LUNCH BOX I LOVE LONDON,15941,336.0,2.107772410764695
LUNCH BOX WITH CUTLERY FAIRY CAKES ,1588,5.0,0.3148614609571789
LUNCH BOX WITH CUTLERY RETROSPOT ,5678,31.0,0.5459668897499119
LUNCHBAG PINK RETROSPOT,108,0.0,0.0
LUNCHBAG SPACEBOY DESIGN ,644,0.0,0.0
LUNCHBAG SUKI  DESIGN ,410,0.0,0.0
LUNCHBOX I LOVE LONDON,1,1.0,100.0
LUNCHBOX WITH CUTLERY FAIRY CAKES ,1451,15.0,1.0337698139214335
LUNCHBOX WITH CUTLERY RETROSPOT ,1412,34.0,2.4079320113314444
LUSH GREENS RIBBONS,2130,0.0,0.0
M/COLOUR POM-POM CURTAIN,8,0.0,0.0
MA CAMPAGNE 4 DRAWER WALL SHELF,203,0.0,0.0
MA CAMPAGNE CUTLERY BOX,655,44.0,6.7175572519083975
MA CAMPAGNE MINI WOODEN CHEST,301,10.0,3.322259136212625
MADRAS NOTEBOOK LARGE ,398,12.0,3.015075376884422
MADRAS NOTEBOOK MEDIUM,1014,12.0,1.183431952662722
MAGAZINE RACK GEBRA ASSORTED ,730,0.0,0.0
MAGIC DRAWING SLATE BAKE A CAKE ,4471,72.0,1.6103779915007828
MAGIC DRAWING SLATE BUNNIES ,4166,120.0,2.8804608737397985
MAGIC DRAWING SLATE CIRCUS PARADE  ,7944,0.0,0.0
MAGIC DRAWING SLATE DINOSAUR,5717,48.0,0.8396011894350184
MAGIC DRAWING SLATE DOLLY GIRL ,9873,48.0,0.48617441507140685
MAGIC DRAWING SLATE FIDO,360,0.0,0.0
MAGIC DRAWING SLATE GO TO THE FAIR ,2341,0.0,0.0
MAGIC DRAWING SLATE LEAP FROG ,2766,0.0,0.0
MAGIC DRAWING SLATE PURDEY,8443,131.0,1.551581191519602
MAGIC DRAWING SLATE SPACEBOY ,12603,139.0,1.102912005078156
MAGIC GARDEN FELT GARLAND ,425,12.0,2.823529411764706
MAGIC GARDEN MOUNT FUJI,157,0.0,0.0
MAGIC SHEEP WOOL GROWING FROM PAPER,1838,120.0,6.528835690968444
MAGIC SLATE BAKE A CAKE ,48,0.0,0.0
MAGIC SLATE BUNNIES AT HOME ,288,0.0,0.0
MAGIC SLATE CIRCUS PARADE  ,192,0.0,0.0
MAGIC SLATE DINOSAUR,144,0.0,0.0
MAGIC SLATE DOLLY GIRL ,192,0.0,0.0
MAGIC SLATE FIDO,288,0.0,0.0
MAGIC SLATE GO TO THE FAIR ,96,0.0,0.0
MAGIC SLATE LEAP FROG ,96,0.0,0.0
MAGIC SLATE SPACEBOY ,288,0.0,0.0
MAGIC TREE -PAPER FLOWERS,1856,5.0,0.26939655172413796
MAGNETS PACK OF 4 CHILDHOOD MEMORY,4040,24.0,0.594059405940594
MAGNETS PACK OF 4 HOME SWEET HOME,2450,25.0,1.0204081632653061
MAGNETS PACK OF 4 RETRO PHOTO,1895,12.0,0.6332453825857519
MAGNETS PACK OF 4 SWALLOWS,4239,96.0,2.264685067232838
MAGNETS PACK OF 4 VINTAGE COLLAGE,3431,14.0,0.40804430195278346
MAGNETS PACK OF 4 VINTAGE LABELS ,1715,12.0,0.6997084548104956
MAKE YOUR OWN FLOWERPOWER CARD KIT,1502,6.0,0.3994673768308922
MAKE YOUR OWN MONSOON CARD KIT,1515,62.0,4.092409240924092
MAKE YOUR OWN PLAYTIME CARD KIT,1002,2.0,0.19960079840319359
MAN FLU METAL SIGN,3436,16.0,0.46565774155995343
MANHATTAN CANVAS ART PICTURE,20,0.0,0.0
MARAKESH LANTERN LARGE,30,0.0,0.0
MARAKESH LANTERN SMALL ,199,0.0,0.0
MARIE ANTOIENETT TRINKET BOX GOLD,1,0.0,0.0
MARIE ANTOINETTE TRINKET BOX GOLD,314,76.0,24.203821656050955
MARIE ANTOINETTE TRINKET BOX SILVER,334,72.0,21.55688622754491
MAXWELL 2 TONE BLUE 60 PAGE PHOTO A,345,0.0,0.0
MAXWELL 2 TONE PINK 60 PAGE PHOTO A,186,0.0,0.0
MEASURING TAPE BABUSHKA BLUE,698,7.0,1.002865329512894
MEASURING TAPE BABUSHKA PINK,1089,7.0,0.642791551882461
MEASURING TAPE BABUSHKA RED,751,14.0,1.8641810918774968
MEASURING TAPE RUSSIAN DOLL BLUE,103,1.0,0.9708737864077669
MEASURING TAPE RUSSIAN DOLL PINK,182,6.0,3.296703296703297
MEASURING TAPE RUSSIAN DOLL RED,654,0.0,0.0
MEDINA STAMPED METAL STOOL,65,7.0,10.76923076923077
MEDINA STAMPED METAL TRAY ,3,1.0,33.33333333333333
MEDIUM CERAMIC TOP STORAGE JAR,78033,74494.0,95.46473927697257
MEDIUM CHINESE STYLE SCISSOR,1572,0.0,0.0
MEDIUM MEDINA STAMPED METAL BOWL ,936,1.0,0.10683760683760685
MEDIUM PARLOUR FRAME ,22,0.0,0.0
MEDIUM PARLOUR PICTURE FRAME ,136,2.0,1.4705882352941175
MEDIUM PINK BUDDHA HEAD ,109,0.0,0.0
MEDIUM WHITE/PINK ROSE ART FLOWER,250,3.0,1.2
MEMO BOARD COTTAGE DESIGN,3773,19.0,0.5035780545984627
MEMO BOARD RETROSPOT  DESIGN,5455,24.0,0.4399633363886343
METAL 4 HOOK HANGER FRENCH CHATEAU,5026,146.0,2.904894548348587
METAL BASE FOR CANDLES,177,0.0,0.0
METAL DECORATION NAUGHTY CHILDREN ,2155,12.0,0.5568445475638051
METAL HERB GERDEN CONTAINER,24,0.0,0.0
METAL MEDINA LANTERN ,298,2.0,0.6711409395973155
METAL MERRY CHRISTMAS WREATH,3113,94.0,3.0195952457436555
METAL RABBIT LADDER EASTER ,198,16.0,8.080808080808081
METAL SHELF WITH RAIL ,378,4.0,1.0582010582010581
METAL SIGN CUPCAKE SINGLE HOOK,1186,20.0,1.6863406408094435
METAL SIGN DROP YOUR PANTS,1275,6.0,0.4705882352941176
METAL SIGN EMPIRE TEA,2889,1.0,0.034614053305642094
METAL SIGN HER DINNER IS SERVED ,1765,1.0,0.05665722379603399
METAL SIGN HIS DINNER IS SERVED,823,18.0,2.187120291616039
METAL SIGN NEIGHBOURHOOD WITCH ,2401,2.0,0.08329862557267806
METAL SIGN TAKE IT OR LEAVE IT ,6976,129.0,1.849197247706422
"METAL SIGN,CUPCAKE SINGLE HOOK",2188,45.0,2.056672760511883
METAL TUBE CHIME ON BAMBOO,1217,0.0,0.0
METAL WALL SHELF UNIT WITH HOOKS,30,0.0,0.0
METALIC LEAVES BAG CHARMS,97,0.0,0.0
MIDNIGHT BLUE COPPER FLOWER NECKLAC,29,1.0,3.4482758620689653
MIDNIGHT BLUE CRYSTAL DROP EARRINGS,15,0.0,0.0
MIDNIGHT BLUE DROP CRYSTAL NECKLACE,13,0.0,0.0
MIDNIGHT BLUE GLASS/SILVER BRACELET,49,6.0,12.244897959183673
MIDNIGHT BLUE PAIR HEART HAIR SLIDE,51,7.0,13.725490196078432
MIDNIGHT BLUE VINTAGE EARRINGS,115,8.0,6.956521739130435
MIDNIGHT GLAMOUR SCARF KNITTING KIT,632,3.0,0.4746835443037975
MILK BOTTLE WITH GLASS STOPPER ,257,5.0,1.9455252918287937
MILK MAIDS MUG ,219,20.0,9.1324200913242
MILK PAN BLUE POLKADOT,226,5.0,2.2123893805309733
MILK PAN BLUE RETROSPOT,311,9.0,2.8938906752411575
MILK PAN PINK POLKADOT,331,4.0,1.2084592145015105
MILK PAN PINK RETROSPOT,743,27.0,3.6339165545087484
MILK PAN RED RETROSPOT,1402,15.0,1.0699001426533523
MINATURE COLOURED GARDENING SET,737,19.0,2.578018995929444
MINI  ZINC GARDEN DECORATIONS ,1378,1.0,0.07256894049346879
MINI CAKE STAND  HANGING STRAWBERY,4925,51.0,1.0355329949238579
MINI CAKE STAND HANGING HEARTS,361,14.0,3.8781163434903045
MINI CAKE STAND T-LIGHT HOLDER,2721,21.0,0.7717750826901874
MINI CAKE STAND WITH HANGING CAKES,3691,94.0,2.546735302086155
MINI FUNKY DESIGN TAPES,2103,0.0,0.0
MINI HAND WARMER BABUSHKA DESIGN,108,0.0,0.0
MINI HIGHLIGHTER PENS,15121,480.0,3.1743932279611133
MINI JIGSAW BAKE A CAKE ,3247,0.0,0.0
MINI JIGSAW BUNNIES,3019,49.0,1.6230539913878768
MINI JIGSAW BUNNIES AT HOME,432,0.0,0.0
MINI JIGSAW CIRCUS PARADE ,6162,3.0,0.04868549172346641
MINI JIGSAW DINOSAUR ,1980,2.0,0.10101010101010101
MINI JIGSAW DOLLY GIRL,5654,1.0,0.017686593562079942
MINI JIGSAW FIDO,672,0.0,0.0
MINI JIGSAW GO TO THE FAIR,1443,0.0,0.0
MINI JIGSAW LEAP FROG,1245,0.0,0.0
MINI JIGSAW PURDEY,3703,1.0,0.027005130974885227
MINI JIGSAW SPACEBOY,9382,91.0,0.9699424429759114
MINI LADLE LOVE HEART PINK,528,0.0,0.0
MINI LADLE LOVE HEART RED ,865,0.0,0.0
MINI LIGHTS WOODLAND MUSHROOMS,1798,20.0,1.1123470522803114
MINI PAINT SET VINTAGE ,42286,281.0,0.6645225370098851
MINI PAINT SET VINTAGE  BOY+ GIRL,1260,0.0,0.0
MINI PAINTED GARDEN DECORATION ,2831,0.0,0.0
MINI PLAYING CARDS BUFFALO BILL ,2882,0.0,0.0
MINI PLAYING CARDS DOLLY GIRL ,2627,2.0,0.07613247049866768
MINI PLAYING CARDS FUN FAIR ,1062,0.0,0.0
MINI PLAYING CARDS GYMKHANA,2521,0.0,0.0
MINI PLAYING CARDS SPACEBOY ,2723,0.0,0.0
MINI WOODEN HAPPY BIRTHDAY GARLAND,5104,603.0,11.814263322884013
MINIATURE ANTIQUE ROSE HOOK IVORY,2091,13.0,0.6217120994739359
MINITURE ANTIQUE ROSE HOOK IVORY,48,0.0,0.0
MINT DINER CLOCK,2,0.0,0.0
MINT DINER WALL CLOCK,371,1.0,0.2695417789757413
MINT GREEN ROSE TOWEL,420,1.0,0.2380952380952381
MINT KITCHEN SCALES,1600,16.0,1.0
MIRROR CORNICE,112,7.0,6.25
MIRROR LOVE BIRD T-LIGHT HOLDER,374,0.0,0.0
MIRROR MOSAIC CANDLE PLATE,1187,0.0,0.0
MIRROR MOSAIC GOBLET CANDLE HOLDER,692,241.0,34.82658959537572
MIRROR MOSAIC HURRICANE LAMP ,509,121.0,23.772102161100197
MIRROR MOSAIC T-LIGHT HOLDER ,1842,721.0,39.14223669923996
MIRROR MOSAIC T-LIGHT HOLDER ROUND,1746,483.0,27.66323024054983
MIRROR MOSAIC VOTIVE HOLDER,1909,325.0,17.024620220010476
"MIRROR, ARCHED GEORGIAN",200,0.0,0.0
MIRRORED DISCO BALL ,1349,73.0,5.411415863602668
MIRRORED DOVE WALL DECORATION,343,2.0,0.5830903790087464
MIRRORED WALL ART FOXY,54,0.0,0.0
MIRRORED WALL ART GENTS,211,0.0,0.0
MIRRORED WALL ART LADIES,201,0.0,0.0
MIRRORED WALL ART PHOTO FRAMES,238,0.0,0.0
MIRRORED WALL ART POPPIES,404,0.0,0.0
MIRRORED WALL ART SKULLS,470,0.0,0.0
MIRRORED WALL ART SNOWFLAKES,636,12.0,1.8867924528301887
MIRRORED WALL ART SPLODGES,133,0.0,0.0
MIRRORED WALL ART STARS,469,0.0,0.0
MIRRORED WALL ART TABLE LAMP,156,0.0,0.0
MISELTOE HEART WREATH ,80,0.0,0.0
MISELTOE HEART WREATH CREAM,240,0.0,0.0
MISELTOE HEART WREATH WHITE,78,0.0,0.0
MISO PRETTY  GUM,42,0.0,0.0
MISTLETOE HEART WREATH CREAM,624,6.0,0.9615384615384616
MISTLETOE HEART WREATH GREEN,882,9.0,1.0204081632653061
MIXED NUTS LIGHT GREEN BOWL,812,6.0,0.7389162561576355
MOBILE VINTAGE HEARTS ,699,48.0,6.866952789699571
MOCK LOBSTER FRIDGE MAGNET,530,0.0,0.0
MODERN CHRISTMAS BAUBLE CANDLE ,12,0.0,0.0
MODERN CHRISTMAS TREE CANDLE,6,0.0,0.0
MODERN CHRISTMAS TREE CANDLE ,3,0.0,0.0
MODERN FLORAL STATIONERY SET,2453,12.0,0.48919690175295555
MODERN VINTAGE COTTON SHOPPING BAG,894,0.0,0.0
MONEY BOX BISCUITS DESIGN,1638,14.0,0.8547008547008548
MONEY BOX CONFECTIONERY DESIGN,638,37.0,5.799373040752351
MONEY BOX FIRST ADE DESIGN,394,36.0,9.137055837563452
MONEY BOX FIRST AID DESIGN,44,0.0,0.0
MONEY BOX HOUSEKEEPING DESIGN,1339,12.0,0.8961911874533234
MONEY BOX KINGS CHOICE DESIGN,2451,50.0,2.039983680130559
MONEY BOX POCKET MONEY DESIGN,1618,13.0,0.8034610630407911
MONSTERS STENCIL CRAFT,3978,0.0,0.0
MONTANA DIAMOND CLUSTER EARRINGS,12,1.0,8.333333333333332
MONTANA DIAMOND CLUSTER NECKLACE,10,0.0,0.0
MOODY BOY  DOOR HANGER ,2105,77.0,3.6579572446555817
MOODY GIRL DOOR HANGER ,2587,97.0,3.749516814843448
MOON INCENSE,50,0.0,0.0
MOP PENDANT SHELL NECKLACE,11,0.0,0.0
MORE BUTTER METAL SIGN ,1615,2.0,0.12383900928792571
MOROCCAN BEATEN METAL DISH,166,5.0,3.0120481927710845
MOROCCAN BEATEN METAL DISH LARGE,110,3.0,2.727272727272727
MOROCCAN BEATEN METAL MIRROR,270,21.0,7.777777777777778
MOROCCAN TEA GLASS,11973,238.0,1.9878058966006849
MOSAIC CANDLE DISH BLUE PURPLE,144,0.0,0.0
MOSAIC GLASS BALL CANDLEHOLDER,97,1.0,1.0309278350515463
MOTHER'S KITCHEN SPOON REST ,226,8.0,3.5398230088495577
MOTORING TISSUE BOX,2346,48.0,2.0460358056265986
MOUSE TOY WITH PINK T-SHIRT,1057,4.0,0.3784295175023652
MOUSEY LONG LEGS SOFT TOY,294,0.0,0.0
MR ROBOT SOFT TOY,361,4.0,1.10803324099723
MRS ROBOT SOFT TOY,273,1.0,0.3663003663003663
"MUG , DOTCOMGIFTSHOP.COM ",14,0.0,0.0
MUG AND COASTER SET RED CIRCLES,378,0.0,0.0
MUG PINK AND PURPLE ARABIC DESIGN,6,0.0,0.0
MULTI COLOUR SILVER T-LIGHT HOLDER,21605,156.0,0.7220550798426291
MULTI HEARTS  STICKERS,1077,2.0,0.18570102135561745
MULTICOLOUR  CONFETTI IN TUBE,453,21.0,4.635761589403973
MULTICOLOUR 3D BALLS GARLAND,669,21.0,3.1390134529147984
MULTICOLOUR CRUSOE CHECK LAMPSHADE,61,0.0,0.0
MULTICOLOUR DOTS PLATE,692,0.0,0.0
MULTICOLOUR EASTER RABBIT ,53,0.0,0.0
MULTICOLOUR FEATHERS CURTAIN,72,72.0,100.0
MULTICOLOUR GLASS PLATE,116,0.0,0.0
MULTICOLOUR HONEYCOMB FAN,1476,37.0,2.5067750677506777
MULTICOLOUR HONEYCOMB PAPER GARLAND,1421,28.0,1.9704433497536946
MULTICOLOUR POLKADOT PLATE,713,684.0,95.93267882187938
MULTICOLOUR RABBIT EGG WARMER,388,0.0,0.0
MULTICOLOUR SPRING FLOWER MUG,13665,4996.0,36.56055616538602
MUM'S KITCHEN CLOCK,122,1.0,0.819672131147541
MUMMY MOUSE RED GINGHAM RIBBON,201,2.0,0.9950248756218906
MURANO STYLE GLASS BRACELET BLACK,71,0.0,0.0
MURANO STYLE GLASS BRACELET GOLD,41,3.0,7.317073170731707
MURANO STYLE GLASS BRACELET PINK,41,0.0,0.0
MURANO STYLE GLASS BRACELET RED,53,3.0,5.660377358490567
MUSHROOM BLUE HOT WATER BOTTLE,740,6.0,0.8108108108108109
MUSICAL ZINC HEART DECORATION ,2763,34.0,1.2305465074194717
Manual,9634,5445.0,56.518580029063735
N0 SINGING METAL SIGN,1225,0.0,0.0
NAMASTE SWAGAT INCENSE,3720,78.0,2.0967741935483875
NATURAL BARK CANDLE LARGE,356,12.0,3.3707865168539324
NATURAL BARK CANDLE SMALL,512,12.0,2.34375
NATURAL HANGING QUILTED HEARTS ,1449,16.0,1.1042097998619738
NATURAL RIVIERA HANDBAG,53,0.0,0.0
NATURAL SLATE CHALKBOARD LARGE ,4416,104.0,2.355072463768116
NATURAL SLATE HEART CHALKBOARD ,15373,109.0,0.7090353216678592
NATURAL SLATE RECTANGLE CHALKBOARD,6905,49.0,0.7096307023895728
NAVY CUDDLES DOG HOODIE,2,0.0,0.0
NECKLACE+BRACELET PINK BUTTERFLY,137,6.0,4.37956204379562
NECKLACE+BRACELET SET BLUE BLOSSOM,104,0.0,0.0
NECKLACE+BRACELET SET BLUE HIBISCUS,42,0.0,0.0
NECKLACE+BRACELET SET FRUIT SALAD ,74,0.0,0.0
NECKLACE+BRACELET SET PINK BLOSSOM,8,0.0,0.0
NECKLACE+BRACELET SET PINK DAISY,30,0.0,0.0
NEW BAROQUE B'FLY NECKLACE BLACK,5,0.0,0.0
NEW BAROQUE B'FLY NECKLACE CRYSTAL,8,0.0,0.0
NEW BAROQUE B'FLY NECKLACE GREEN,11,0.0,0.0
NEW BAROQUE B'FLY NECKLACE MONTANA,16,0.0,0.0
NEW BAROQUE B'FLY NECKLACE PINK,15,0.0,0.0
NEW BAROQUE B'FLY NECKLACE RED,25,2.0,8.0
NEW BAROQUE BLACK BOXES,5,0.0,0.0
NEW BAROQUE BLACK PHOTO ALBUM,77,0.0,0.0
NEW BAROQUE IVORY CUSHION COVER ,260,150.0,57.692307692307686
NEW BAROQUE JEWELLERY BOX ,108,3.0,2.7777777777777777
NEW BAROQUE LARGE NECKLACE BLK/WHIT,29,0.0,0.0
NEW BAROQUE SMALL NECKLACE BLACK,23,1.0,4.3478260869565215
NEW BAROQUE WALL MIRROR,1,0.0,0.0
NEW ENGLAND CERAMIC CAKE SERVER,89,0.0,0.0
NEW ENGLAND EGG WARMER,138,0.0,0.0
NEW ENGLAND MILK JUG W GIFT BOX,32,0.0,0.0
NEW ENGLAND MUG W GIFT BOX,28,1.0,3.571428571428571
NEW ENGLAND PLACEMATS,32,0.0,0.0
NEW ENGLAND TEATOWELS,322,0.0,0.0
NEWSPAPER STAND,311,1.0,0.3215434083601286
NIGHTINGALE COATHOOK WHITE,347,0.0,0.0
NINJA RABBIT BLACK,323,0.0,0.0
NINJA RABBIT PINK,355,0.0,0.0
NO JUNK MAIL METAL SIGN,4284,12.0,0.2801120448179272
NO SINGING METAL SIGN,11450,43.0,0.37554585152838427
NOEL GARLAND PAINTED ZINC ,1799,13.0,0.7226236798221234
NOEL WOODEN BLOCK LETTERS ,1481,8.0,0.5401755570560433
NOVELTY BISCUITS CAKE STAND 3 TIER,800,51.0,6.375
NUMBER TILE COTTAGE GARDEN 0 ,67,0.0,0.0
NUMBER TILE COTTAGE GARDEN 1,100,1.0,1.0
NUMBER TILE COTTAGE GARDEN 2,98,0.0,0.0
NUMBER TILE COTTAGE GARDEN 3 ,71,0.0,0.0
NUMBER TILE COTTAGE GARDEN 4,80,0.0,0.0
NUMBER TILE COTTAGE GARDEN 5,63,0.0,0.0
NUMBER TILE COTTAGE GARDEN 6,70,0.0,0.0
NUMBER TILE COTTAGE GARDEN 7,66,0.0,0.0
NUMBER TILE COTTAGE GARDEN 8,62,0.0,0.0
NUMBER TILE COTTAGE GARDEN 9,69,1.0,1.4492753623188406
NUMBER TILE COTTAGE GARDEN No,83,1.0,1.2048192771084338
"NUMBER TILE COTTAGE GARDEN, 0 ",57,0.0,0.0
"NUMBER TILE COTTAGE GARDEN, 1",67,0.0,0.0
"NUMBER TILE COTTAGE GARDEN, 2",57,0.0,0.0
"NUMBER TILE COTTAGE GARDEN, 3 ",56,0.0,0.0
"NUMBER TILE COTTAGE GARDEN, 4",56,0.0,0.0
"NUMBER TILE COTTAGE GARDEN, 5",57,0.0,0.0
"NUMBER TILE COTTAGE GARDEN, 6",56,0.0,0.0
"NUMBER TILE COTTAGE GARDEN, 7",57,0.0,0.0
"NUMBER TILE COTTAGE GARDEN, 8",56,0.0,0.0
"NUMBER TILE COTTAGE GARDEN, 9",59,1.0,1.694915254237288
"NUMBER TILE COTTAGE GARDEN, No",45,0.0,0.0
NUMBER TILE VINTAGE FONT 0,74,0.0,0.0
NUMBER TILE VINTAGE FONT 1,103,0.0,0.0
NUMBER TILE VINTAGE FONT 2,104,0.0,0.0
NUMBER TILE VINTAGE FONT 3,118,1.0,0.847457627118644
NUMBER TILE VINTAGE FONT 4,101,1.0,0.9900990099009901
NUMBER TILE VINTAGE FONT 5,102,0.0,0.0
NUMBER TILE VINTAGE FONT 6 ,104,1.0,0.9615384615384616
NUMBER TILE VINTAGE FONT 7,90,0.0,0.0
NUMBER TILE VINTAGE FONT 8,84,0.0,0.0
NUMBER TILE VINTAGE FONT 9 ,79,0.0,0.0
NUMBER TILE VINTAGE FONT No ,173,0.0,0.0
"NUMBER TILE VINTAGE FONT, 0",8,0.0,0.0
"NUMBER TILE VINTAGE FONT, 1",8,0.0,0.0
"NUMBER TILE VINTAGE FONT, 2",8,0.0,0.0
"NUMBER TILE VINTAGE FONT, 3",8,0.0,0.0
"NUMBER TILE VINTAGE FONT, 4",8,0.0,0.0
"NUMBER TILE VINTAGE FONT, 5",8,0.0,0.0
"NUMBER TILE VINTAGE FONT, 6 ",8,0.0,0.0
"NUMBER TILE VINTAGE FONT, 7",8,0.0,0.0
"NUMBER TILE VINTAGE FONT, 8",8,0.0,0.0
"NUMBER TILE VINTAGE FONT, No ",23,13.0,56.52173913043478
NURSE'S BAG SOFT TOY,382,2.0,0.5235602094240838
"NURSERY A,B,C PAINTED LETTERS",413,6.0,1.4527845036319613
Next Day Carriage,79,1.0,1.2658227848101267
OCCASIONS GIFT CARD ASSORTMENT,120,0.0,0.0
OCEAN SCENT CANDLE IN JEWELLED BOX,1559,458.0,29.37780628608082
OCEAN SCENT CANDLE JEWELLED DRAWER,93,2.0,2.1505376344086025
OCEAN STRIPE HAMMOCK ,325,1.0,0.3076923076923077
OFFICE MUG WARMER BLACK+SILVER ,2116,10.0,0.4725897920604915
OFFICE MUG WARMER CHOC+BLUE,1110,4.0,0.36036036036036034
OFFICE MUG WARMER PINK,985,252.0,25.583756345177665
OFFICE MUG WARMER POLKADOT,1233,27.0,2.18978102189781
OLD DOC RUSSEL METAL SIGN,227,0.0,0.0
OLD DOC.RUSSEL METAL SIGN,41,0.0,0.0
OLD ROSE COMBO BEAD NECKLACE,126,0.0,0.0
OLIVE CHALET BIRDFEEDER,257,6.0,2.3346303501945527
OOH LA LA DOGS COLLAR,5,0.0,0.0
OPAL WHITE/SILVER FLOWER NECKLACE,2,0.0,0.0
OPEN CLOSED METAL SIGN,2991,48.0,1.60481444332999
OPIUM SCENTED VOTIVE CANDLE,1992,0.0,0.0
OPULENT VELVET CANDLE IN BOX,29,1.0,3.4482758620689653
OPULENT VELVET SET/3 CANDLES,1273,2.0,0.15710919088766695
ORANGE CANDLE,12,0.0,0.0
ORANGE COCKTAIL GLASS LAMP,65,0.0,0.0
ORANGE FELT VASE + FLOWERS,9,0.0,0.0
ORANGE FLOWER MUG ,5404,0.0,0.0
ORANGE PENDANT TRIPLE SHELL NECKLAC,10,0.0,0.0
ORANGE SCENTED SET/9 T-LIGHTS,1480,22.0,1.4864864864864866
ORANGE TV TRAY TABLE ,548,0.0,0.0
ORANGE VOTIVE CANDLE,1680,48.0,2.857142857142857
ORANGE/FUSCHIA STONES NECKLACE,11,0.0,0.0
ORANGE/WHT/FUSCHIA STONES NECKLACE,9,0.0,0.0
ORGANISER WOOD ANTIQUE WHITE ,656,45.0,6.859756097560976
"ORGANISER WOOD, ANTIQUE WHITE ",3,0.0,0.0
ORIENTAL BLUE C/COVER ,13,0.0,0.0
ORIENTAL BLUE CUSHION COVER ,219,0.0,0.0
ORIENTAL RED C/COVER ,27,0.0,0.0
ORIENTAL RED CUSHION COVER ,132,0.0,0.0
ORIGAMI JASMINE INCENSE IN TUBE,256,0.0,0.0
ORIGAMI JASMINE INCENSE+FLOWER ,19,0.0,0.0
ORIGAMI JASMINE INCENSE/CANDLE SET,721,0.0,0.0
ORIGAMI LAVENDER INCENSE CONES,97,0.0,0.0
ORIGAMI LAVENDER INCENSE IN TUBE,213,96.0,45.07042253521127
ORIGAMI LAVENDER INCENSE+FLOWER,335,0.0,0.0
ORIGAMI LAVENDER INCENSE/CANDL SET ,856,0.0,0.0
ORIGAMI OPIUM INCENSE CONES,95,0.0,0.0
ORIGAMI OPIUM INCENSE/CANDLE SET ,263,0.0,0.0
ORIGAMI OPIUM SCENT INCENSE+FLOWER,124,0.0,0.0
ORIGAMI ROSE INCENSE CONES,479,0.0,0.0
ORIGAMI ROSE INCENSE IN TUBE,1068,1.0,0.09363295880149813
ORIGAMI ROSE INCENSE+FLOWER,209,0.0,0.0
ORIGAMI ROSE INCENSE/CANDLE SET ,520,0.0,0.0
ORIGAMI SANDLEWOOD INCENSE CONES,61,0.0,0.0
ORIGAMI SANDLEWOOD INCENSE IN TUBE,62,0.0,0.0
ORIGAMI SANDLEWOOD INCENSE+FLOWER,385,0.0,0.0
ORIGAMI SANDLEWOOD INCENSE/CAND SET,586,0.0,0.0
ORIGAMI VANILLA INCENSE CONES,276,0.0,0.0
ORIGAMI VANILLA INCENSE+FLOWER ,261,0.0,0.0
ORIGAMI VANILLA INCENSE/CANDLE SET ,726,0.0,0.0
ORNATE EDWARDIAN CANDLE HOLDER,6,2.0,33.33333333333333
OVAL  MINI PORTRAIT FRAME,316,0.0,0.0
OVEN MITT APPLE DESIGN,343,0.0,0.0
OVEN MITT APPLES DESIGN,1613,42.0,2.603843769373838
OVERNIGHT BAG VINTAGE ROSE PAISLEY,1016,21.0,2.066929133858268
OWL DOORSTOP,1355,1.0,0.07380073800738007
OWLS CHARLOTTE BAG,1,0.0,0.0
OYSTER TRINKET BOX,120,0.0,0.0
PACK 20 DOLLY PEGS,2747,82.0,2.9850746268656714
PACK 20 ENGLISH ROSE PAPER NAPKINS,7500,12.0,0.16
PACK 3 BOXES BIRD PANETTONE ,204,0.0,0.0
PACK 3 BOXES BIRD PANNETONE ,3741,1.0,0.02673082063619353
PACK 3 BOXES CHRISTMAS PANETTONE,76,6.0,7.894736842105263
PACK 3 BOXES CHRISTMAS PANNETONE,4803,41.0,0.8536331459504476
PACK 3 FIRE ENGINE/CAR PATCHES,433,1.0,0.23094688221709006
PACK 3 IRON ON DOG PATCHES,562,1.0,0.1779359430604982
PACK 4 FLOWER/BUTTERFLY PATCHES,415,13.0,3.132530120481928
PACK 6 HEART/ICE-CREAM PATCHES,1023,1.0,0.09775171065493646
PACK OF 12 50'S CHRISTMAS TISSUES,3997,0.0,0.0
PACK OF 12 BLUE PAISLEY TISSUES ,6118,48.0,0.7845701209545604
PACK OF 12 CHRISTMAS FUN CARDS,106,23.0,21.69811320754717
PACK OF 12 CIRCUS PARADE TISSUES ,3718,12.0,0.32275416890801506
PACK OF 12 COLOURED PENCILS,7423,180.0,2.424895594773003
PACK OF 12 DOILEY TISSUES,72,0.0,0.0
PACK OF 12 DOLLY GIRL TISSUES,1351,8.0,0.5921539600296076
PACK OF 12 HEARTS DESIGN TISSUES ,25523,108.0,0.42314774908905695
PACK OF 12 LONDON TISSUES ,39147,72.0,0.18392213962755766
PACK OF 12 PAISLEY PARK TISSUES ,1840,0.0,0.0
PACK OF 12 PINK PAISLEY TISSUES ,25351,144.0,0.5680249299830381
PACK OF 12 PINK POLKADOT TISSUES,5159,0.0,0.0
PACK OF 12 PINK SPOT TISSUES ,8317,24.0,0.288565588553565
PACK OF 12 RED APPLE TISSUES,1220,0.0,0.0
PACK OF 12 RED RETROSPOT TISSUES ,8616,168.0,1.9498607242339834
PACK OF 12 RED SPOTTY TISSUES ,22721,24.0,0.10562915364640642
PACK OF 12 SKULL TISSUES,15652,0.0,0.0
PACK OF 12 SPACEBOY TISSUES,5726,133.0,2.3227383863080684
PACK OF 12 STICKY BUNNIES,2204,62.0,2.813067150635209
PACK OF 12 SUKI TISSUES ,32086,37.0,0.11531509069376053
PACK OF 12 TRADITIONAL CRAYONS,17916,348.0,1.942397856664434
PACK OF 12 VINTAGE CHRISTMAS TISSUE,3039,24.0,0.7897334649555774
PACK OF 12 VINTAGE DOILY TISSUES,2272,36.0,1.584507042253521
PACK OF 12 VINTAGE LEAF TISSUES ,1496,0.0,0.0
PACK OF 12 WOODLAND TISSUES ,26204,31.0,0.11830254922912532
PACK OF 20 FAIRY CAKE PAPER NAPKINS,699,12.0,1.7167381974248928
PACK OF 20 NAPKINS PANTRY DESIGN,8686,244.0,2.809118121114437
PACK OF 20 NAPKINS RED APPLES,5610,7.0,0.12477718360071302
PACK OF 20 SKULL PAPER NAPKINS,8552,624.0,7.296538821328344
PACK OF 20 SPACEBOY NAPKINS,3051,10.0,0.32776138970829233
PACK OF 6 BIRDY GIFT TAGS,17557,394.0,2.24411915475309
PACK OF 6 COCKTAIL PARASOL STRAWS,2501,0.0,0.0
PACK OF 6 HANDBAG GIFT BOXES,1873,111.0,5.92632140950347
PACK OF 6 LARGE FRUIT STRAWS ,2282,36.0,1.5775635407537247
PACK OF 6 PANETTONE GIFT BOXES,233,14.0,6.008583690987124
PACK OF 6 PANNETONE GIFT BOXES,4989,183.0,3.668069753457607
PACK OF 6 SANDCASTLE FLAGS ASSORTED,5586,421.0,7.536698890082348
PACK OF 6 SKULL PAPER CUPS,6417,301.0,4.690665419978183
PACK OF 6 SKULL PAPER PLATES,7829,576.0,7.357261463788478
PACK OF 6 SMALL FRUIT STRAWS,1685,72.0,4.27299703264095
PACK OF 6 SWEETIE GIFT BOXES,2522,78.0,3.0927835051546393
PACK OF 60 DINOSAUR CAKE CASES,31332,95.0,0.3032043916762415
PACK OF 60 MUSHROOM CAKE CASES,14570,55.0,0.3774879890185312
PACK OF 60 PINK PAISLEY CAKE CASES,56061,219.0,0.39064590356932627
PACK OF 60 SPACEBOY CAKE CASES,21451,114.0,0.5314437555358724
PACK OF 72 RETRO SPOT CAKE CASES,46728,649.0,1.3888888888888888
PACK OF 72 RETROSPOT CAKE CASES,48156,461.0,0.9573054240385414
PACK OF 72 SKULL CAKE CASES,40263,89.0,0.22104661848347118
PACK OF SIX LED TEA LIGHTS,1752,96.0,5.47945205479452
PACK/12 BLUE FOLKART CARDS,113,33.0,29.20353982300885
PACK/12 BLUE REINDEER CARD,72,0.0,0.0
PACK/12 DECOUPAGE CARD,42,11.0,26.190476190476193
PACK/12 RUSSIAN DOLL CARDS,10,0.0,0.0
PACK/12 XMAS FUN CARD,270,83.0,30.74074074074074
PACKING CHARGE,14,2.0,14.285714285714285
PADDED HOLLY CHRISTMAS DECORATION ,104,0.0,0.0
PADDED RED HEART DECORATION,113,0.0,0.0
PADS TO MATCH ALL CUSHIONS,17,1.0,5.88235294117647
PAINT YOUR OWN CANVAS SET,4246,274.0,6.4531323598681105
PAINT YOUR OWN EGGS IN CRATE,164,0.0,0.0
PAINTED BIRD ASSORTED CHRISTMAS,410,0.0,0.0
PAINTED HEART WREATH WITH BELL,12,0.0,0.0
PAINTED LIGHTBULB RAINBOW DESIGN,306,0.0,0.0
PAINTED LIGHTBULB STAR+ MOON,350,0.0,0.0
PAINTED METAL HEART WITH HOLLY BELL,2468,24.0,0.9724473257698543
PAINTED METAL PEARS ASSORTED,10496,225.0,2.143673780487805
PAINTED METAL STAR WITH HOLLY BELLS,2782,24.0,0.8626887131560028
PAINTED METAL TREE WITH HOLLY BELLS,733,3.0,0.4092769440654843
PAINTED PINK RABBIT ,937,12.0,1.2806830309498398
PAINTED SEA SHELL METAL WINDCHIME,97,0.0,0.0
PAINTED YELLOW WOODEN DAISY,901,17.0,1.8867924528301887
PAIR BUTTERFLY HAIR CLIPS,81,1.0,1.2345679012345678
PAIR OF ENAMEL BUTTERFLY HAIRCLIP,50,4.0,8.0
PAIR OF ENAMEL FLOWER CLUSTER SLIDE,105,0.0,0.0
PAIR OF PINK FLOWER CLUSTER SLIDE,54,6.0,11.11111111111111
PAIR PADDED HANGERS PINK CHECK,242,1.0,0.4132231404958678
PAIR PINK/BLACK COATHANGERS,21,0.0,0.0
PAISLEY PARK CARD,376,0.0,0.0
PAISLEY PATTERN  STICKERS,572,0.0,0.0
PALE PINK/AMETHYST STONE NECKLACE,4,0.0,0.0
PANDA AND BUNNIES STICKER SHEET,996,2.0,0.2008032128514056
PANTRY 3 HOOK ROLLING PIN HANGER,219,5.0,2.28310502283105
PANTRY APPLE CORER,471,6.0,1.2738853503184715
PANTRY CHOPPING BOARD,1154,946.0,81.97573656845753
PANTRY HOOK BALLOON WHISK ,213,0.0,0.0
PANTRY HOOK SPATULA,160,0.0,0.0
PANTRY HOOK TEA STRAINER ,164,0.0,0.0
PANTRY KITCHEN THERMOMETER ,112,0.0,0.0
PANTRY MAGNETIC  SHOPPING LIST,3342,64.0,1.9150209455415919
PANTRY PASTRY BRUSH,1154,24.0,2.079722703639515
PANTRY ROLLING PIN,2464,75.0,3.043831168831169
PANTRY SCRUBBING BRUSH,2363,81.0,3.427845958527296
PANTRY WASHING UP BRUSH,4090,91.0,2.2249388753056234
PAPER BUNTING COLOURED LACE,4399,75.0,1.7049329393043873
PAPER BUNTING PAISLEY PARK,249,6.0,2.4096385542168677
PAPER BUNTING RETRO SPOTS,8292,418.0,5.041003376748673
PAPER BUNTING RETROSPOT,8406,79.0,0.939804901261004
PAPER BUNTING VINTAGE PAISLEY,3506,61.0,1.739874500855676
PAPER BUNTING VINTAGE PARTY,427,0.0,0.0
PAPER BUNTING WHITE LACE,8475,159.0,1.8761061946902655
PAPER CHAIN KIT 50'S CHRISTMAS ,35084,590.0,1.681678257895337
PAPER CHAIN KIT EMPIRE,8803,111.0,1.2609337725775305
PAPER CHAIN KIT LONDON,853,12.0,1.406799531066823
PAPER CHAIN KIT RETRO SPOT,7579,460.0,6.06940229581739
PAPER CHAIN KIT RETROSPOT,6137,68.0,1.10803324099723
PAPER CHAIN KIT SKULLS ,2538,585.0,23.04964539007092
PAPER CHAIN KIT VINTAGE CHRISTMAS,18634,448.0,2.404207362885049
"PAPER CRAFT , LITTLE BIRDIE",80995,80995.0,100.0
PAPER LANTERN 5 POINT SEQUIN STAR,50,0.0,0.0
PAPER LANTERN 5 POINT STAR MOON ,108,20.0,18.51851851851852
PAPER LANTERN 5 POINT STAR MOON 30,10,0.0,0.0
PAPER LANTERN 5 POINT STUDDED STAR,8,0.0,0.0
PAPER LANTERN 6 POINT SNOW STAR,26,0.0,0.0
PAPER LANTERN 7 POINT SNOW STAR,103,10.0,9.70873786407767
PAPER LANTERN 9 POINT DELUXE STAR,349,0.0,0.0
PAPER LANTERN 9 POINT HOLLY STAR 23,18,0.0,0.0
PAPER LANTERN 9 POINT HOLLY STAR 40,6,0.0,0.0
PAPER LANTERN 9 POINT HOLLY STAR L,75,0.0,0.0
PAPER LANTERN 9 POINT HOLLY STAR S,83,0.0,0.0
PAPER LANTERN 9 POINT SNOW STAR,258,24.0,9.30232558139535
PAPER LANTERN 9 POINT SNOW STAR ,241,0.0,0.0
PAPER POCKET TRAVELING FAN ,10153,1448.0,14.261794543484685
PAPERWEIGHT CHILDHOOD MEMORIES,813,0.0,0.0
PAPERWEIGHT HOME SWEET HOME,323,0.0,0.0
PAPERWEIGHT KINGS CHOICE ,346,6.0,1.7341040462427744
PAPERWEIGHT SAVE THE PLANET,647,100.0,15.455950540958268
PAPERWEIGHT VINTAGE COLLAGE,834,52.0,6.235011990407674
PAPERWEIGHT VINTAGE PAISLEY,234,0.0,0.0
PARISIENNE CURIO CABINET,546,33.0,6.043956043956044
PARISIENNE JEWELLERY DRAWER ,813,24.0,2.952029520295203
PARISIENNE KEY CABINET ,700,51.0,7.285714285714286
PARISIENNE SEWING BOX,312,24.0,7.6923076923076925
PARLOUR CERAMIC WALL HOOK,450,34.0,7.555555555555555
PARTY BUNTING,28200,285.0,1.0106382978723405
PARTY CHARMS 50 PIECES,2251,3.0,0.13327410039982232
PARTY CONE CHRISTMAS DECORATION ,9737,183.0,1.8794289822327206
PARTY CONES CANDY ASSORTED,3923,56.0,1.4274789701758857
PARTY CONES CANDY DECORATION,454,0.0,0.0
PARTY CONES CANDY TREE DECORATION,2792,18.0,0.6446991404011462
PARTY CONES CARNIVAL ASSORTED,3468,98.0,2.825836216839677
PARTY FOOD SHOPPER BAG,1533,11.0,0.7175472928897586
PARTY INVITES BALLOON GIRL,1276,0.0,0.0
PARTY INVITES DINOSAURS,1596,24.0,1.5037593984962405
PARTY INVITES FOOTBALL,1396,12.0,0.8595988538681949
PARTY INVITES JAZZ HEARTS,1456,4.0,0.27472527472527475
PARTY INVITES SPACEMAN,1053,0.0,0.0
PARTY INVITES WOODLAND,2396,12.0,0.5008347245409015
PARTY METAL SIGN ,7685,77.0,1.0019518542615486
PARTY PIZZA DISH BLUE POLKADOT,1183,18.0,1.521555367709214
PARTY PIZZA DISH BLUE RETROSPOT,206,0.0,0.0
PARTY PIZZA DISH BLUE WHITE SPOT ,53,0.0,0.0
PARTY PIZZA DISH BLUE+WHITE SPOT ,24,0.0,0.0
PARTY PIZZA DISH GREEN POLKADOT,1159,0.0,0.0
PARTY PIZZA DISH GREEN RETROSPOT,89,0.0,0.0
PARTY PIZZA DISH GREEN WHITE SPOT ,40,0.0,0.0
PARTY PIZZA DISH GREEN+WHITE SPOT ,12,0.0,0.0
PARTY PIZZA DISH PINK POLKADOT,1296,0.0,0.0
PARTY PIZZA DISH PINK RETROSPOT,185,0.0,0.0
PARTY PIZZA DISH PINK WHITE SPOT ,75,0.0,0.0
PARTY PIZZA DISH PINK+WHITE SPOT ,24,0.0,0.0
PARTY PIZZA DISH RED RETROSPOT,2797,42.0,1.5016088666428316
PARTY PIZZA DISH RED WHITE SPOT ,488,0.0,0.0
PARTY PIZZA DISH RED+WHITE SPOT ,12,0.0,0.0
PARTY TIME DESIGN FLANNEL,625,0.0,0.0
PARTY TIME PENCIL ERASERS,2447,0.0,0.0
PASTA ENAMEL/BRASS CONTAINER,10,0.0,0.0
PASTEL BLUE PHOTO ALBUM,34,0.0,0.0
PASTEL BLUE PHOTO ALBUM ,1039,472.0,45.42829643888354
PASTEL COLOUR HONEYCOMB FAN,1078,42.0,3.896103896103896
PASTEL PINK PHOTO ALBUM,101,2.0,1.9801980198019802
PASTEL PINK PHOTO ALBUM ,662,324.0,48.94259818731118
PASTEL STRIPE HAMMOCK ,208,0.0,0.0
PATCHWORK PENCIL CASE BUTTERFLY ,251,82.0,32.669322709163346
PEACE SMALL WOOD LETTERS,468,2.0,0.4273504273504274
PEACE WOODEN BLOCK LETTERS,759,6.0,0.7905138339920948
PEACH KNITTED HEN ,662,0.0,0.0
"PEARL & SHELL 42""NECKL. GREEN",24,0.0,0.0
"PEARL & SHELL 42""NECKL. IVORY",28,0.0,0.0
"PEARL & SHELL 42""NECKL. PINK",43,0.0,0.0
PEARL AND CHERRY QUARTZ BRACLET,7,0.0,0.0
PEARL CRYSTAL PUMPKIN T-LIGHT HLDR,3886,9.0,0.23160061760164694
PEARLISED IVORY HEART LARGE ,418,0.0,0.0
PEARLISED IVORY HEART SMALL ,228,0.0,0.0
PEG BAG APPLE DESIGN,387,0.0,0.0
PEG BAG APPLES DESIGN,1689,18.0,1.0657193605683837
"PEN, 10 COLOURS - SPACEBOY",24,0.0,0.0
PENCIL CASE GINGHAM FOREST,36,0.0,0.0
PENCIL CASE LIFE IS BEAUTIFUL,1251,0.0,0.0
PENNY FARTHING BIRTHDAY CARD,6344,24.0,0.37831021437578816
PENS ASSORTED FUNKY JEWELED ,5735,43.0,0.7497820401046207
PENS ASSORTED FUNNY FACE,12680,36.0,0.28391167192429023
PENS ASSORTED SPACEBALL,7087,144.0,2.03188937491181
PERIWINKLE T-LIGHT HOLDER,3162,0.0,0.0
"PET MUG, BUDGIE",170,1.0,0.5882352941176471
"PET MUG, GOLDFISH",107,6.0,5.607476635514018
PETIT TRAY CHIC,1033,0.0,0.0
PHARMACIE FIRST AID TIN,1786,39.0,2.1836506159014557
PHOTO CLIP LINE,370,0.0,0.0
PHOTO CUBE,5122,48.0,0.9371339320577898
PHOTO FRAME 3 CLASSIC HANGING,806,59.0,7.320099255583126
PHOTO FRAME CORNICE,4367,63.0,1.4426379665674376
PHOTO FRAME LINEN AND LACE LARGE,215,7.0,3.255813953488372
PHOTO FRAME LINEN AND LACE SMALL,310,14.0,4.516129032258064
PICCADILLY TEA SET,683,4.0,0.5856515373352855
PICNIC BASKET WICKER 60 PIECES,61,0.0,0.0
PICNIC BASKET WICKER LARGE,2612,131.0,5.01531393568147
PICNIC BASKET WICKER SMALL,3705,86.0,2.3211875843454792
PICNIC BOXES SET OF 3 RETROSPOT ,1744,27.0,1.548165137614679
PICTURE DOMINOES,6521,1.0,0.015335071308081582
PICTURE FRAME WOOD TRIPLE PORTRAIT,2385,90.0,3.7735849056603774
PIECE OF CAMO STATIONERY SET,5473,134.0,2.4483829709482916
PIG KEYRING WITH LIGHT & SOUND ,3912,57.0,1.4570552147239262
PIG MUG IN TWO COLOUR DESIGNS,273,0.0,0.0
PIGGY BANK RETROSPOT ,4478,69.0,1.5408664582402858
PILLOWCUSHION COVER PINK UNION JACK,67,0.0,0.0
PIN CUSHION BABUSHKA BLUE,180,6.0,3.3333333333333335
PIN CUSHION BABUSHKA PINK,497,6.0,1.2072434607645874
PIN CUSHION BABUSHKA RED,358,6.0,1.675977653631285
PIN CUSHION RUSSIAN DOLL BLUE,68,0.0,0.0
PIN CUSHION RUSSIAN DOLL PINK,121,0.0,0.0
PIN CUSHION RUSSIAN DOLL RED,395,0.0,0.0
PING MICROWAVE APRON,655,24.0,3.6641221374045805
PING! MICROWAVE PLATE,313,4.0,1.2779552715654952
PINK  HEART CONFETTI IN TUBE,1305,48.0,3.67816091954023
PINK  HEART SHAPE LOVE BUCKET ,1951,11.0,0.5638134290107637
PINK  HONEYCOMB PAPER BALL ,997,0.0,0.0
PINK  HONEYCOMB PAPER FAN,578,10.0,1.7301038062283738
PINK  POLKADOT CUP,3685,33.0,0.8955223880597015
PINK  POLKADOT PLATE ,2552,8.0,0.3134796238244514
PINK  SPOTTY CUP,3684,19.0,0.5157437567861021
PINK  SPOTTY PLATE ,2864,8.0,0.27932960893854747
PINK & WHITE BREAKFAST TRAY,139,0.0,0.0
PINK & WHITE ROSEBUD RING,40,1.0,2.5
PINK 3 PIECE MINI DOTS CUTLERY SET,4354,20.0,0.45934772622875514
PINK 3 PIECE POLKADOT CUTLERY SET,2719,31.0,1.140125045972784
PINK 3 TIER GLASS PLATE STAND,119,6.0,5.042016806722689
PINK 5 PATCH FLOWER CUSHION COVER ,432,1.0,0.23148148148148145
PINK ACRYLIC JEWEL SNOWFLAKE,12,0.0,0.0
PINK ALLIUM  ARTIFICIAL FLOWER,112,3.0,2.6785714285714284
PINK AND BLACK STRING CURTAIN,39,0.0,0.0
PINK AND LILAC QUILTED THROW ,87,3.0,3.4482758620689653
PINK AND WHITE CHRISTMAS TREE 120CM,406,6.0,1.477832512315271
PINK AND WHITE CHRISTMAS TREE 180CM,141,0.0,0.0
PINK B'FLY C/COVER W BOBBLES,43,0.0,0.0
PINK BABY BUNTING,3587,67.0,1.8678561471982158
PINK BABY GIRL'S MEMORY BOX,2,0.0,0.0
PINK BABY GIRLS PHOTO ALBUM,17,0.0,0.0
PINK BALLET OPENING CUBE BOX ,3,0.0,0.0
PINK BAROQUE FLOCK CANDLE HOLDER,17,2.0,11.76470588235294
PINK BEADED CONE CHRISTMAS,14,0.0,0.0
PINK BEADS+HAND PHONE CHARM,14,0.0,0.0
PINK BERTIE GLASS BEAD BAG CHARM,149,12.0,8.053691275167784
PINK BERTIE MOBILE PHONE CHARM,20,0.0,0.0
PINK BITTY LIGHT CHAIN,116,0.0,0.0
PINK BLUE FELT CRAFT TRINKET BOX,22260,2571.0,11.549865229110512
PINK BOUDICCA LARGE BRACELET,76,1.0,1.3157894736842104
PINK BOUDOIR T-LIGHT HOLDER,4211,1872.0,44.454998812633576
PINK BREAKFAST CUP AND SAUCER ,1654,768.0,46.43288996372431
PINK BUNNY EASTER EGG BASKET,158,0.0,0.0
PINK BUTTERFLY C/COVER ,10,0.0,0.0
PINK BUTTERFLY CUSHION COVER,23,1.0,4.3478260869565215
PINK BUTTERFLY CUSHION COVER ,259,0.0,0.0
PINK BUTTERFLY HANDBAG W BOBBLES,234,0.0,0.0
PINK BUTTERFLY PAPER LAMPSHADE,3,0.0,0.0
PINK BUTTERFLY WASHBAG,342,0.0,0.0
PINK CANDYSTUFT ARTIFICIAL FLOWER,319,0.0,0.0
PINK CANVAS DES CUSHION COVER ,6,0.0,0.0
PINK CAT BOWL,513,0.0,0.0
PINK CAT FLORAL CUSHION COVER ,353,0.0,0.0
PINK CHERRY BLOSSOM CUP & SAUCER,41,1.0,2.4390243902439024
PINK CHERRY LIGHTS,2281,693.0,30.38141166155195
PINK CHICK EGG WARMER + EGG CUP,243,0.0,0.0
PINK CHRISTMAS FLOCK DROPLET ,143,0.0,0.0
PINK CHRISTMAS TREE DECORATION,37,0.0,0.0
PINK CHRYSANTHEMUMS ART FLOWER,296,0.0,0.0
PINK CLEAR GLASS CANDLE PLATE,67,0.0,0.0
PINK COMBO MINI CRYSTALS NECKLACE,26,0.0,0.0
PINK CREAM FELT CRAFT TRINKET BOX ,20496,1497.0,7.303864168618267
PINK CROCHET CAT WITH SCARF,14,0.0,0.0
PINK CRYSTAL GUITAR PHONE CHARM,64,12.0,18.75
PINK CRYSTAL HEART PHONE CHARM,263,37.0,14.068441064638785
PINK CRYSTAL SKULL PHONE CHARM,104,0.0,0.0
PINK CRYSTAL+GLASS BRACELET,55,0.0,0.0
PINK CURRENT CANDLE RING,28,0.0,0.0
PINK DAISY BAG CHARM,42,6.0,14.285714285714285
PINK DIAMANTE PEN IN GIFT BOX,1601,27.0,1.6864459712679576
PINK DINER WALL CLOCK,307,0.0,0.0
PINK DISCO HANDBAG,304,0.0,0.0
PINK DOG BOWL,675,16.0,2.3703703703703702
PINK DOG CANNISTER,24,1.0,4.166666666666666
PINK DOLLY HAIR CLIPS,84,0.0,0.0
PINK DOUGHNUT TRINKET POT ,6606,137.0,2.073872237359976
PINK DRAWER KNOB ACRYLIC EDWARDIAN,4353,15.0,0.34458993797381116
PINK DRESS JEWELLERY STAND ,373,0.0,0.0
PINK EASTER HENS+FLOWER,23,0.0,0.0
PINK EAU DE COLOGNE BOTTLE,97,0.0,0.0
PINK ENAMEL FLOWER HAIR TIE,48,6.0,12.5
PINK ENAMEL+GLASS HAIR COMB,399,6.0,1.5037593984962405
PINK FAIRY CAKE CHILD'S APRON,3438,0.0,0.0
PINK FAIRY CAKE CHILDRENS APRON,6205,12.0,0.19339242546333602
PINK FAIRY CAKE COASTER,2706,1200.0,44.345898004434595
PINK FAIRY CAKE CUSHION COVER,1284,13.0,1.0124610591900312
PINK FEATHER CHRISTMAS DECORATION,447,0.0,0.0
PINK FEATHERS CURTAIN,109,0.0,0.0
PINK FELT EASTER EGG BASKET,1538,14.0,0.9102730819245773
PINK FELT EASTER RABBIT GARLAND,241,0.0,0.0
PINK FELT HANGING HEART W FLOWER,157,0.0,0.0
PINK FLOCK GLASS CANDLEHOLDER,160,0.0,0.0
PINK FLOCK PHOTO FRAME ,162,0.0,0.0
PINK FLOCK SUEDE CUSHION COVER ,27,0.0,0.0
PINK FLOCK TABLE CLOCK ,84,0.0,0.0
PINK FLORAL FELTCRAFT SHOULDER BAG,2490,3.0,0.12048192771084339
PINK FLOWER CROCHET FOOD COVER,793,2.0,0.25220680958385877
PINK FLOWER FABRIC PONY,201,0.0,0.0
PINK FLOWER HANGING HEART ,138,6.0,4.3478260869565215
PINK FLOWERS CHILDS UMBRELLA,6,0.0,0.0
PINK FLOWERS RABBIT EASTER,45,0.0,0.0
PINK FLUFFY CHRISTMAS DECORATION,554,0.0,0.0
PINK FLY SWAT,500,1.0,0.2
PINK FOXGLOVE ARTIIFCIAL FLOWER,195,12.0,6.153846153846154
PINK GAUZE BUTTERFLY LAMPSHADE,40,0.0,0.0
PINK GINGHAM CAT WITH SCARF,282,0.0,0.0
PINK GINGHAM ROSE CUSHION COVER,23,1.0,4.3478260869565215
PINK GINGHAM ROSE FLOOR CUSHION,56,0.0,0.0
PINK GLASS CANDLEHOLDER,293,12.0,4.09556313993174
PINK GLASS CHUNKY CHARM BRACELET,36,2.0,5.555555555555555
PINK GLASS COCKTAIL LAMP,2,0.0,0.0
PINK GLASS TASSLE BAG CHARM ,151,0.0,0.0
PINK GOOSE FEATHER TREE 60CM,321,20.0,6.230529595015576
PINK GREEN EMBROIDERY COSMETIC BAG,48,0.0,0.0
PINK HANGING GINGHAM EASTER HEN,72,0.0,0.0
PINK HANGING HEART T-LIGHT HOLDER,880,164.0,18.636363636363637
PINK HAPPY BIRTHDAY BUNTING,5751,57.0,0.99113197704747
PINK HAWAIIAN PICNIC HAMPER FOR 2,312,0.0,0.0
PINK HAWAIIAN PICNIC HAMPER FOR 4,499,0.0,0.0
PINK HEART CANDY BUTTON CALCULATOR,551,0.0,0.0
PINK HEART CHRISTMAS DECORATION,1,0.0,0.0
PINK HEART DOTS HOT WATER BOTTLE,1116,1.0,0.08960573476702509
PINK HEART OF GLASS BRACELET,36,0.0,0.0
PINK HEART RED HANDBAG,265,0.0,0.0
PINK HEART SHAPE EGG FRYING PAN,9853,66.0,0.6698467471835989
PINK HEART SHAPE PHOTO FRAME,720,2.0,0.2777777777777778
PINK HEARTS LIGHT CHAIN ,364,0.0,0.0
PINK HEARTS PAPER GARLAND,806,77.0,9.553349875930522
PINK HEARTS PHOTO ALBUM,174,0.0,0.0
PINK HORSE SOCK PUPPET,551,0.0,0.0
PINK HORSE SOCK PUPPET KIT,42,1.0,2.380952380952381
PINK HYDRANGEA ART FLOWER,272,0.0,0.0
PINK JEWELLED MIRROR TRINKET TRAY,79,4.0,5.063291139240507
PINK JEWELLED PHOTO FRAME,98,0.0,0.0
PINK JEWELLED PHOTO FRAME ,142,0.0,0.0
PINK JUICY FRUIT PHOTO FRAME,387,8.0,2.0671834625323
PINK JUMPER LARRY THE LAMB,959,4.0,0.4171011470281543
PINK KASHMIRI BOXED MIRROR,13,0.0,0.0
PINK KASHMIRI COFFEE TABLE ,20,0.0,0.0
PINK KASHMIRI OCCASIONAL TABLE,3,1.0,33.33333333333333
PINK KNITTED COW STUFFED TOY,84,0.0,0.0
PINK KNITTED EGG COSY,191,0.0,0.0
PINK KNITTED KIDS RUCKSACK,50,0.0,0.0
PINK LARGE JEWELED PHOTOFRAME,23,1.0,4.3478260869565215
PINK LEAVES AND BEADS PHONE CHARM,31,0.0,0.0
PINK LOVE BIRD CANDLE,521,1.0,0.19193857965451055
PINK LOVE HEART SHAPE CUP,2464,12.0,0.487012987012987
PINK MARSHMALLOW SCARF KNITTING KIT,582,4.0,0.6872852233676976
PINK METAL CHICKEN HEART ,1263,96.0,7.600950118764846
PINK METAL SWINGING BUNNY,748,24.0,3.2085561497326207
PINK MILKSHAKE GLASS,200,8.0,4.0
PINK MINI STATIONERY SET W CASE,11,0.0,0.0
PINK MINI TAPE MEASURE ,290,0.0,0.0
PINK MONTE CARLO HANDBAG,197,1.0,0.5076142131979695
PINK MURANO TWIST BRACELET,93,0.0,0.0
PINK MURANO TWIST NECKLACE,30,0.0,0.0
PINK NEW BAROQUE FLOCK CANDLESTICK,22,1.0,4.545454545454546
PINK NEW BAROQUECANDLESTICK CANDLE,838,54.0,6.443914081145586
PINK OVAL JEWELLED MIRROR,176,1.0,0.5681818181818182
PINK OVAL SHAPE TRINKET BOX,39,0.0,0.0
PINK OWL DECORATION,96,0.0,0.0
PINK OWL SOFT TOY,1728,8.0,0.4629629629629629
PINK PADDED MOBILE,782,11.0,1.4066496163682864
PINK PAINTED KASHMIRI CHAIR,23,0.0,0.0
PINK PAINTED KASHMIRI TABLE,11,0.0,0.0
PINK PAISLEY CUSHION COVER ,432,13.0,3.009259259259259
PINK PAISLEY PHOTO ALBUM,7,0.0,0.0
PINK PAISLEY QUILT ,209,0.0,0.0
PINK PAISLEY ROSE GIFT WRAP,3300,50.0,1.5151515151515151
PINK PAISLEY SQUARE TISSUE BOX ,1667,18.0,1.0797840431913617
PINK PAPER PARASOL ,4964,3.0,0.06043513295729251
PINK PARTY BAGS,5967,160.0,2.6814144461203284
PINK PARTY SUNGLASSES,186,0.0,0.0
PINK PATCH PENCIL CASE BLUE HEART,325,1.0,0.3076923076923077
PINK PATCH PURSE BLUE HEART,142,1.0,0.7042253521126761
PINK PICNIC BARBECUE BUCKET,113,0.0,0.0
PINK PILLAR CANDLE SILVER FLOCK,471,0.0,0.0
PINK POLKADOT BOWL,4208,14.0,0.3326996197718631
PINK POLKADOT CHILDRENS UMBRELLA,405,4.0,0.9876543209876543
PINK POLKADOT GARDEN PARASOL,234,5.0,2.1367521367521367
PINK POLKADOT KIDS BAG,539,12.0,2.2263450834879404
PINK POLKADOT PLATE ,220,0.0,0.0
PINK POLKADOT WRAP ,8125,0.0,0.0
PINK POODLE HANGING DECORATION ,543,12.0,2.209944751381215
PINK PORCELAIN B'FLY OIL BURNER,2,0.0,0.0
PINK POT PLANT CANDLE,333,17.0,5.105105105105105
PINK RABBIT SITTING EASTER,52,4.0,7.6923076923076925
PINK REGENCY TEACUP AND SAUCER,8049,197.0,2.447509007330103
PINK RETRO BIG FLOWER BAG,113,0.0,0.0
PINK RIVIERA HANDBAG,347,0.0,0.0
PINK ROSE FABRIC MIRROR,1098,0.0,0.0
PINK ROSE PICNIC RUG,6,0.0,0.0
PINK ROSE WASHBAG,1096,0.0,0.0
PINK ROSEBUD & PEARL NECKLACE,37,0.0,0.0
PINK ROSEBUD PEARL BRACELET,40,0.0,0.0
PINK ROSEBUD PEARL EARRINGS,42,0.0,0.0
"PINK ROSES/GINGHAM PATCH RABBIT 8""",15,0.0,0.0
PINK ROUND BUTTERFLY MIRROR ,240,38.0,15.833333333333332
PINK ROUND COMPACT MIRROR,74,0.0,0.0
PINK SCOTTIE DOG W FLOWER PATTERN,204,0.0,0.0
PINK SMALL GLASS CAKE STAND,544,40.0,7.352941176470589
PINK SMALL JEWELLED PHOTOFRAME,99,1.0,1.0101010101010102
PINK SPOTS  WRAP ,7825,0.0,0.0
PINK SPOTS CHOCOLATE NESTING BOXES ,842,31.0,3.681710213776722
PINK SPOTTY BOWL,3566,0.0,0.0
PINK SPOTTY CHILDS UMBRELLA,1000,27.0,2.7
PINK SQUARE COMPACT MIRROR,16,0.0,0.0
PINK SQUARE TABLE CLOCK,152,0.0,0.0
PINK STAR CHRISTMAS DECORATION,156,0.0,0.0
PINK STITCHED WALL CLOCK,756,0.0,0.0
PINK STOCKING CHRISTMAS DECORATION,319,0.0,0.0
PINK STRAWBERRY HANDBAG ,143,0.0,0.0
PINK STRING CURTAIN WITH POLE,100,0.0,0.0
PINK STRIPE HOT WATER BOTTLE,285,6.0,2.1052631578947367
PINK STRIPES SHOULDER BAG,3,0.0,0.0
PINK SWEETHEART BRACELET,327,3.0,0.9174311926605505
PINK SWEETIE NECKLACE,9,0.0,0.0
PINK TALL PORCELAIN T-LIGHT HOLDER ,17,0.0,0.0
PINK TEATIME PRINT BOWL,138,0.0,0.0
PINK TV TRAY TABLE ,38,0.0,0.0
PINK UNION JACK  LUGGAGE TAG,1144,0.0,0.0
PINK UNION JACK  PASSPORT COVER ,896,6.0,0.6696428571428571
PINK VINTAGE PAISLEY PICNIC BAG,4116,21.0,0.5102040816326531
PINK VINTAGE SPOT BEAKER,4807,2.0,0.04160599126274183
PINK VINTAGE VICTORIAN CHOKER,5,0.0,0.0
PINK VINTAGE VICTORIAN EARRINGS,33,0.0,0.0
PINK WHITE SPOTS GARDEN PARASOL,204,4.0,1.9607843137254901
PINK YELLOW PATCH CUSHION COVER,383,4.0,1.0443864229765014
PINK/AMETHYST/GOLD NECKLACE,10,0.0,0.0
PINK/BLUE DISC/MIRROR STRING,782,49.0,6.265984654731457
PINK/BLUE STRING CURTAIN ,118,0.0,0.0
PINK/BROWN DOTS RUFFLED UMBRELLA,1918,0.0,0.0
PINK/FLOWER RABBIT EGG WARMER ,159,0.0,0.0
PINK/GREEN FLOWER DESIGN BIG MUG,46,0.0,0.0
PINK/PURPLE CIRCLE CURTAIN,64,0.0,0.0
PINK/PURPLE RETRO RADIO,297,0.0,0.0
"PINK/WHITE ""KEEP CLEAN"" BULLET BIN",176,2.0,1.1363636363636365
PINK/WHITE CHRISTMAS TREE 30CM,58,0.0,0.0
PINK/WHITE CHRISTMAS TREE 60CM,1727,1.0,0.05790387955993051
PINK/WHITE GLASS DEMI CHOKER,9,0.0,0.0
PINK/WHITE RIBBED MELAMINE JUG,169,1.0,0.591715976331361
PINK/YELLOW FLOWERS HANDBAG,383,0.0,0.0
PINK/YELLOW PATCH CUSHION COVER,8,2.0,25.0
PINK/YELLOW RABBIT SAT EASTER,88,0.0,0.0
PIZZA DISH SLICE ,36,0.0,0.0
PIZZA PLATE IN BOX,1240,95.0,7.661290322580645
PIZZA SLICE DISH,2680,0.0,0.0
PLACE SETTING WHITE HEART,27562,915.0,3.3197881140700964
PLACE SETTING WHITE STAR,6241,11.0,0.17625380547989103
PLANTPOT SINGLE HOOK PISTACHIO,167,0.0,0.0
PLASMATRONIC LAMP,104,14.0,13.461538461538462
PLASTERS IN TIN CIRCUS PARADE ,13585,107.0,0.7876334192123666
PLASTERS IN TIN MR STRONG ,228,0.0,0.0
PLASTERS IN TIN SKULLS,7794,96.0,1.2317167051578137
PLASTERS IN TIN SPACEBOY,15441,287.0,1.8586879088141959
PLASTERS IN TIN STRONGMAN,11321,40.0,0.35332567794364456
PLASTERS IN TIN VINTAGE PAISLEY ,10369,68.0,0.6558009451248915
PLASTERS IN TIN WOODLAND ANIMALS,13588,159.0,1.1701501324698262
PLAYING CARDS I LOVE LONDON ,1200,0.0,0.0
PLAYING CARDS JUBILEE UNION JACK,1927,0.0,0.0
PLAYING CARDS KEEP CALM & CARRY ON,3643,2.0,0.05489980785067252
PLAYING CARDS VINTAGE DOILEY ,13,0.0,0.0
PLAYING CARDS VINTAGE DOILY ,701,0.0,0.0
PLEASE ONE PERSON  METAL SIGN,1867,1.0,0.05356186395286556
PLEASE ONE PERSON METAL SIGN,22865,113.0,0.4942051169910343
POCKET BAG BLUE PAISLEY RED SPOT,1440,37.0,2.569444444444444
POCKET BAG PINK PAISELY BROWN SPOT,877,0.0,0.0
"POCKET MIRROR ""GLAMOROUS""",97,0.0,0.0
POCKET MIRROR BUTTERFLY ,2,0.0,0.0
POCKET MIRROR WOODLAND,213,0.0,0.0
POLKA DOT PEN,1248,0.0,0.0
POLKA DOT PISTACHIO PAIL,285,0.0,0.0
POLKA DOT RAFFIA FOOD COVER,1165,50.0,4.291845493562231
POLKADOT COFFEE CUP & SAUCER PINK,1589,56.0,3.524229074889868
POLKADOT CUTLERY 24 PCS IN TRAY,640,37.0,5.78125
POLKADOT MUG PINK ,193,0.0,0.0
POLKADOT PEN,12049,0.0,0.0
POLKADOT PENS,48,0.0,0.0
POLKADOT RAIN HAT ,3014,22.0,0.7299270072992701
POLYESTER FILLER PAD 30CMx30CM,251,0.0,0.0
POLYESTER FILLER PAD 40x40cm,3471,70.0,2.016709881878421
POLYESTER FILLER PAD 45x30cm,243,0.0,0.0
POLYESTER FILLER PAD 45x45cm,2517,21.0,0.834326579261025
POLYESTER FILLER PAD 60x40cm,20,0.0,0.0
POLYESTER FILLER PAD 65CMx65CM,213,3.0,1.4084507042253522
POMPOM CURTAIN,750,6.0,0.8
POP ART PEN CASE & PENS,10612,5184.0,48.85035808518658
POP ART PUSH DOWN RUBBER ,2145,984.0,45.87412587412587
POP'S GREASY SPOON METAL SIGN,114,0.0,0.0
POP-ART FLUORESCENT PENS,6193,0.0,0.0
POPART COL BALLPOINT PEN ASST,4313,2000.0,46.37143519591931
POPART RECT PENCIL SHARPENER ASST,1210,108.0,8.925619834710744
POPART WOODEN PENCILS ASST,9312,0.0,0.0
POPCORN HOLDER,36749,427.0,1.1619363792212032
"POPCORN HOLDER , LARGE",1008,38.0,3.7698412698412698
"POPCORN HOLDER , SMALL ",3189,14.0,0.43900909375979935
POPPY FIELDS CHOPPING BOARD,93,1.0,1.0752688172043012
POPPY'S PLAYHOUSE BATHROOM,2035,6.0,0.29484029484029484
POPPY'S PLAYHOUSE BEDROOM ,3976,13.0,0.3269617706237425
POPPY'S PLAYHOUSE KITCHEN,4142,17.0,0.4104297440849831
POPPY'S PLAYHOUSE LIVINGROOM ,2910,12.0,0.4123711340206186
PORCELAIN BUDAH INCENSE HOLDER,2559,0.0,0.0
PORCELAIN BUTTERFLY OIL BURNER,1515,24.0,1.5841584158415842
PORCELAIN CHERUB BELL LARGE,33,0.0,0.0
PORCELAIN CHERUB BELL SMALL,329,260.0,79.0273556231003
PORCELAIN HANGING BELL LARGE,38,0.0,0.0
PORCELAIN HANGING BELL SMALL,126,1.0,0.7936507936507936
PORCELAIN ROSE LARGE ,1792,6.0,0.33482142857142855
PORCELAIN ROSE SMALL,3160,4.0,0.12658227848101267
PORCELAIN T-LIGHT HOLDERS ASSORTED,2338,30.0,1.2831479897348161
POSTAGE,5363,302.0,5.6311765802722356
POSTE FRANCE CUSHION COVER,435,0.0,0.0
POSY CANDY BAG,4142,55.0,1.3278609367455336
POSY SHOPPER BAG,1580,0.0,0.0
POTTERING IN THE SHED METAL SIGN,9696,4.0,0.041254125412541254
POTTERING MUG,5663,85.0,1.5009712166696099
POTTING SHED CANDLE CITRONELLA,866,5.0,0.5773672055427251
POTTING SHED COFFEE MUG,1264,17.0,1.3449367088607596
POTTING SHED ROSE CANDLE,827,0.0,0.0
POTTING SHED SEED ENVELOPES,1320,0.0,0.0
POTTING SHED SEED TIN,172,0.0,0.0
POTTING SHED SOW 'N' GROW SET,555,4.0,0.7207207207207207
POTTING SHED TEA MUG,9075,207.0,2.28099173553719
POTTING SHED TWINE,2387,14.0,0.5865102639296188
PREMIUM CHURCH CANDLE,265,0.0,0.0
PRETTY HANGING QUILTED HEARTS,1276,0.0,0.0
PRICE'S CANDLE PEACH,1050,50.0,4.761904761904762
PSYCHEDELIC METAL SIGN CALENDAR,975,480.0,49.23076923076923
PSYCHEDELIC TILE COASTER,484,24.0,4.958677685950414
PSYCHEDELIC TILE HOOK,335,6.0,1.791044776119403
PSYCHEDELIC WALL THERMOMETER,714,0.0,0.0
PURPLE ACRYLIC FACETED BANGLE,142,0.0,0.0
PURPLE AMETHYST NECKLACE W TASSEL,18,0.0,0.0
PURPLE ANEMONE ARTIFICIAL FLOWER,411,0.0,0.0
PURPLE BERTIE GLASS BEAD BAG CHARM,136,0.0,0.0
PURPLE BOUDICCA LARGE BRACELET,52,7.0,13.461538461538462
PURPLE CHUNKY GLASS+BEAD NECKLACE,16,0.0,0.0
PURPLE CRYSTAL DROP EARRINGS,5,0.0,0.0
PURPLE CURRENT CANDLE RING,31,0.0,0.0
PURPLE DRAWERKNOB ACRYLIC EDWARDIAN,3609,70.0,1.9395954558049322
PURPLE DRESS JEWELLERY STAND,62,0.0,0.0
PURPLE ENAMEL FLOWER HAIR TIE,31,6.0,19.35483870967742
PURPLE ENAMEL FLOWER RING,130,4.0,3.076923076923077
PURPLE ENAMEL+GLASS HAIR COMB,173,9.0,5.202312138728324
PURPLE FINE BEAD NECKLACE W TASSEL,11,0.0,0.0
PURPLE FOXGLOVE ARTIIFCIAL FLOWER,326,4.0,1.2269938650306749
PURPLE FRANGIPANI HAIRCLIP,129,0.0,0.0
PURPLE FRANGIPANI NECKLACE,44,0.0,0.0
PURPLE GEMSTONE BRACELET,70,5.0,7.142857142857142
PURPLE GEMSTONE NECKLACE 45CM,19,1.0,5.263157894736842
PURPLE GLASS TASSLE BAG CHARM,129,0.0,0.0
PURPLE GREEN FLOWER PIGGY BANK,361,8.0,2.21606648199446
PURPLE LAS VEGAS BRACELET ROUND,15,0.0,0.0
PURPLE LEAVES AND BEADS PHONE CHAR,13,0.0,0.0
PURPLE PAPER PARASOL,967,5.0,0.5170630816959669
PURPLE PILLAR CANDLE BLACK FLOCK,322,0.0,0.0
PURPLE SWEETHEART BRACELET,177,4.0,2.2598870056497176
PURPLE TINT ACRYLIC FLOWER VASE,24,0.0,0.0
PURPLE VINTAGE EARRINGS,46,0.0,0.0
PURPLE/BLUE CERAMIC CANDLE HOLDER,26,0.0,0.0
PURPLE/COPPER HANGING LAMPSHADE,23,0.0,0.0
PURPLE/TURQ FLOWERS HANDBAG,257,0.0,0.0
QUEEN OF SKIES LUGGAGE TAG,414,0.0,0.0
QUEEN OF THE SKIES HOLIDAY PURSE ,1074,503.0,46.83426443202979
QUEEN OF THE SKIES PASSPORT COVER ,297,0.0,0.0
QUEENS GUARD COFFEE MUG,2431,16.0,0.658165364047717
RABBIT  DESIGN  COTTON TOTE BAG,542,6.0,1.107011070110701
RABBIT EASTER DECORATION,20,0.0,0.0
RABBIT NIGHT LIGHT,30739,108.0,0.35134519665571423
RAIN GIRL CHILDS UMBRELLA,1,0.0,0.0
RAIN HAT WITH RED SPOTS,4457,48.0,1.076957594794705
RAIN PONCHO ,2005,0.0,0.0
RAIN PONCHO RETROSPOT,10408,528.0,5.073020753266718
RAIN PONCHO WITH RED SPOTS,4727,0.0,0.0
RAINBOW PEGS PHOTO CLIP STRING,428,0.0,0.0
RAINY LADIES BIRTHDAY CARD,5391,36.0,0.667779632721202
RASPBERRY ANT COPPER FLOWER NECKLAC,33,0.0,0.0
RASTA IN BATH W SPLIFF ASHTRAY,16,0.0,0.0
RATTLE SNAKE EGGS,1520,0.0,0.0
RECIPE BOX BLUE SKETCHBOOK DESIGN,2955,45.0,1.5228426395939088
RECIPE BOX PANTRY YELLOW DESIGN,10706,237.0,2.213711937231459
RECIPE BOX RETRO SPOT DESIGN,959,25.0,2.6068821689259645
RECIPE BOX RETROSPOT ,3886,113.0,2.907874420998456
RECIPE BOX WITH METAL HEART,1126,15.0,1.3321492007104796
"RECORD FRAME 7"" SINGLE SIZE ",7540,42.0,0.5570291777188329
RECTANGULAR SHAPED MIRROR,674,14.0,2.0771513353115725
RECYCLED ACAPULCO MAT BLUE,365,2.0,0.547945205479452
RECYCLED ACAPULCO MAT GREEN,497,1.0,0.2012072434607646
RECYCLED ACAPULCO MAT LAVENDER,295,1.0,0.3389830508474576
RECYCLED ACAPULCO MAT PINK,364,1.0,0.27472527472527475
RECYCLED ACAPULCO MAT RED,456,3.0,0.6578947368421052
RECYCLED ACAPULCO MAT TURQUOISE,654,1.0,0.1529051987767584
RECYCLED PENCIL WITH RABBIT ERASER,5827,133.0,2.282478119100738
RECYCLING BAG RETROSPOT ,15765,67.0,0.4249920710434507
RED   ACRYLIC FACETED BANGLE,118,0.0,0.0
RED  EGG  SPOON,1698,1.0,0.058892815076560655
RED  HARMONICA IN BOX ,36289,884.0,2.4359998897737607
RED  SPOTTY COFFEE  MUG,710,2.0,0.28169014084507044
RED 3 PIECE MINI DOTS CUTLERY SET,4254,3.0,0.07052186177715092
RED 3 PIECE RETROSPOT CUTLERY SET,2610,100.0,3.8314176245210727
RED AND WHITE SPOT TAPE,483,12.0,2.484472049689441
RED APPLES CHOPPING BOARD   ,152,0.0,0.0
RED BABY BUNTING ,2386,55.0,2.305113160100587
RED BIRD HOUSE TREE DECORATION,659,0.0,0.0
RED BOUDICCA LARGE BRACELET,71,0.0,0.0
RED CHARLIE+LOLA PERSONAL DOORSIGN,2340,2.0,0.08547008547008547
RED COAT RACK PARIS FASHION,450,4.0,0.8888888888888888
RED DAISY PAPER LAMPSHADE,355,0.0,0.0
RED DAISY POCKET BOOK ,5347,0.0,0.0
RED DINER WALL CLOCK,1850,39.0,2.108108108108108
RED DRAGONFLY HELICOPTER,162,2.0,1.2345679012345678
RED DRAWER KNOB ACRYLIC EDWARDIAN,2791,28.0,1.0032246506628448
RED ENAMEL FLOWER RING,119,6.0,5.042016806722689
RED ENCHANTED FOREST PLACEMAT,1364,0.0,0.0
RED FLOCK LOVE HEART PHOTO FRAME,1681,8.0,0.4759071980963712
RED FLORAL FELTCRAFT SHOULDER BAG,3237,145.0,4.479456286685203
RED FLOWER CROCHET FOOD COVER,927,0.0,0.0
RED GINGHAM ROSE JEWELLERY BOX,6359,70.0,1.1008020128951093
RED GINGHAM TEDDY BEAR ,1877,17.0,0.9057005860415557
RED GLASS TASSLE BAG CHARM,81,0.0,0.0
RED HANGING HEART T-LIGHT HOLDER,17575,423.0,2.406827880512091
RED HANGING METAL STAR TLIGHT HLDR,925,3.0,0.3243243243243243
RED HEART CANDY POP LIGHTS,1,3.0,300.0
RED HEART LUGGAGE TAG,797,0.0,0.0
RED HEART SHAPE LOVE BUCKET ,2786,19.0,0.6819813352476669
RED HEARTS LIGHT CHAIN ,629,15.0,2.384737678855326
RED KITCHEN SCALES,2627,37.0,1.4084507042253522
RED KUKUI COCONUT SEED NECKLACE,139,0.0,0.0
RED LOVE HEART SHAPE CUP,3345,12.0,0.35874439461883406
RED METAL BEACH SPADE ,4030,52.0,1.2903225806451613
RED METAL BOX TOP SECRET,1074,11.0,1.0242085661080074
RED MINI TAPE MEASURE ,1,0.0,0.0
RED ORGANIC CANDLE IN GLASS,640,0.0,0.0
RED PAPER PARASOL,1596,9.0,0.5639097744360901
RED PEONY CUSHION COVER ,309,0.0,0.0
RED PEONY DES C/COVER ,13,2.0,15.384615384615385
RED PEONY PHOTO FRAME ,8,0.0,0.0
RED PEONY TABLE CLOCK,34,1.0,2.941176470588235
RED POLKA DOT TISSUE BOX,1003,27.0,2.6919242273180455
RED POLKADOT BEAKER ,3920,22.0,0.5612244897959183
RED POLKADOT COFFEE  MUG,1585,0.0,0.0
RED POLKADOT PUDDING BOWL,3717,3648.0,98.14366424535916
RED POPPY ARTIFICIAL FLOWER,233,0.0,0.0
RED PUDDING SPOON,1078,12.0,1.1131725417439702
RED PURSE WITH PINK HEART,96,0.0,0.0
RED REFECTORY CLOCK ,250,1.0,0.4
RED REINDEER STRING OF 20 LIGHTS,149,5.0,3.3557046979865772
RED RETRO BAR STOOL,101,1.0,0.9900990099009901
RED RETRO KITCHEN WALL CLOCK,47,0.0,0.0
RED RETROSPOT APRON ,679,6.0,0.8836524300441826
RED RETROSPOT BIG BOWL,326,2.0,0.6134969325153374
RED RETROSPOT BOWL,5846,96.0,1.6421484775915156
RED RETROSPOT BUTTER DISH,1856,47.0,2.5323275862068964
RED RETROSPOT CAKE STAND,4635,494.0,10.658036677454154
RED RETROSPOT CHARLOTTE BAG,20663,226.0,1.0937424381745149
RED RETROSPOT CHILDRENS UMBRELLA,1585,25.0,1.5772870662460567
RED RETROSPOT CUP,4731,65.0,1.3739167195096174
RED RETROSPOT JUMBO BAG ,5417,16.0,0.29536643898836995
RED RETROSPOT LUGGAGE TAG,584,12.0,2.054794520547945
RED RETROSPOT MINI CASES,2066,17.0,0.8228460793804453
RED RETROSPOT MUG,3893,34.0,0.8733624454148471
RED RETROSPOT OVEN GLOVE ,5279,213.0,4.034855086190566
RED RETROSPOT OVEN GLOVE DOUBLE,1382,9.0,0.6512301013024602
RED RETROSPOT PEG BAG,4003,239.0,5.970522108418686
RED RETROSPOT PICNIC BAG,6680,129.0,1.9311377245508983
RED RETROSPOT PLATE ,3735,36.0,0.9638554216867471
RED RETROSPOT PUDDING BOWL,711,56.0,7.876230661040788
RED RETROSPOT PURSE ,599,1.0,0.1669449081803005
RED RETROSPOT ROUND CAKE TINS,1420,20.0,1.4084507042253522
RED RETROSPOT SHOPPER BAG,6295,45.0,0.7148530579825259
RED RETROSPOT SHOPPING BAG,627,12.0,1.9138755980861244
RED RETROSPOT SMALL MILK JUG,5057,55.0,1.0876013446707533
RED RETROSPOT STORAGE JAR,1395,32.0,2.293906810035842
RED RETROSPOT SUGAR JAM BOWL,3152,28.0,0.8883248730964468
RED RETROSPOT TAPE,2000,12.0,0.6
RED RETROSPOT TEA CUP AND SAUCER ,1705,33.0,1.935483870967742
RED RETROSPOT TISSUE BOX,2554,65.0,2.5450274079874706
RED RETROSPOT TOASTRACK,120,3.0,2.5
RED RETROSPOT TRADITIONAL TEAPOT ,2337,102.0,4.364569961489089
RED RETROSPOT UMBRELLA,2732,5.0,0.18301610541727673
RED RETROSPOT WASHBAG,103,0.0,0.0
RED RETROSPOT WRAP ,14051,50.0,0.3558465589637748
RED ROCKING HORSE HAND PAINTED,2329,24.0,1.03048518677544
RED ROSE AND LACE C/COVER,190,2.0,1.0526315789473684
RED SHARK HELICOPTER,179,15.0,8.379888268156424
RED SPOT CERAMIC DRAWER KNOB,9488,170.0,1.791736930860034
RED SPOT HEART HOT WATER BOTTLE,2425,14.0,0.5773195876288659
RED SPOT PAPER GIFT BAG,2456,16.0,0.6514657980456027
RED SPOTS  WRAP ,12675,50.0,0.39447731755424065
RED SPOTTY APRON ,794,12.0,1.5113350125944585
RED SPOTTY BEAKER ,85,0.0,0.0
RED SPOTTY BIG BOWL,423,6.0,1.4184397163120568
RED SPOTTY BISCUIT TIN,5256,79.0,1.5030441400304413
RED SPOTTY BOWL,4629,41.0,0.8857204579822855
RED SPOTTY CANDY BAG,5262,22.0,0.41809198023565186
RED SPOTTY CHARLOTTE BAG,11534,95.0,0.8236518120339865
RED SPOTTY CHILDS APRON,2506,2.0,0.07980845969672785
RED SPOTTY CHILDS UMBRELLA,1483,32.0,2.157788267026298
RED SPOTTY COIR DOORMAT,1174,8.0,0.6814310051107325
RED SPOTTY CUP,4746,84.0,1.7699115044247788
RED SPOTTY EGG CUP ,948,5.0,0.5274261603375527
RED SPOTTY LUGGAGE TAG,1000,24.0,2.4
RED SPOTTY OVEN GLOVE ,2816,10.0,0.35511363636363635
RED SPOTTY OVEN GLOVE DOUBLE,1284,4.0,0.3115264797507788
RED SPOTTY PASSPORT COVER,15,0.0,0.0
RED SPOTTY PEG BAG,2662,24.0,0.9015777610818932
RED SPOTTY PLATE ,3350,6.0,0.1791044776119403
RED SPOTTY PUDDING BOWL,3828,2.0,0.052246603970741906
RED SPOTTY PURSE ,736,31.0,4.211956521739131
RED SPOTTY ROUND CAKE TINS,1484,30.0,2.0215633423180592
RED SPOTTY SHOPPER BAG,7058,13.0,0.18418815528478322
RED SPOTTY SHOPPING BAG,686,4.0,0.5830903790087464
RED SPOTTY TABLECLOTH ,393,2.0,0.5089058524173028
RED SPOTTY WASHBAG,586,6.0,1.023890784982935
RED STAR CARD HOLDER,2004,70.0,3.493013972055888
RED STONE/CRYSTAL EARRINGS,13,0.0,0.0
RED STRIPE CERAMIC DRAWER KNOB,10357,87.0,0.8400115863667086
RED TEA TOWEL CLASSIC DESIGN,2368,0.0,0.0
RED TOADSTOOL LED NIGHT LIGHT,28910,990.0,3.4244206157039088
RED TOP SCANDINAVIAN HEART ,4,0.0,0.0
RED VICTORIAN FABRIC HEART BOX,293,0.0,0.0
RED VICTORIAN FABRIC OVAL BOX,1952,0.0,0.0
RED VINTAGE SPOT BEAKER,1879,51.0,2.7142096860031932
RED WALL CLOCK,60,0.0,0.0
RED WHITE SCARF  HOT WATER BOTTLE,2384,0.0,0.0
RED WOOLLY HOTTIE WHITE HEART.,10628,86.0,0.8091832894241625
RED/CREAM STRIPE CUSHION COVER ,1009,26.0,2.576808721506442
RED/CREAM STRIPE FRINGE HAMMOCK,337,2.0,0.5934718100890208
RED/WHITE DOT MINI CASES,1131,3.0,0.2652519893899204
RED/WHITE DOTS RUFFLED UMBRELLA,3462,13.0,0.37550548815713464
RED/WHITE SPOT PICNIC BAG,1125,14.0,1.2444444444444445
REDWHITE STRIPE SCANDINAVIAN HEART ,377,44.0,11.671087533156498
REGENCY CAKE FORK,1715,12.0,0.6997084548104956
REGENCY CAKE SLICE,578,1.0,0.17301038062283738
REGENCY CAKESTAND 3 TIER,26478,1450.0,5.476244429337563
REGENCY MILK JUG PINK ,3160,80.0,2.5316455696202533
REGENCY MIRROR WITH SHUTTERS,17,2.0,11.76470588235294
REGENCY SUGAR BOWL GREEN,3055,88.0,2.8805237315875614
REGENCY SUGAR TONGS,1832,55.0,3.002183406113537
REGENCY TEA PLATE GREEN ,6247,97.0,1.5527453177525212
REGENCY TEA PLATE PINK,3861,102.0,2.641802641802642
REGENCY TEA PLATE ROSES ,6857,718.0,10.471051480239172
REGENCY TEA SPOON,1450,6.0,0.41379310344827586
REGENCY TEA STRAINER,1412,0.0,0.0
REGENCY TEAPOT ROSES ,2766,52.0,1.8799710773680405
REINDEER HEART DECORATION GOLD,993,12.0,1.2084592145015105
REINDEER HEART DECORATION SILVER,1536,58.0,3.7760416666666665
RELAX LARGE WOOD LETTERS,208,4.0,1.9230769230769231
RESIN BRACELET W PASTEL BEADS,25,0.0,0.0
RESIN NECKLACE W PASTEL BEADS,30,0.0,0.0
RETO LEAVES MAGNETIC SHOPPING LIST,36,0.0,0.0
"RETRO ""TEA FOR ONE"" ",145,0.0,0.0
RETRO BLUE SPOTTY WASHING UP GLOVES,965,1.0,0.10362694300518134
RETRO BROWN BALL ASHTRAY ,205,3.0,1.4634146341463417
RETRO COFFEE MUGS ASSORTED,7145,47.0,0.6578026592022393
RETRO LAUNDRY TUB PINK,86,11.0,12.790697674418606
RETRO LAUNDRY TUB PISTACHIO,98,2.0,2.0408163265306123
RETRO LEAVES MAGNETIC NOTEPAD,105,0.0,0.0
RETRO LONGBOARD IRONING BOARD COVER,343,4.0,1.1661807580174928
RETRO MOD TRAY,1403,12.0,0.8553100498930863
"RETRO PILL BOX , REVOLUTIONARY",189,0.0,0.0
"RETRO PILL BOX KEY CHAIN,THE KING",235,0.0,0.0
RETRO PINK BALL ASHTRAY ,364,4.0,1.098901098901099
RETRO PINK SPOT WASHING UP GLOVES,218,2.0,0.9174311926605505
RETRO PLASTIC 70'S TRAY,904,42.0,4.646017699115045
RETRO PLASTIC DAISY TRAY,779,18.0,2.3106546854942236
RETRO PLASTIC ELEPHANT TRAY,1619,289.0,17.850525015441633
RETRO PLASTIC POLKA TRAY,1964,48.0,2.4439918533604885
RETRO RED SPOTTY WASHING UP GLOVES,3139,32.0,1.0194329404268876
RETRO SISTERS EXPRESSO CUPS,429,12.0,2.797202797202797
RETRO SPORT PARTY BAG + STICKER SET,3444,474.0,13.763066202090593
RETRO SPOT  CIGAR BOX MATCHES ,3104,24.0,0.7731958762886598
RETRO SPOT CAKE STAND,1493,93.0,6.22906898861353
RETRO SPOT CANDLE  LARGE,295,12.0,4.067796610169491
RETRO SPOT CANDLE  MEDIUM,263,0.0,0.0
RETRO SPOT CANDLE  SMALL,408,12.0,2.941176470588235
RETRO SPOT CERAMIC TOASTRACK,383,5.0,1.3054830287206265
RETRO SPOT GIANT  TUBE MATCHES,1295,24.0,1.8532818532818531
RETRO SPOT LAMP,511,21.0,4.10958904109589
RETRO SPOT LARGE MILK JUG,1687,45.0,2.667457024303497
RETRO SPOT MUG,1481,14.0,0.9453072248480756
RETRO SPOT PADDED SEAT CUSHION,475,0.0,0.0
RETRO SPOT PARTY BAG + STICKER SET,938,1.0,0.10660980810234541
RETRO SPOT SMALL MILK JUG,1719,33.0,1.9197207678883073
RETRO SPOT SMALL TUBE MATCHES,2005,20.0,0.997506234413965
RETRO SPOT STORAGE JAR,729,12.0,1.646090534979424
RETRO SPOT SUGAR JAM BOWL,921,9.0,0.9771986970684038
RETRO SPOT TEA SET CERAMIC 11 PC ,4438,410.0,9.238395673726904
RETRO SPOT TRADITIONAL TEAPOT ,1008,69.0,6.845238095238096
RETRO SPOTS BUTTER DISH,867,23.0,2.6528258362168398
RETRO SPOTS PUDDING BOWL,294,8.0,2.7210884353741496
"RETRO TIN ASHTRAY,REVOLUTIONARY",52,0.0,0.0
RETROSPOT BABUSHKA DOORSTOP,296,1.0,0.33783783783783783
RETROSPOT CANDLE  LARGE,711,0.0,0.0
RETROSPOT CANDLE  MEDIUM,744,48.0,6.451612903225806
RETROSPOT CANDLE  SMALL,1139,36.0,3.160667251975417
RETROSPOT CHILDRENS APRON,6631,71.0,1.0707283969235408
RETROSPOT CIGAR BOX MATCHES ,2772,0.0,0.0
RETROSPOT GIANT TUBE MATCHES,2056,1.0,0.048638132295719845
RETROSPOT HEART HOT WATER BOTTLE,5168,22.0,0.42569659442724456
RETROSPOT LAMP,464,28.0,6.0344827586206895
RETROSPOT LARGE MILK JUG,1656,35.0,2.1135265700483092
RETROSPOT PADDED SEAT CUSHION,1753,19.0,1.0838562464346835
RETROSPOT PARTY BAG + STICKER SET,5648,851.0,15.067280453257789
RETROSPOT RED WASHING UP GLOVES,1955,1.0,0.051150895140664954
RETROSPOT SMALL TUBE MATCHES,1764,7.0,0.3968253968253968
RETROSPOT TEA SET CERAMIC 11 PC ,6168,50.0,0.8106355382619975
RETROSPOT WOODEN HEART DECORATION,2076,40.0,1.9267822736030826
REVOLVER WOODEN RULER ,5233,716.0,13.682400152875978
REX CASH+CARRY JUMBO SHOPPER,4002,28.0,0.6996501749125438
RHOMBUS CRYSTAL PERFUME BOTTLE,7,0.0,0.0
RIBBON REEL CHRISTMAS PRESENT ,3266,40.0,1.224739742804654
RIBBON REEL CHRISTMAS SOCK BAUBLE,3321,130.0,3.9144835892803376
RIBBON REEL FLORA + FAUNA ,1559,41.0,2.6298909557408594
RIBBON REEL HEARTS DESIGN ,5028,61.0,1.213206046141607
RIBBON REEL LACE DESIGN ,3984,38.0,0.9538152610441768
RIBBON REEL MAKING SNOWMEN ,2467,23.0,0.9323064450749898
RIBBON REEL POLKADOTS ,1676,10.0,0.5966587112171837
RIBBON REEL SNOWY VILLAGE,4447,140.0,3.1481897908702496
RIBBON REEL SOCKS AND MITTENS,1434,0.0,0.0
RIBBON REEL SPOTS DESIGN ,2211,31.0,1.4020805065581186
RIBBON REEL STRIPES DESIGN ,7267,31.0,0.42658593642493464
"RIBBON REEL, MAKING SNOWMEN ",60,0.0,0.0
"RIBBON REEL, XMAS SOCK/BAUBLE",700,0.0,0.0
RIBBONS PURSE ,754,6.0,0.7957559681697612
RIDGED BONNE JAM JAR T-LIGHT HOLDER,274,2.0,0.7299270072992701
RIDGED GLASS FINGER BOWL,1183,0.0,0.0
RIDGED GLASS PENDANT LAMPSHADE,43,0.0,0.0
RIDGED GLASS POSY VASE ,985,2.0,0.20304568527918782
RIDGED GLASS STORAGE JAR CREAM LID,258,7.0,2.7131782945736433
RIDGED GLASS T-LIGHT HOLDER,808,1.0,0.12376237623762376
RING OF ROSES BIRTHDAY CARD,3970,12.0,0.30226700251889166
RIO PINK STRIPE HAMMOCK,10,0.0,0.0
RIVIERA NECKLACE,53,0.0,0.0
ROAD-RAGE CAR FRESHENER,1,0.0,0.0
ROBIN CHRISTMAS CARD,1617,24.0,1.4842300556586272
ROBOT BIRTHDAY CARD,7054,12.0,0.1701162461015027
ROBOT MUG IN DISPLAY BOX,316,0.0,0.0
ROBOT PENCIL SHARPNER,4,0.0,0.0
ROCKING HORSE GREEN CHRISTMAS ,3439,3.0,0.08723466123873219
ROCKING HORSE RED CHRISTMAS ,5780,109.0,1.8858131487889274
ROCOCO WALL MIROR,2,0.0,0.0
ROCOCO WALL MIRROR WHITE,78,18.0,23.076923076923077
ROLL WRAP 50'S CHRISTMAS,3535,96.0,2.7157001414427158
ROLL WRAP 50'S RED CHRISTMAS ,1800,12.0,0.6666666666666667
ROLL WRAP VINTAGE CHRISTMAS,3221,24.0,0.7451102142191867
ROLL WRAP VINTAGE SPOT ,2712,24.0,0.8849557522123894
ROMANTIC IMAGES GIFT WRAP SET,1441,0.0,0.0
ROMANTIC IMAGES NOTEBOOK SET,647,24.0,3.7094281298299845
ROMANTIC IMAGES SCRAP BOOK SET,477,0.0,0.0
ROMANTIC PINKS RIBBONS ,2982,25.0,0.8383635144198525
ROSE 1 WICK MORRIS BOXED CANDLE,878,193.0,21.981776765375855
ROSE 3 WICK MORRIS BOX CANDLE,1358,3.0,0.22091310751104565
ROSE CARAVAN DOORSTOP,1247,1.0,0.08019246190858059
ROSE COLOUR PAIR HEART HAIR SLIDES,44,7.0,15.909090909090908
ROSE COTTAGE KEEPSAKE BOX ,1127,26.0,2.3070097604259097
ROSE DES PADDED FLOOR CUSHION,664,0.0,0.0
ROSE DU SUD CHILDRENS APRON,31,0.0,0.0
ROSE DU SUD CHILDS APRON,106,0.0,0.0
ROSE DU SUD COSMETICS BAG,690,0.0,0.0
ROSE DU SUD CUSHION COVER,109,0.0,0.0
ROSE DU SUD CUSHION COVER ,170,0.0,0.0
ROSE DU SUD DRAWSTRING BAG,417,0.0,0.0
ROSE DU SUD OVEN GLOVE,324,0.0,0.0
ROSE DU SUD WASHBAG ,141,0.0,0.0
ROSE FLOWER CANDLE+INCENSE 16X16CM,33,0.0,0.0
ROSE FOLKART HEART DECORATIONS,1963,17.0,0.8660213958227204
ROSE PENDANT TRIPLE SHELL NECKLACE,7,0.0,0.0
ROSE PINK METAL FOLDING CHAIR,44,1.0,2.272727272727273
ROSE PINK PENDANT SHELL NECKLACE,1,0.0,0.0
ROSE SCENT CANDLE IN JEWELLED BOX,923,45.0,4.8754062838569885
ROSE SCENT CANDLE JEWELLED DRAWER,724,4.0,0.5524861878453038
ROSE SCENT CANDLES IN GLASS,643,0.0,0.0
ROSE SCENTED VOTIVE CANDLE,24,0.0,0.0
ROSES BLUE BASE CUSHION COVER ,51,0.0,0.0
ROSES IN WHITE HEART CANDLE ,1818,0.0,0.0
ROSES ON BLUE TEACUP CANDLE ,539,504.0,93.5064935064935
ROSES REGENCY TEACUP AND SAUCER ,12860,491.0,3.8180404354587867
ROSES WHITE ROUND CANDLE,827,0.0,0.0
ROTATING LEAVES T-LIGHT HOLDER,3833,4.0,0.10435690060005218
ROTATING SILVER ANGELS T-LIGHT HLDR,31409,9381.0,29.86723550574676
ROUND ARTICULATED BLUE CLOCK W/SUCK,3,0.0,0.0
ROUND ARTICULATED PINK CLOCK W/SUCK,33,0.0,0.0
ROUND BLUE CLOCK W/SUCKER,54,0.0,0.0
ROUND BLUE CLOCK WITH SUCKER,211,0.0,0.0
ROUND CACTUS CANDLE,300,6.0,2.0
ROUND CAKE TIN VINTAGE GREEN,745,19.0,2.5503355704697985
ROUND CAKE TIN VINTAGE RED,1264,29.0,2.2943037974683547
ROUND CONTAINER SET OF 5 RETROSPOT,5123,29.0,0.5660745656841694
ROUND FOOD CONTAINER S/5 RETROSPOT,36,0.0,0.0
ROUND GEORGIAN SILVER MIRROR,135,46.0,34.074074074074076
ROUND PINK HEART MIRROR,240,0.0,0.0
ROUND PURPLE CLOCK W/SUCKER,99,0.0,0.0
ROUND PURPLE CLOCK WITH SUCKER,365,0.0,0.0
"ROUND SNACK BOXES ,SET 4, FRUITS ",84,0.0,0.0
"ROUND SNACK BOXES ,SET4, WOODLAND ",66,0.0,0.0
ROUND SNACK BOXES SET OF 4 FRUITS ,12875,699.0,5.429126213592233
ROUND SNACK BOXES SET OF 4 SKULLS,3065,22.0,0.7177814029363785
ROUND SNACK BOXES SET OF4 WOODLAND ,15380,57.0,0.37061118335500653
ROUND STORAGE TIN VINTAGE LEAF,864,9.0,1.0416666666666665
ROUND WHITE CONFETTI IN TUBE,178,0.0,0.0
RUBY DROP CHANDELIER EARRINGS,44,0.0,0.0
RUBY GLASS CLUSTER BRACELET,63,9.0,14.285714285714285
RUBY GLASS CLUSTER EARRINGS,87,0.0,0.0
RUBY GLASS CLUSTER NECKLACE,11,0.0,0.0
"RUBY GLASS NECKLACE 42""",2,0.0,0.0
RUSSIAN FOLKART STACKING TINS,1,0.0,0.0
RUSTIC  SEVENTEEN DRAWER SIDEBOARD,38,4.0,10.526315789473683
RUSTIC MIRROR WITH LACE HEART,459,3.0,0.6535947712418301
RUSTIC STRAWBERRY JAM POT LARGE ,279,35.0,12.544802867383511
RUSTIC STRAWBERRY JAM POT SMALL,426,18.0,4.225352112676056
RUSTIC STRAWBERRY JAMPOT LARGE ,120,0.0,0.0
RUSTIC STRAWBERRY JAMPOT SMALL,36,0.0,0.0
"RUSTIC WOODEN CABINET, GLASS DOORS",183,4.0,2.185792349726776
S/12 MINI RABBIT EASTER,479,0.0,0.0
S/12 VANILLA  BOTANICAL T-LIGHTS,632,0.0,0.0
S/15 SILVER GLASS BAUBLES IN BAG,2083,146.0,7.009121459433509
S/16 BLACK SHINY/MAT BAUBLES,50,24.0,48.0
S/16 VINTAGE BLACK CUTLERY,229,4.0,1.7467248908296942
S/16 VINTAGE IVORY CUTLERY,424,1.0,0.2358490566037736
S/16 VINTAGE PISTACHIO CUTLERY,262,0.0,0.0
S/16 VINTAGE RED CUTLERY,288,0.0,0.0
S/16 VINTAGE ROSE CUTLERY,191,0.0,0.0
S/16 VINTAGE SKY BLUE CUTLERY,84,0.0,0.0
S/2 BEACH HUT STOOLS,27,2.0,7.4074074074074066
S/2 BEACH HUT TREASURE CHESTS,312,17.0,5.448717948717949
S/2 HYACINTH BULB CANDLES,1,0.0,0.0
S/2 ZINC HEART DESIGN PLANTERS,89,1.0,1.1235955056179776
S/3 COLOURS FLOCK TEA TOWELS,1,0.0,0.0
S/3 ENGLISH LAVENDER SQU CANDLE,11,0.0,0.0
S/3 FLWR FAIRY LAVENDER CANDLES,445,0.0,0.0
S/3 FLWR FAIRY LILLY CANDLES,315,0.0,0.0
S/3 FLWR FAIRY ROSE CANDLES,43,0.0,0.0
S/3 FLWR FAIRY SUMMER CANDLES,144,16.0,11.11111111111111
S/3 FRENCH VANILLA SQU CANDLE,27,0.0,0.0
S/3 PINK COL METAL BASKET W HANDLE,129,1.0,0.7751937984496124
S/3 PINK SQUARE PLANTERS ROSES,48,0.0,0.0
S/3 POT POURI CUSHIONS BLUE COLOURS,34,0.0,0.0
S/3 PUPPIES CHRISTMAS DECORATIONS,108,0.0,0.0
S/3 RABBIT FLOWER/EGG/CARROT ROPE,124,0.0,0.0
S/3 ROSE GARDEN SCENT SQU CANDLE,1,0.0,0.0
S/3 TEAR DROP CUT GLASS DECORATION,465,0.0,0.0
S/4 BLACK DINNER CANDLE SILVER FLOC,674,0.0,0.0
S/4 BLACK DISCO PARTITION PANEL,6,0.0,0.0
S/4 BLACK LOVEBIRD COASTERS,97,0.0,0.0
S/4 BLACK MINI ROSE CANDLE IN BOWL,536,2.0,0.3731343283582089
S/4 BLUE DINNER CANDLE SILVER FLOCK,418,1.0,0.23923444976076555
S/4 BLUE ROUND DECOUPAGE BOXES,8312,3940.0,47.40134744947064
S/4 BURGUNDY WINE DINNER CANDLES,788,0.0,0.0
S/4 CACTI CANDLES,1459,141.0,9.664153529814943
S/4 CONTEMPORY PINK ROSEBUD CANDLES,8,0.0,0.0
S/4 CONTEMPORY RED ROSEBUD CANDLES,9,0.0,0.0
S/4 FESTIVE GREEN DINNER CANDLES,723,0.0,0.0
S/4 FESTIVE RED DINNER CANDLES,234,0.0,0.0
S/4 GROOVY CAT MAGNETS,306,5.0,1.6339869281045754
"S/4 ICON COASTER,ELVIS LIVES",69,0.0,0.0
S/4 IVORY MINI ROSE CANDLE IN BOWL,1657,12.0,0.724200362100181
S/4 PINK DINNER CANDLE SILVER FLOCK,394,0.0,0.0
S/4 PINK FLOWER CANDLES IN BOWL,2116,44.0,2.0793950850661624
S/4 PISTACHIO LOVEBIRD COASTERS,106,0.0,0.0
S/4 PURPLE DINNER CANDLE BLK FLOCK,650,2.0,0.3076923076923077
S/4 ROSE    BOTANICAL  CANDLE,127,0.0,0.0
S/4 ROSE PINK DINNER CANDLES,191,12.0,6.282722513089005
S/4 SKY BLUE DINNER CANDLES,187,0.0,0.0
S/4 VALENTINE DECOUPAGE HEART BOX,2110,0.0,0.0
S/5 MINI ICE CREAM FRIDGE MAGNETS,1992,3.0,0.15060240963855423
S/6 CHRISTMAS TREE PLACE SETTING,1,0.0,0.0
"S/6 HALLOWEEN GHOST T LIGHTS, 5CM H",1059,0.0,0.0
S/6 MULTICOLOUR ORNAMENETAL CANDLE,180,0.0,0.0
S/6 PAPER BOXES BLOSSOM IMAGES ,15,0.0,0.0
S/6 PAPER BOXES CURIOUS IMAGES ,36,0.0,0.0
S/6 PAPER BOXES ROMANTIC IMAGES,15,0.0,0.0
S/6 PINK EASTER DECS IN BOX,106,0.0,0.0
S/6 SCANDINAVIAN HEART T-LIGHT,1,0.0,0.0
S/6 SEW ON CROCHET FLOWERS,149,0.0,0.0
S/6 SILVER ORNAMENETAL CANDLE,100,0.0,0.0
S/6 WOODEN SKITTLES IN COTTON BAG,3489,10.0,0.2866150759529951
S/60 PINK FLUFFY CHICKS IN BOX,82,0.0,0.0
SALLE DE BAIN HOOK,2348,13.0,0.5536626916524702
SALT AND PEPPER SHAKERS TOADSTOOLS,397,0.0,0.0
SAMPLES,3,98.0,3266.6666666666665
SANDALWOOD FAN,5101,27.0,0.5293079788276809
SANDALWOOD INCENSE IN TIN,19,0.0,0.0
SANDWICH BATH SPONGE,3007,1.0,0.03325573661456601
SAVE THE PLANET COTTON TOTE BAG,2556,16.0,0.6259780907668232
SAVE THE PLANET MUG,11492,806.0,7.013574660633484
SAVOY ART DECO CLOCK,410,62.0,15.121951219512194
SCALLOP SHELL SOAP DISH,1637,1.0,0.061087354917532075
SCANDINAVIAN 3 HEARTS NAPKIN RING,2258,1.0,0.04428697962798937
SCANDINAVIAN PAISLEY PICNIC BAG,3871,34.0,0.8783260139498837
SCANDINAVIAN REDS RIBBONS,6584,28.0,0.425273390036452
SCENTED CANDLE IN DIGITALIS TIN,251,0.0,0.0
SCENTED VELVET LOUNGE CANDLE ,4107,0.0,0.0
SCHOOL DESK AND CHAIR ,23,3.0,13.043478260869565
SCOTTIE DOG HOT WATER BOTTLE,9776,217.0,2.219721767594108
SCOTTIE DOGS BABY BIB,2153,0.0,0.0
SCOTTIE DOGS CHILDRENS OVERALL,3,0.0,0.0
SCOTTIES CHILDRENS APRON,762,0.0,0.0
SCOTTIES DES CHILD'S APRON,300,0.0,0.0
SCOTTIES DESIGN BABY BIB,194,0.0,0.0
SCOTTIES DESIGN CHILD'S OVERALL,64,0.0,0.0
SCOTTIES DESIGN WASHBAG,408,23.0,5.637254901960785
SCOTTS ROSES TILE COASTER,54,0.0,0.0
SCULPTED ROUND IVORY CANDLE ,44,0.0,0.0
SEAGRASS S/2 CORNER LAUNDRY ,6,0.0,0.0
SEAGRASS S/3 SQU LAUNDRY BOX,12,0.0,0.0
SEASIDE FLYING DISC,1275,4.0,0.3137254901960784
SEASIDE FRISBEE ,308,0.0,0.0
SEASIDE STRIPE HAMMOCK,189,1.0,0.5291005291005291
SET 10 CARD CHRISTMAS STAMPS 16963,2,0.0,0.0
SET 10 CARD CHRISTMAS WELCOME 17112,8,0.0,0.0
SET 10 CARD KRAFT REINDEER 17084,20,0.0,0.0
SET 10 CARD PERFECT NATIVITY 17089,4,0.0,0.0
SET 10 CARD SNOWMAN 16965,5,0.0,0.0
SET 10 CARDS 12 DAYS OF XMAS 17059,4,0.0,0.0
SET 10 CARDS 12 DAYS WRAP  17058,26,0.0,0.0
SET 10 CARDS 3 WISE MEN 17107,1,0.0,0.0
SET 10 CARDS CHEERFUL ROBIN 17065,15,0.0,0.0
SET 10 CARDS CHRISTMAS BAUBLE 16954,1,0.0,0.0
SET 10 CARDS CHRISTMAS HOLLY  17259,3,0.0,0.0
SET 10 CARDS CHRISTMAS ROBIN 17095,3,0.0,0.0
SET 10 CARDS CHRISTMAS TREE 16955,5,0.0,0.0
SET 10 CARDS DAVID'S MADONNA 17074,6,0.0,0.0
SET 10 CARDS DECK THE HALLS 16960,2,0.0,0.0
SET 10 CARDS DINKY TREE 17076,43,0.0,0.0
SET 10 CARDS DRESSING UP 17077,24,0.0,0.0
SET 10 CARDS FILIGREE BAUBLE 16961,4,0.0,0.0
SET 10 CARDS HANGING BAUBLES 17080,2,1.0,50.0
SET 10 CARDS HATS & STOCKINGS 17081,8,0.0,0.0
SET 10 CARDS JINGLE BELLS 16957,8,0.0,0.0
SET 10 CARDS JINGLE BELLS 17217,8,0.0,0.0
SET 10 CARDS MAGICAL TREE 17086,4,0.0,0.0
SET 10 CARDS OUT OF ORDER 17216,11,0.0,0.0
SET 10 CARDS PERFECT POST 17090,10,0.0,0.0
SET 10 CARDS POINSETTIA 17093,4,0.0,0.0
SET 10 CARDS PRINTED GRAPHIC 17219,4,0.0,0.0
SET 10 CARDS RED RIDING HOOD 17214,40,0.0,0.0
SET 10 CARDS ROBIN WATERPUMP  17096,2,0.0,0.0
SET 10 CARDS RUDOLPHS NOSE 17097,4,0.0,0.0
SET 10 CARDS SCOTTIE DOG 17211,9,0.0,0.0
SET 10 CARDS SNOWY ROBIN 17099,1,0.0,0.0
SET 10 CARDS SNOWY SNOWDROPS  17100,8,0.0,0.0
SET 10 CARDS SWIRLY XMAS TREE 17104,2,0.0,0.0
SET 10 CARDS TRIANGLE ICONS  17220,1,0.0,0.0
SET 10 CARDS WISHING TREE 17116,9,0.0,0.0
SET 10 CARDS WORLD CHILDREN 17067,3,0.0,0.0
SET 10 CARDS XMAS CHOIR 17068,5,0.0,0.0
SET 10 CARDS XMAS GRAPHIC  17218,7,0.0,0.0
SET 10 CHRISTMAS CARDS HOHOHO 16956,9,0.0,0.0
SET 10 LIGHTS NIGHT OWL,1518,14.0,0.922266139657444
SET 10 MINI SANTA & SNOWMAN  17087,4,0.0,0.0
SET 10 MINICARDS CUTE SNOWMAN 17071,5,0.0,0.0
SET 10 NIGHT OWL LIGHTS,505,21.0,4.158415841584159
SET 10 XMAS CARDS & BADGES 17070,11,0.0,0.0
SET 12 COLOUR PENCILS DOILEY,48,0.0,0.0
SET 12 COLOUR PENCILS DOLLY GIRL ,2379,6.0,0.25220680958385877
SET 12 COLOUR PENCILS LOVE LONDON,1857,0.0,0.0
SET 12 COLOUR PENCILS SPACEBOY ,3278,16.0,0.4881025015253203
SET 12 COLOURING PENCILS DOILEY,1,0.0,0.0
SET 12 COLOURING PENCILS DOILY,2200,0.0,0.0
SET 12 KIDS  WHITE CHALK STICKS,8010,21.0,0.2621722846441948
SET 12 KIDS COLOUR  CHALK STICKS,14598,43.0,0.29456089875325386
SET 12 LAVENDER  BOTANICAL T-LIGHTS,1499,0.0,0.0
SET 12 PEAR BOTANICAL T-LIGHTS,542,0.0,0.0
SET 12 RETRO WHITE CHALK STICKS,11011,225.0,2.0434111343202255
SET 12 VINTAGE DOILY CHALK ,1312,0.0,0.0
SET 12 WILDFLOWER BOTANICAL T-LIGHT,698,6.0,0.8595988538681949
SET 2 PANTRY DESIGN TEA TOWELS,2811,24.0,0.8537886872998933
SET 2 TEA TOWELS I LOVE LONDON ,2124,208.0,9.792843691148775
SET 20 NAPKINS FAIRY CAKES DESIGN ,5167,78.0,1.5095800270950261
SET 3 JARDIN DE FEMME SCENT CANDLES,367,0.0,0.0
SET 3 PAPER VINTAGE CHICK PAPER EGG,1775,26.0,1.4647887323943662
"SET 3 RED SPOT TIN TEA,COFFEE,SUGAR",1500,5.0,0.33333333333333337
"SET 3 RETROSPOT TEA,COFFEE,SUGAR",2384,18.0,0.7550335570469799
SET 3 SONG BIRD PAPER EGGS ASSORTED,1171,22.0,1.8787361229718187
SET 3 WICKER LOG BASKETS,398,0.0,0.0
SET 3 WICKER OVAL BASKETS W LIDS,482,0.0,0.0
SET 3 WICKER STORAGE BASKETS ,254,0.0,0.0
SET 36 COLOUR PENCILS DOILEY,64,0.0,0.0
SET 36 COLOUR PENCILS DOLLY GIRL,1389,16.0,1.1519078473722102
SET 36 COLOUR PENCILS LOVE LONDON,1105,0.0,0.0
SET 36 COLOUR PENCILS SPACEBOY ,1705,0.0,0.0
SET 36 COLOURING PENCILS DOILEY,1,0.0,0.0
SET 36 COLOURING PENCILS DOILY,1485,1.0,0.06734006734006734
SET 4 EASTER DECOUPAGE OVAL BOXES,14,1.0,7.142857142857142
SET 4 NURSERY DES ROUND BOXES,3049,1480.0,48.54050508363398
SET 4 PICNIC CUTLERY BLUEBERRY,82,0.0,0.0
SET 4 PICNIC CUTLERY CHERRY ,71,0.0,0.0
SET 4 PICNIC CUTLERY FONDANT,65,0.0,0.0
SET 4 VALENTINE DECOUPAGE HEART BOX,171,0.0,0.0
SET 40 HEART SHAPE PETIT FOUR CASES,4303,26.0,0.6042296072507553
SET 5 MINI CHOCOLATE FRIDGE MAGNETS,108,0.0,0.0
SET 5 MINI DOUGHNUT FRIDGE MAGNET ,372,0.0,0.0
SET 5 MINI GATEAUX  FRIDGE MAGNETS,2636,0.0,0.0
SET 6 CARDS SPARKLY REINDEER 17262,9,0.0,0.0
SET 6 FOOTBALL CELEBRATION CANDLES,2123,15.0,0.7065473386716911
SET 6 PAPER TABLE LANTERN HEARTS ,2328,28.0,1.202749140893471
SET 6 PAPER TABLE LANTERN STARS ,1932,63.0,3.260869565217391
SET 6 SCHOOL MILK BOTTLES IN CRATE,2841,8.0,0.2815909890883492
SET 7 BABUSHKA NESTING BOXES,3459,224.0,6.475860075166233
SET 72 CAKE CASES VINTAGE CHRISTMAS,672,0.0,0.0
SET 8 CANDLES VINTAGE DOILEY,122,0.0,0.0
SET 8 CANDLES VINTAGE DOILY,1060,0.0,0.0
SET OF 10 LANTERNS FAIRY LIGHT STAR,577,33.0,5.719237435008666
SET OF 10 LED DOLLY LIGHTS,2219,64.0,2.8841820639927898
SET OF 12  VINTAGE POSTCARD SET,2908,0.0,0.0
SET OF 12 FAIRY CAKE BAKING CASES,8471,32.0,0.37775941447290756
SET OF 12 FORK CANDLES,1249,1.0,0.08006405124099279
SET OF 12 LILY BOTANICAL T-LIGHTS,750,6.0,0.8
SET OF 12 MINI BUNNIES IN A BUCKET,1669,0.0,0.0
SET OF 12 MINI LOAF BAKING CASES,6134,13.0,0.21193348549070753
SET OF 12 ROSE BOTANICAL T-LIGHTS,1627,131.0,8.051628764597417
SET OF 12 T-LIGHTS VINTAGE DOILEY,61,0.0,0.0
SET OF 12 T-LIGHTS VINTAGE DOILY,929,0.0,0.0
SET OF 16 VINTAGE BLACK CUTLERY,174,0.0,0.0
SET OF 16 VINTAGE IVORY CUTLERY,6,0.0,0.0
SET OF 16 VINTAGE PISTACHIO CUTLERY,375,4.0,1.0666666666666667
SET OF 16 VINTAGE RED CUTLERY,188,1.0,0.5319148936170213
SET OF 16 VINTAGE ROSE CUTLERY,344,34.0,9.883720930232558
SET OF 16 VINTAGE SKY BLUE CUTLERY,216,0.0,0.0
SET OF 2 CERAMIC CHRISTMAS REINDEER,1447,12.0,0.82930200414651
SET OF 2 CERAMIC CHRISTMAS TREES,779,0.0,0.0
SET OF 2 CERAMIC PAINTED HEARTS ,1174,6.0,0.5110732538330494
SET OF 2 CHESTS CHOCOLAT AU LAIT,1,0.0,0.0
SET OF 2 CHRISTMAS DECOUPAGE CANDLE,1513,24.0,1.5862524785194978
SET OF 2 FANCY FONT TEA TOWELS,1095,0.0,0.0
SET OF 2 ROUND TINS CAMEMBERT ,940,6.0,0.6382978723404255
SET OF 2 ROUND TINS DUTCH CHEESE,731,6.0,0.8207934336525308
SET OF 2 TEA TOWELS APPLE AND PEARS,2847,6.0,0.21074815595363539
SET OF 2 TEA TOWELS PING MICROWAVE,298,0.0,0.0
SET OF 2 TINS JARDIN DE PROVENCE,580,4.0,0.6896551724137931
SET OF 2 TINS VINTAGE BATHROOM ,929,5.0,0.5382131324004306
SET OF 2 TRAYS HOME SWEET HOME,265,6.0,2.2641509433962264
SET OF 2 WOODEN MARKET CRATES,1101,13.0,1.1807447774750226
SET OF 20 KIDS COOKIE CUTTERS,7575,61.0,0.8052805280528054
SET OF 20 VINTAGE CHRISTMAS NAPKINS,17144,470.0,2.741483901073262
SET OF 3 BABUSHKA STACKING TINS,1102,263.0,23.865698729582576
SET OF 3 BIRD L.BLUE FEATHER,421,25.0,5.938242280285035
SET OF 3 BIRD LIGHT PINK FEATHER ,2241,2.0,0.0892458723784025
SET OF 3 BLACK FLYING DUCKS,1474,93.0,6.309362279511534
SET OF 3 BLUE STRIPE BASKET,441,1.0,0.22675736961451248
SET OF 3 BUTTERFLY COOKIE CUTTERS,10405,219.0,2.1047573282075924
SET OF 3 CAKE TINS PANTRY DESIGN ,7483,154.0,2.05799812909261
SET OF 3 CAKE TINS SKETCHBOOK,1020,0.0,0.0
SET OF 3 CASES WOODLAND DESIGN,942,23.0,2.4416135881104037
SET OF 3 CHRISTMAS BRIAR CANDLES,176,0.0,0.0
SET OF 3 COLOURED  FLYING DUCKS,3062,88.0,2.8739386022207705
SET OF 3 CONEY ISLAND OVAL BOXES,269,2.0,0.7434944237918215
SET OF 3 DANISH ROSE PLANTERS,926,0.0,0.0
SET OF 3 GOLD FLYING DUCKS,359,8.0,2.2284122562674096
SET OF 3 HANGING OWLS OLLIE BEAK,3720,77.0,2.0698924731182795
SET OF 3 HEART COOKIE CUTTERS,11637,93.0,0.7991750451147204
SET OF 3 MINI HANGING PORTRAITS,32,0.0,0.0
SET OF 3 NOTEBOOKS IN PARCEL,9380,26.0,0.2771855010660981
SET OF 3 PANTRY WOODEN SPOONS,225,0.0,0.0
SET OF 3 PINK FLYING DUCKS,121,0.0,0.0
SET OF 3 RABBIT CARROTS EASTER,85,0.0,0.0
SET OF 3 RABBIT EGG EASTER,37,12.0,32.432432432432435
SET OF 3 RED STRIPE BASKETS,324,0.0,0.0
SET OF 3 REGENCY CAKE TINS,6345,90.0,1.4184397163120568
SET OF 3 SILVER FLYING DUCKS,146,10.0,6.8493150684931505
SET OF 3 VINTAGE TEA TIME BOXES,143,3.0,2.097902097902098
SET OF 3 WICKER BASKET ROSE,71,2.0,2.8169014084507045
SET OF 3 WICKER BASKET TEA AND CAKE,27,0.0,0.0
SET OF 3 WOODEN HEART DECORATIONS,3863,47.0,1.2166709811027698
SET OF 3 WOODEN SLEIGH DECORATIONS,1963,1.0,0.05094243504839531
SET OF 3 WOODEN STOCKING DECORATION,2053,12.0,0.5845104724792985
SET OF 3 WOODEN TREE DECORATIONS,1769,15.0,0.8479366873940078
SET OF 36 DINOSAUR PAPER DOILIES,1055,2.0,0.18957345971563982
SET OF 36 DOILIES PANTRY DESIGN,2741,7.0,0.2553812477198103
SET OF 36 DOILIES SPACEBOY DESIGN ,1210,0.0,0.0
SET OF 36 DOILIES VINTAGE CHRISTMAS,444,0.0,0.0
SET OF 36 DOLLY GIRL PAPER DOILIES,45,2.0,4.444444444444445
SET OF 36 MUSHROOM PAPER DOILIES,1670,13.0,0.7784431137724551
SET OF 36 PAISLEY FLOWER DOILIES,7046,140.0,1.9869429463525403
SET OF 36 PANTRY PAPER DOILIES,67,0.0,0.0
SET OF 36 SILVER PAPER DOILIES,438,0.0,0.0
SET OF 36 SPACEBOY PAPER DOILIES,51,6.0,11.76470588235294
SET OF 36 TEATIME PAPER DOILIES,8138,70.0,0.8601622020152371
SET OF 36 VINTAGE CHRISTMAS DOILIES,38,1.0,2.631578947368421
SET OF 4 BLACK LOVEBIRD COASTERS,478,0.0,0.0
SET OF 4 CAROUSEL PLACEMATS ,159,0.0,0.0
SET OF 4 DIAMOND NAPKIN RINGS,422,1.0,0.23696682464454977
SET OF 4 DOTTY PLACEMATS ,85,0.0,0.0
SET OF 4 ENGLISH ROSE COASTERS,2477,21.0,0.8477997577714977
SET OF 4 ENGLISH ROSE PLACEMATS,1517,13.0,0.8569545154911009
SET OF 4 FAIRY CAKE PLACEMATS,547,4.0,0.7312614259597806
SET OF 4 FAIRY CAKE PLACEMATS ,722,0.0,0.0
SET OF 4 FAIRY CAKES COASTERS ,1172,2.0,0.17064846416382254
SET OF 4 GREEN CAROUSEL COASTERS,162,0.0,0.0
SET OF 4 JAM JAR MAGNETS,2701,61.0,2.258422806368012
SET OF 4 KNICK KNACK TINS  DOILEY ,6,0.0,0.0
SET OF 4 KNICK KNACK TINS DOILEY ,1819,23.0,1.2644310060472788
SET OF 4 KNICK KNACK TINS DOILY ,2352,27.0,1.1479591836734695
SET OF 4 KNICK KNACK TINS LEAF,747,14.0,1.8741633199464525
SET OF 4 KNICK KNACK TINS LEAVES ,306,3.0,0.9803921568627451
SET OF 4 KNICK KNACK TINS LONDON ,1849,16.0,0.8653326122228232
SET OF 4 KNICK KNACK TINS POPPIES,842,28.0,3.32541567695962
SET OF 4 NAPKIN CHARM CUTLERY,18,0.0,0.0
SET OF 4 NAPKIN CHARMS 3 KEYS ,357,0.0,0.0
SET OF 4 NAPKIN CHARMS CROWNS ,405,1.0,0.24691358024691357
SET OF 4 NAPKIN CHARMS CUTLERY,1999,24.0,1.2006003001500751
SET OF 4 NAPKIN CHARMS HEARTS,1651,6.0,0.36341611144760755
SET OF 4 NAPKIN CHARMS INSTRUMENT,288,0.0,0.0
SET OF 4 NAPKIN CHARMS INSTUMENT   ,12,0.0,0.0
SET OF 4 NAPKIN CHARMS LEAVES   ,464,0.0,0.0
SET OF 4 NAPKIN CHARMS STARS   ,989,0.0,0.0
SET OF 4 NEW ENGLAND COASTERS ,1099,2.0,0.18198362147406735
SET OF 4 NEW ENGLAND PLACEMATS,2749,0.0,0.0
SET OF 4 PANTRY JELLY MOULDS,12649,68.0,0.5375919044983793
SET OF 4 PASTEL STACKING MUGS,14,2.0,14.285714285714285
SET OF 4 PISTACHIO LOVEBIRD COASTER,516,24.0,4.651162790697675
SET OF 4 POLKADOT COASTERS,198,0.0,0.0
SET OF 4 POLKADOT PLACEMATS ,200,0.0,0.0
SET OF 4 POLKADOTS COASTERS,132,0.0,0.0
SET OF 4 ROSE BOTANICAL CANDLES,960,6.0,0.625
SET OF 4 SANTA PLACE SETTINGS,1202,48.0,3.9933444259567388
SET OF 5 LUCKY CAT MAGNETS ,2633,60.0,2.278769464489176
SET OF 5 MINI GROCERY MAGNETS,1665,24.0,1.4414414414414414
SET OF 5 PANCAKE DAY MAGNETS,2293,25.0,1.0902747492368077
SET OF 6 3D KIT CARDS FOR KIDS,2848,30.0,1.053370786516854
SET OF 6 CAKE CHOPSTICKS,2293,0.0,0.0
SET OF 6 DOTS CHOPSTICKS,211,181.0,85.78199052132702
SET OF 6 EASTER RAINBOW CHICKS,12,0.0,0.0
SET OF 6 FUNKY BEAKERS,932,1.0,0.1072961373390558
SET OF 6 GIRLS CELEBRATION CANDLES,2325,14.0,0.6021505376344086
SET OF 6 HALLOWEEN GHOST T-LIGHTS,1244,36.0,2.8938906752411575
SET OF 6 HEART CHOPSTICKS,1675,0.0,0.0
SET OF 6 HERB TINS SKETCHBOOK,1164,2.0,0.1718213058419244
SET OF 6 ICE CREAM SKITTLES,241,0.0,0.0
SET OF 6 KASHMIR FOLKART BAUBLES,1135,93.0,8.193832599118943
SET OF 6 NATIVITY MAGNETS ,2557,240.0,9.3859992178334
SET OF 6 RIBBONS COUNTRY STYLE,172,0.0,0.0
SET OF 6 RIBBONS PARTY,170,0.0,0.0
SET OF 6 RIBBONS PERFECTLY PRETTY  ,251,0.0,0.0
SET OF 6 RIBBONS VINTAGE CHRISTMAS,9772,30.0,0.30699959066721244
SET OF 6 SNACK LOAF BAKING CASES,4392,13.0,0.2959927140255009
SET OF 6 SOLDIER SKITTLES,3992,10.0,0.250501002004008
SET OF 6 SPICE TINS PANTRY DESIGN,5972,36.0,0.6028131279303416
SET OF 6 STRAWBERRY CHOPSTICKS,2598,6.0,0.23094688221709006
SET OF 6 T-LIGHTS CACTI ,1021,1.0,0.0979431929480901
SET OF 6 T-LIGHTS EASTER CHICKS,420,18.0,4.285714285714286
SET OF 6 T-LIGHTS SANTA,2568,48.0,1.8691588785046727
SET OF 6 T-LIGHTS SNOWMEN,2199,64.0,2.910413824465666
SET OF 6 T-LIGHTS TOADSTOOLS,1375,19.0,1.3818181818181818
SET OF 6 T-LIGHTS WEDDING CAKE ,430,52.0,12.093023255813954
SET OF 6 TEA TIME BAKING CASES,4979,27.0,0.5422775657762603
SET OF 6 VINTAGE NOTELETS KIT,1679,7.0,0.4169148302561048
SET OF 60 I LOVE LONDON CAKE CASES ,8275,64.0,0.7734138972809668
SET OF 60 PANTRY DESIGN CAKE CASES ,12049,88.0,0.730351066478546
SET OF 60 VINTAGE LEAF CAKE CASES ,6139,0.0,0.0
SET OF 72 BLACK PAPER DOILIES ,129,0.0,0.0
SET OF 72 GREEN PAPER DOILIES,654,5.0,0.764525993883792
SET OF 72 IVORY PAPER DOILIES,2006,1.0,0.049850448654037885
SET OF 72 PINK HEART PAPER DOILIES,8305,64.0,0.7706201083684527
SET OF 72 RETRO SPOT PAPER  DOILIES,7671,7.0,0.09125277017338027
SET OF 72 RETROSPOT PAPER  DOILIES,7447,144.0,1.9336645629112394
SET OF 72 SKULL PAPER  DOILIES,2405,12.0,0.498960498960499
SET OF 9 BLACK SKULL BALLOONS,6514,16.0,0.24562480810561868
SET OF 9 HEART SHAPED BALLOONS,4915,139.0,2.8280773143438456
SET OF MEADOW  FLOWER STICKERS,168,0.0,0.0
SET OF PICTURE FRAME  STICKERS,332,0.0,0.0
SET OF RED SALAD SERVERS ,422,0.0,0.0
SET OF SALT AND PEPPER TOADSTOOLS,3123,116.0,3.714377201408902
SET OF SIX SILVER+RED FLOCK BAUBLES,2,0.0,0.0
SET OF SKULL WALL STICKERS,402,0.0,0.0
SET OF TEA COFFEE SUGAR TINS PANTRY,4800,117.0,2.4375
SET OF THREE 50'S GIFT WRAPS ,637,28.0,4.395604395604396
SET OF THREE VINTAGE GIFT WRAPS,2878,51.0,1.7720639332870047
SET/10 BLUE POLKADOT PARTY CANDLES,5128,49.0,0.9555382215288611
SET/10 BLUE SPOTTY PARTY CANDLES,4901,0.0,0.0
SET/10 IVORY POLKADOT PARTY CANDLES,1490,48.0,3.2214765100671143
SET/10 IVORY SPOTTY PARTY CANDLES,1261,0.0,0.0
SET/10 PINK POLKADOT PARTY CANDLES,6543,73.0,1.1156961638392173
SET/10 PINK SPOTTY PARTY CANDLES,5666,0.0,0.0
SET/10 RED POLKADOT PARTY CANDLES,8654,96.0,1.1093136122024498
SET/10 RED SPOTTY PARTY CANDLES,6561,74.0,1.1278768480414572
SET/12 FUNKY FELT FLOWER PEG IN BAG,420,0.0,0.0
SET/12 TAPER CANDLES,1244,22.0,1.7684887459807075
SET/12 ZINC CHRISTMAS DECORATIONS,94,0.0,0.0
SET/16 WHITE SHINY & MATT BAUBLES,83,0.0,0.0
SET/2 BLUE  NOODLE BASKETS,61,2.0,3.278688524590164
SET/2 CHRISTMAS DECOUPAGE CANDLES,40,0.0,0.0
SET/2 RED RETROSPOT TEA TOWELS ,3335,205.0,6.146926536731634
SET/2 RED SPOTTY TEA TOWELS ,2659,2.0,0.07521624670928921
SET/2 SPOTTY + ROSE TEA TOWELS ,1,0.0,0.0
SET/2 TEA TOWELS MODERN VINTAGE,1,0.0,0.0
SET/20 COLLAGE PAPER NAPKIN ,843,1.0,0.11862396204033215
SET/20 FRUIT SALAD PAPER NAPKINS ,7183,3074.0,42.795489349853824
SET/20 POSIES PAPER NAPKINS,4,0.0,0.0
SET/20 RED RETROSPOT PAPER NAPKINS ,15388,22.0,0.14296854691967767
SET/20 RED SPOTTY PAPER NAPKINS ,15688,631.0,4.0221825599184085
SET/20 STRAWBERRY PAPER NAPKINS ,7211,2.0,0.02773540424351685
SET/20 WOODLAND PAPER NAPKINS ,2790,0.0,0.0
SET/3 CHRISTMAS BRIAR CANDLES,90,2.0,2.2222222222222223
SET/3 CHRISTMAS DECOUPAGE CANDLES,1344,24.0,1.7857142857142856
SET/3 COLOUR PAINTED KASHMIRI STOOL,3,0.0,0.0
SET/3 DECOUPAGE STACKING TINS,702,13.0,1.8518518518518516
SET/3 FLORAL GARDEN TOOLS IN BAG,344,19.0,5.523255813953488
SET/3 OCEAN SCENT CANDLE JEWEL BOX,1085,28.0,2.5806451612903225
SET/3 POLKA DOT STACKING TINS,264,25.0,9.469696969696969
SET/3 POLKADOT STACKING TINS,113,7.0,6.1946902654867255
SET/3 POT PLANT CANDLES,197,20.0,10.152284263959391
SET/3 RABBITS FLOWER SKIPPPING ROPE,291,0.0,0.0
SET/3 RED GINGHAM ROSE STORAGE BOX,4621,62.0,1.3417009305345162
SET/3 ROSE CANDLE IN JEWELLED BOX,933,17.0,1.822079314040729
SET/3 RUSSIAN DOLL STACKING TINS,1984,42.0,2.1169354838709675
SET/3 TALL GLASS CANDLE HOLDER PINK,102,21.0,20.588235294117645
SET/3 VANILLA SCENTED CANDLE IN BOX,2043,146.0,7.146353401860011
SET/4 2 TONE EGG SHAPE MIXING BOWLS,63,0.0,0.0
SET/4 BADGES BALLOON GIRL,1013,10.0,0.9871668311944718
SET/4 BADGES BEETLES,621,0.0,0.0
SET/4 BADGES CUTE CREATURES,535,0.0,0.0
SET/4 BADGES DOGS,659,0.0,0.0
SET/4 BADGES WOODLAND ANIMAL,492,0.0,0.0
SET/4 BIRD MIRROR MAGNETS ,701,27.0,3.851640513552068
SET/4 BLACK  BAROQUE FLOCK COASTER,20,0.0,0.0
SET/4 BLUE FLOWER CANDLES IN BOWL,2458,65.0,2.644426362896664
SET/4 BUTTERFLY MIRROR MAGNETS,749,1.0,0.13351134846461948
SET/4 COLOURFUL MIXING BOWLS,116,0.0,0.0
SET/4 DAISY MIRROR MAGNETS,681,19.0,2.7900146842878124
SET/4 GARDEN ROSE DINNER CANDLE,28,0.0,0.0
SET/4 MODERN VINTAGE COTTON NAPKINS,166,2.0,1.2048192771084338
SET/4 PINK ORCHID CANDLES IN BOWL,1853,14.0,0.7555315704263357
SET/4 RED MINI ROSE CANDLE IN BOWL,1512,3.0,0.1984126984126984
SET/4 SCENTED CANDLES IN RAMEKINS,457,0.0,0.0
SET/4 SKULL BADGES,2171,22.0,1.0133578995854444
SET/4 SPRING FLOWER DECORATION,1238,8.0,0.6462035541195477
SET/4 WHITE RETRO STORAGE CUBES ,1128,147.0,13.031914893617023
SET/5 BLUE SPOTTY LID GLASS BOWLS,314,0.0,0.0
SET/5 RED RETROSPOT LID GLASS BOWLS,7964,116.0,1.4565544952285283
SET/5 RED SPOTTY LID GLASS BOWLS,10706,284.0,2.6527181019988793
SET/6  ANGEL T-LIGHTS WHITE/GOLD,687,0.0,0.0
SET/6 3D KIT CARDS FOR KIDS,592,0.0,0.0
SET/6 BEAD COASTERS GAUZE BAG GOLD,713,0.0,0.0
SET/6 BLACK BIRD T-LIGHT CANDLES,283,8.0,2.8268551236749118
SET/6 BLACK GLITTER REINDEER CANDLE,5,0.0,0.0
SET/6 BLACK ROSE T-LIGHT CANDLES,48,0.0,0.0
SET/6 BLACK SNOWFLAKE T-LIGHTS ,402,0.0,0.0
SET/6 CHRISTMAS ICICLE T-LIGHTS,36,0.0,0.0
SET/6 COLLAGE PAPER CUPS,2929,24.0,0.8193922840559917
SET/6 COLLAGE PAPER PLATES,3107,36.0,1.1586739620212423
SET/6 EAU DE NIL BIRD T-LIGHTS,543,1.0,0.1841620626151013
SET/6 FROG PRINCE T-LIGHT CANDLES,1018,5.0,0.4911591355599214
SET/6 FRUIT SALAD  PAPER PLATES,15919,7008.0,44.02286575789937
SET/6 FRUIT SALAD PAPER CUPS,16615,7140.0,42.973216972615106
SET/6 GARDEN GNOME T-LIGHT CANDLES,118,36.0,30.508474576271187
SET/6 GINGERBREAD STAR T-LIGHTS,381,1.0,0.26246719160104987
SET/6 GINGERBREAD TREE T-LIGHTS,6,1.0,16.666666666666664
SET/6 GOLD REINDEER T-LIGHT CANDLES,236,3.0,1.2711864406779663
SET/6 GREEN SPRING  PAPER PLATE,32,0.0,0.0
SET/6 GREEN SPRING PAPER CUPS,323,0.0,0.0
SET/6 IVORY BIRD T-LIGHT CANDLES,848,32.0,3.7735849056603774
SET/6 PINK  BUTTERFLY T-LIGHTS,5785,127.0,2.19533275713051
SET/6 PINK BIRD T-LIGHT CANDLES,723,7.0,0.9681881051175657
SET/6 POSIES PAPER CUPS,260,0.0,0.0
SET/6 POSIES PAPER PLATES,295,0.0,0.0
SET/6 PURPLE BUTTERFLY T-LIGHTS,2194,12.0,0.5469462169553327
SET/6 RED SPOTTY PAPER CUPS,16658,792.0,4.754472325609317
SET/6 RED SPOTTY PAPER PLATES,19633,762.0,3.881220394234197
SET/6 SILVER REINDEER T-LIGHTS,258,1.0,0.3875968992248062
SET/6 STRAWBERRY PAPER CUPS,13290,120.0,0.9029345372460496
SET/6 STRAWBERRY PAPER PLATES,12846,24.0,0.18682858477347034
SET/6 TURQUOISE BUTTERFLY T-LIGHTS,3765,34.0,0.9030544488711819
SET/6 WOODLAND PAPER CUPS,13731,0.0,0.0
SET/6 WOODLAND PAPER PLATES,13700,0.0,0.0
SET/9 CHRISTMAS T-LIGHTS SCENTED ,737,0.0,0.0
SET3 BOOK BOX GREEN GINGHAM FLOWER ,2883,42.0,1.45681581685744
SEWING BOX RETROSPOT DESIGN ,387,19.0,4.909560723514212
SEWING SUSAN 21 NEEDLE SET,2748,16.0,0.5822416302765648
SHAKER THROW  QUILTED,52,1.0,1.9230769230769231
SHELF WITH 4 HOOKS HOME SWEET HOME,461,2.0,0.43383947939262474
SHOE SHINE BOX ,290,7.0,2.413793103448276
SHOPPING BAG DOORSTOP,69,0.0,0.0
"SILICON CUBE 25W, BLUE",11,0.0,0.0
SILICON STAR BULB  BLUE,29,0.0,0.0
SILK PURSE BABUSHKA BLUE,459,8.0,1.7429193899782136
SILK PURSE BABUSHKA PINK,863,12.0,1.3904982618771726
SILK PURSE BABUSHKA RED,734,8.0,1.08991825613079
SILK PURSE RUSSIAN DOLL BLUE,375,3.0,0.8
SILK PURSE RUSSIAN DOLL PINK,460,0.0,0.0
SILK PURSE RUSSIAN DOLL RED,605,0.0,0.0
SILVER  CANDLEPOT JARDIN ,258,0.0,0.0
SILVER 2 STRAND NECKLACE-LEAF CHARM,11,0.0,0.0
SILVER AND BLACK ORBIT NECKLACE,2,0.0,0.0
SILVER APERITIF GLASS,355,0.0,0.0
SILVER BELLS TABLE DECORATION,2166,1.0,0.04616805170821791
SILVER BLACK ORBIT BRACELET,40,0.0,0.0
SILVER BLACK ORBIT DROP EARRINGS,28,1.0,3.571428571428571
SILVER BLUE EGG T-LIGHT HOLDER,494,0.0,0.0
SILVER BOOK MARK WITH BEADS,332,1.0,0.30120481927710846
SILVER BRACELET W PASTEL FLOWER,79,7.0,8.860759493670885
SILVER CHARM NECKLACE 70CM,71,1.0,1.4084507042253522
SILVER CHERRY LIGHTS,60,153.0,254.99999999999997
SILVER CHRISTMAS TREE BAUBLE STAND ,206,7.0,3.3980582524271843
SILVER DIAMANTE PEN IN GIFT BOX,633,96.0,15.165876777251185
SILVER DISCO HANDBAG,293,0.0,0.0
SILVER DROP EARRINGS WITH FLOWER,53,0.0,0.0
SILVER FABRIC MIRROR,882,0.0,0.0
SILVER FINCH DECORATION,189,13.0,6.878306878306878
SILVER FISHING GNOME ,124,3.0,2.4193548387096775
SILVER FLOWR PINK SHELL NECKLACE,62,0.0,0.0
SILVER GLASS T-LIGHT SET,351,8.0,2.2792022792022792
SILVER GLITTER FLOWER VOTIVE HOLDER,2907,144.0,4.953560371517028
SILVER HANGING T-LIGHT HOLDER,11945,512.0,4.286312264545835
SILVER HANGING T-LIGHT HOLDER DOME,273,4.0,1.465201465201465
SILVER HEART COMPACT MIRROR,7,1.0,14.285714285714285
SILVER HEARTS TABLE DECORATION,1274,0.0,0.0
SILVER HOOP EARRINGS WITH FLOWER,75,0.0,0.0
SILVER JEWELLED MIRROR TRINKET TRAY,125,0.0,0.0
SILVER LARIAT 40CM,40,0.0,0.0
SILVER LARIAT BLACK STONE EARRINGS,32,0.0,0.0
SILVER LATTICE VANILLA CANDLE POT,502,4.0,0.796812749003984
SILVER LOOKING MIRROR,11,0.0,0.0
SILVER M.O.P ORBIT BRACELET,68,0.0,0.0
SILVER M.O.P ORBIT DROP EARRINGS,75,1.0,1.3333333333333335
SILVER M.O.P. ORBIT NECKLACE,11,0.0,0.0
SILVER MINI TAPE MEASURE ,1592,1.0,0.06281407035175879
SILVER MONTE CARLO HANDBAG,8,0.0,0.0
SILVER MUG BONE CHINA TREE OF LIFE,1621,17.0,1.0487353485502777
SILVER OVAL JEWELLED MIRROR,23,0.0,0.0
SILVER OVAL SHAPE TRINKET BOX,42,0.0,0.0
SILVER PHOTO FRAME,407,11.0,2.7027027027027026
SILVER PLATE CANDLE BOWL LARGE,477,1.0,0.20964360587002098
SILVER PLATE CANDLE BOWL SMALL,912,6.0,0.6578947368421052
SILVER PURSE GOLD PINK BUTTERFLY,4,0.0,0.0
SILVER RECORD COVER FRAME,365,0.0,0.0
SILVER RETRODISC LAMPSHADE,607,4.0,0.6589785831960462
SILVER ROCCOCO CHANDELIER,72,4.0,5.555555555555555
SILVER ROCOCO CANDELABRA,9,2.0,22.22222222222222
SILVER ROCOCO CANDLE STICK,200,16.0,8.0
SILVER SKULL HOT WATER BOTTLE ,204,1.0,0.49019607843137253
SILVER SLEIGHBELL  WREATH,19,0.0,0.0
SILVER STANDING GNOME   ,93,0.0,0.0
SILVER STARS TABLE DECORATION,2031,0.0,0.0
SILVER T-LIGHT SETTING,274,38.0,13.86861313868613
SILVER TEDDY BEAR,228,0.0,0.0
SILVER VANILLA  FLOWER CANDLE POT,342,0.0,0.0
SILVER VANILLA FLOWER CANDLE POT,249,0.0,0.0
SILVER WASHBAG,33,0.0,0.0
SILVER WINE GOBLET,2,2.0,100.0
SILVER/AMETHYST DROP EARRINGS LEAF,55,0.0,0.0
SILVER/BLACK ORBIT NECKLACE,27,0.0,0.0
SILVER/BLACK PENDANT ORBIT NECKLACE,17,0.0,0.0
SILVER/CRYSTAL DROP EARRINGS W LEAF,44,0.0,0.0
SILVER/M.O.P PENDANT ORBIT NECKLACE,29,0.0,0.0
SILVER/MOP ORBIT NECKLACE,44,0.0,0.0
SILVER/NAT SHELL NECKLACE W PENDANT,7,0.0,0.0
SILVER/NATURAL SHELL NECKLACE,16,0.0,0.0
SINGLE ANTIQUE ROSE HOOK IVORY,1868,15.0,0.8029978586723768
SINGLE HEART ZINC T-LIGHT HOLDER,17633,36.0,0.20416264957749675
SINGLE WIRE HOOK IVORY HEART,879,12.0,1.3651877133105803
SINGLE WIRE HOOK PINK HEART,414,12.0,2.898550724637681
SIX DRAWER OFFICE TIDY,65,0.0,0.0
SIX STRING SCANDINAVIAN HEART DECS,94,12.0,12.76595744680851
SKETCHBOOK MAGNETIC SHOPPING LIST,1442,25.0,1.7337031900138695
SKULL AND CROSSBONES  GARLAND ,3601,489.0,13.579561232990836
SKULL DESIGN TV DINNER TRAY,769,6.0,0.7802340702210664
SKULL LUNCH BOX WITH CUTLERY ,3909,9.0,0.23023791250959325
SKULL LUNCHBOX WITH CUTLERY ,298,100.0,33.557046979865774
SKULL SHOULDER BAG,4597,61.0,1.3269523602349358
SKULLS  DESIGN  COTTON TOTE BAG,1172,20.0,1.7064846416382253
SKULLS  STICKERS,4871,900.0,18.476698829809074
SKULLS  WATER TRANSFER TATTOOS ,6064,24.0,0.395778364116095
SKULLS AND CROSSBONES WRAP,9065,25.0,0.27578599007170435
SKULLS DESIGN FLANNEL,1672,24.0,1.4354066985645932
SKULLS GREETING CARD,4913,12.0,0.24424994911459394
SKULLS PARTY BAG + STICKER SET,4158,458.0,11.014911014911014
SKULLS SQUARE TISSUE BOX,1005,0.0,0.0
SKULLS STORAGE BOX LARGE,505,31.0,6.138613861386139
SKULLS STORAGE BOX SMALL,507,16.0,3.155818540433925
SKULLS TAPE,1052,0.0,0.0
SKULLS WRAP,3400,0.0,0.0
SKULLS WRITING SET ,1926,0.0,0.0
SKY BLUE COLOUR GLASS GEMS IN BAG,86,0.0,0.0
SLATE TILE NATURAL HANGING,3896,4.0,0.10266940451745381
SLEEPING CAT ERASERS,10385,91.0,0.876263842079923
SMALL APOTHECARY MEASURING JAR ,81,0.0,0.0
SMALL BLUE PROVENCAL CERAMIC BALL,99,0.0,0.0
SMALL BONNE JAM JAR  T-LIGHT HOLDER,422,30.0,7.109004739336493
SMALL CAMPHOR WOOD FIELD  MUSHROOM,518,24.0,4.633204633204633
SMALL CERAMIC TOP STORAGE JAR ,5847,525.0,8.978963571062083
SMALL CHINESE STYLE SCISSOR,29355,0.0,0.0
SMALL CHOCOLATES PINK BOWL,2231,0.0,0.0
SMALL CHUNKY GLASS ROMAN  BOWL,693,2.0,0.2886002886002886
SMALL DECO JEWELLERY STAND,243,1.0,0.411522633744856
SMALL DOLLY MIX DESIGN ORANGE BOWL,6231,48.0,0.7703418391911411
SMALL FAIRY CAKE FRIDGE MAGNETS,12236,2513.0,20.53775743707094
SMALL FOLDING SCISSOR(POINTED EDGE),3141,0.0,0.0
SMALL FOLKART CHRISTMAS TREE DEC,135,0.0,0.0
SMALL FOLKART STAR CHRISTMAS DEC,2181,0.0,0.0
SMALL GLASS HEART TRINKET POT,11426,1228.0,10.747418169088045
SMALL GLASS ROSE SCENTED CANDLE,605,0.0,0.0
SMALL GLASS SUNDAE DISH CLEAR,1051,48.0,4.567078972407232
SMALL GREEN PEONY FOLDING STOOL,262,0.0,0.0
SMALL HAMMERED SILVER CANDLEPOT ,871,0.0,0.0
SMALL HANGING GLASS+ZINC LANTERN,222,0.0,0.0
SMALL HANGING IVORY/RED WOOD BIRD,6022,24.0,0.39853869146462967
SMALL HEART FLOWERS HOOK ,6495,2.0,0.030792917628945343
SMALL HEART MEASURING SPOONS,6574,45.0,0.684514755095832
SMALL IVORY HEART WALL ORGANISER,1020,4.0,0.39215686274509803
SMALL JEWELLERY STAND,16,0.0,0.0
SMALL KITCHEN FLOWER POTS PLAQUE,400,0.0,0.0
SMALL LICORICE DES PINK BOWL,1154,32.0,2.772963604852686
SMALL MARAKESH LANTERN ON STICK,97,6.0,6.185567010309279
SMALL MARAKESH METAL  LANTERN ,124,0.0,0.0
SMALL MARSHMALLOWS PINK BOWL,4739,16.0,0.3376239713019624
SMALL MEDINA STAMPED METAL BOWL ,1696,13.0,0.7665094339622641
SMALL ORIENTAL BLUE FOLDING STOOL,282,1.0,0.3546099290780142
SMALL ORIENTAL RED FOLDING STOOL,239,0.0,0.0
SMALL PARISIENNE HEART PHOTO FRAME ,939,3.0,0.3194888178913738
SMALL PARLOUR FRAME,42,0.0,0.0
SMALL PARLOUR PICTURE FRAME,165,0.0,0.0
SMALL PINK GLASS SUNDAE DISH,1149,74.0,6.440382941688425
SMALL PINK MAGIC CHRISTMAS TREE,1757,0.0,0.0
SMALL PINK PEONY FOLDING STOOL,189,0.0,0.0
SMALL POLKADOT CHOCOLATE GIFT BAG ,1338,34.0,2.5411061285500747
SMALL POP BOX FUNKY MONKEY,258,0.0,0.0
"SMALL POP BOX,FUNKY MONKEY",488,0.0,0.0
SMALL POPCORN HOLDER,48561,363.0,0.7475134367084697
SMALL PURPLE BABUSHKA NOTEBOOK ,3776,12.0,0.31779661016949157
SMALL RED BABUSHKA NOTEBOOK ,3924,12.0,0.3058103975535168
SMALL RED RETROSPOT MUG IN BOX ,1511,301.0,19.920582395764395
SMALL RED RETROSPOT WINDMILL,5113,34.0,0.6649716409153139
SMALL RED SPOT  WINDMILL,852,24.0,2.8169014084507045
SMALL REGAL  SILVER CANDLEPOT ,556,0.0,0.0
SMALL RETRO SPOT MUG IN BOX  RED,324,38.0,11.728395061728394
SMALL RETRO SPOT MUG IN BOX  WHITE,383,21.0,5.483028720626632
SMALL ROUND CUT GLASS CANDLESTICK,309,4.0,1.2944983818770228
SMALL SILVER FLOWER CANDLE POT,630,1.0,0.15873015873015872
SMALL SILVER TRELLIS CANDLEPOT,749,30.0,4.005340453938585
SMALL SINGLE FLAME CANDLE HOLDER,51,0.0,0.0
SMALL SKULL WINDMILL,2049,126.0,6.149341142020498
SMALL SPOTTY CHOCOLATE GIFT BAG ,1073,33.0,3.075489282385834
SMALL SQUARE CUT GLASS CANDLESTICK,276,5.0,1.8115942028985508
SMALL STRIPES CHOCOLATE GIFT BAG ,2449,16.0,0.6533278889342589
SMALL TAHITI BEACH BAG,467,1.0,0.21413276231263384
SMALL TALL CAMPHOR WOOD TOADSTOOL,560,0.0,0.0
SMALL WHITE HEART OF WICKER,4716,39.0,0.826972010178117
SMALL WHITE RETROSPOT MUG IN BOX ,1147,288.0,25.108979947689626
SMALL WHITE/PINK ROSE ART FLOWER,388,2.0,0.5154639175257731
SMALL YELLOW BABUSHKA NOTEBOOK ,2332,12.0,0.5145797598627788
SMALL ZINC HEART WALL ORGANISER,1541,0.0,0.0
SMALL ZINC/GLASS CANDLEHOLDER,445,0.0,0.0
SMALLFOLKART BAUBLE CHRISTMAS DEC,3565,100.0,2.805049088359046
SMOKEY GREY COLOUR D.O.F. GLASS,703,0.0,0.0
SMOKEY GREY COLOUR GLASS,236,0.0,0.0
SNACK TRAY HAPPY FOREST  ,116,0.0,0.0
SNACK TRAY I LOVE LONDON,169,0.0,0.0
SNACK TRAY PAISLEY PARK,179,0.0,0.0
SNACK TRAY RED GINGHAM,60,0.0,0.0
SNACK TRAY RED VINTAGE DOILY,198,0.0,0.0
SNOWFLAKE PORTABLE TABLE LIGHT ,898,6.0,0.6681514476614699
SNOWSTORM PHOTO FRAME FRIDGE MAGNET,1538,42.0,2.7308192457737324
SOAP DISH BROCANTE,1107,13.0,1.1743450767841013
SOFT PINK ROSE TOWEL ,608,0.0,0.0
SOLDIERS EGG CUP ,9363,112.0,1.1961977998504754
SOMBRERO ,9567,0.0,0.0
SPACE BOY BIRTHDAY CARD,823,0.0,0.0
SPACE BOY CHILDRENS CUP,131,0.0,0.0
SPACE BOY GIFT WRAP,775,0.0,0.0
SPACE CADET BLACK,144,1.0,0.6944444444444444
SPACE CADET RED,239,0.0,0.0
SPACE CADET WHITE,203,3.0,1.477832512315271
SPACE FROG,300,0.0,0.0
SPACE OWL,549,0.0,0.0
SPACEBOY BEAKER,2628,6.0,0.228310502283105
SPACEBOY BIRTHDAY CARD,16779,60.0,0.3575898444484177
SPACEBOY CHILDRENS BOWL,2430,10.0,0.411522633744856
SPACEBOY CHILDRENS CUP,2050,21.0,1.024390243902439
SPACEBOY CHILDRENS EGG CUP,1245,1.0,0.08032128514056225
SPACEBOY GIFT WRAP,13767,105.0,0.7626933972543039
SPACEBOY LUNCH BOX ,20807,71.0,0.34123131638390924
SPACEBOY MINI BACKPACK,1102,2.0,0.18148820326678766
SPACEBOY MINI RUCKSACK,13,0.0,0.0
SPACEBOY ROCKET LOLLY MAKERS,662,24.0,3.625377643504532
SPACEBOY TV DINNER TRAY,966,32.0,3.3126293995859215
SPACEBOY WALL ART,306,0.0,0.0
SPHERICAL IVORY CANDLE ,88,0.0,0.0
SPOTS DESIGN MUG W PINK INSIDE,917,0.0,0.0
SPOTS MUG,437,12.0,2.745995423340961
SPOTS ON RED BOOKCOVER TAPE,58,0.0,0.0
SPOTTED WHITE NATURAL SEED NECKLACE,79,0.0,0.0
SPOTTY  HOME SWEET HOME DOORMAT,666,0.0,0.0
SPOTTY BUNTING,8320,110.0,1.3221153846153846
SPOTTY CAT DOORSTOP ,1,0.0,0.0
SPOTTY COCKEREL DOORSTOP,1,0.0,0.0
SPOTTY COFFEE CUP & SAUCER,40,0.0,0.0
SPOTTY PINK DUCK DOORSTOP,703,5.0,0.7112375533428165
SPRIG LAVENDER ARTIFICIAL FLOWER,678,60.0,8.849557522123893
"SPRING DEC , HANGING CHICK  GREEN",1128,24.0,2.127659574468085
"SPRING DEC , HANGING CHICK  YELLOW",1640,24.0,1.4634146341463417
"SPRING DEC , HANGING CHICK CREAM",1900,24.0,1.263157894736842
SPRING FLOWER CHOPSTICKS SET/5,895,1.0,0.11173184357541899
SQUARE CHERRY BLOSSOM CABINET,452,26.0,5.752212389380531
SQUARE FLOOR CUSHION VINTAGE PINK ,19,0.0,0.0
SQUARE FLOOR CUSHION VINTAGE RED,158,1.0,0.6329113924050633
SQUARE METAL CANDLEHOLDER BASE,177,0.0,0.0
SQUARE MINI PORTRAIT FRAME,277,0.0,0.0
SQUARE MIRROR CURTAIN,347,10.0,2.881844380403458
SQUARECUSHION COVER PINK UNION FLAG,119,0.0,0.0
SQUARECUSHION COVER PINK UNION JACK,173,0.0,0.0
ST GEORGE SET OF 10 PARTY LIGHTS,51,0.0,0.0
ST TROPEZ NECKLACE,77,0.0,0.0
STANDING FAIRY POLE SUPPORT ,777,3.0,0.3861003861003861
STANDING METAL RABBIT WITH EGG,670,1.0,0.1492537313432836
STAR  T-LIGHT HOLDER ,654,1.0,0.1529051987767584
STAR DECORATION PAINTED ZINC ,6087,95.0,1.5607031378347298
STAR DECORATION RUSTIC,5925,53.0,0.8945147679324894
STAR PORTABLE TABLE LIGHT ,1288,59.0,4.580745341614907
STAR T-LIGHT HOLDER WILLIE WINKIE,1180,3.0,0.2542372881355932
STAR WARS TOP TRUMPS GAME,2,0.0,0.0
STAR WOODEN CHRISTMAS DECORATION,4907,0.0,0.0
STAR WREATH DECORATION WITH BELL,1682,12.0,0.713436385255648
STARFISH SOAP DISH,194,3.0,1.5463917525773196
STARS GIFT TAPE ,2348,1.0,0.04258943781942078
STEEL SWEETHEART ROUND TABLE CREAM,142,2.0,1.4084507042253522
STOOL HOME SWEET HOME ,237,2.0,0.8438818565400843
STOP FOR TEA WALL ART,518,0.0,0.0
STORAGE TIN HOME SWEET HOME,275,7.0,2.5454545454545454
STORAGE TIN VINTAGE DOILEY ,7,0.0,0.0
STORAGE TIN VINTAGE DOILY ,1272,28.0,2.20125786163522
STORAGE TIN VINTAGE LEAF,772,14.0,1.8134715025906734
STRAWBERRIES  DESIGN FLANNEL ,1862,1.0,0.05370569280343716
STRAWBERRIES PRINT BOWL,5,0.0,0.0
STRAWBERRY   PICNIC BAG,4100,58.0,1.4146341463414636
STRAWBERRY BATH SPONGE ,3530,71.0,2.0113314447592066
STRAWBERRY CAKE TEAPOT,16,0.0,0.0
STRAWBERRY CANDY BAG,2218,11.0,0.49594229035166815
STRAWBERRY CERAMIC TRINKET BOX,36628,782.0,2.1349787048159876
STRAWBERRY CERAMIC TRINKET POT,1369,22.0,1.6070124178232286
STRAWBERRY CHARLOTTE BAG,18296,187.0,1.0220813292522957
STRAWBERRY DREAM CHILDS UMBRELLA,580,12.0,2.0689655172413794
STRAWBERRY FAIRY CAKE TEAPOT,2286,72.0,3.149606299212598
STRAWBERRY HONEYCOMB  GARLAND ,2155,11.0,0.5104408352668214
STRAWBERRY LUNCH BOX WITH CUTLERY,6779,30.0,0.4425431479569258
STRAWBERRY LUNCHBOX WITH CUTLERY,1448,4.0,0.2762430939226519
STRAWBERRY RAFFIA FOOD COVER,1406,4.0,0.2844950213371266
STRAWBERRY SCENTED SET/9 T-LIGHTS,836,12.0,1.4354066985645932
STRAWBERRY SHOPPER BAG,6296,125.0,1.9853875476493013
STRAWBERY SWIRL FLARE CANDLE,24,0.0,0.0
STRAWBRY SCENTED VOTIVE CANDLE,2445,0.0,0.0
STRING CRYSTALS NATURAL,272,0.0,0.0
STRING OF 20 ROSE LIGHTS,273,23.0,8.424908424908425
"STRING OF 8 BUTTERFLIES,PINK",390,1.0,0.2564102564102564
STRING OF STARS CARD HOLDER,315,1.0,0.31746031746031744
STRIPES DESIGN MONKEY DOLL,1349,7.0,0.5189028910303929
STRIPES DESIGN TEDDY,169,6.0,3.5502958579881656
STRIPEY CHOCOLATE NESTING BOXES,982,25.0,2.5458248472505094
STRIPY DESIGN SHOWER CAP,1084,2.0,0.18450184501845018
SUKI  SHOULDER BAG,7127,131.0,1.8380805387961274
SUMMER BUTTERFLIES BAG CHARM,108,0.0,0.0
SUMMER DAISIES BAG CHARM,205,0.0,0.0
SUMMER FUN DESIGN SHOWER CAP,1303,2.0,0.15349194167306215
SUNFLOWER DECORATIVE PARASOL,175,2.0,1.1428571428571428
SUNJAR LED NIGHT NIGHT LIGHT,17,0.0,0.0
SUNSET CHECK HAMMOCK,317,0.0,0.0
SUNSET COLOUR CHUNKY KNITTED THROW,153,4.0,2.6143790849673203
SWALLOW CIGAR BOX MATCHES ,1391,24.0,1.7253774263120056
SWALLOW GIANT TUBE MATCHES,1119,12.0,1.0723860589812333
SWALLOW SMALL TUBE MATCHES,1,0.0,0.0
SWALLOW SQUARE TISSUE BOX,2064,19.0,0.9205426356589148
SWALLOW WOODEN CHRISTMAS DECORATION,3132,6.0,0.19157088122605362
SWALLOWS GREETING CARD,12735,120.0,0.9422850412249705
SWEET HEART CAKE CARRIER,80,9.0,11.25
SWEET PUDDING STICKER SHEET,347,3.0,0.8645533141210375
SWEET VALENCIA CANDLE+CUP,164,12.0,7.317073170731707
SWEETHEART 3 TIER CAKE STAND ,284,24.0,8.450704225352112
SWEETHEART BIRD HOUSE,847,4.0,0.47225501770956313
SWEETHEART CAKESTAND 3 TIER,1378,110.0,7.982583454281568
SWEETHEART CARRY-ALL BASKET,282,3.0,1.0638297872340425
SWEETHEART CERAMIC TRINKET BOX,19428,323.0,1.6625488984970147
SWEETHEART CREAM STEEL FOLDIN BENCH,210,7.0,3.3333333333333335
SWEETHEART CREAM STEEL FOLDIN CHAIR,1,1.0,100.0
SWEETHEART CREAM STEEL TABLE RECT,157,4.0,2.547770700636943
SWEETHEART KEY CABINET,1523,12.0,0.7879185817465528
SWEETHEART RECIPE BOOK STAND,1597,23.0,1.440200375704446
SWEETHEART WALL TIDY ,108,5.0,4.62962962962963
SWEETHEART WIRE FRUIT BOWL,253,1.0,0.3952569169960474
SWEETHEART WIRE MAGAZINE RACK,389,5.0,1.2853470437017995
SWEETHEART WIRE WALL TIDY,252,10.0,3.968253968253968
SWEETIES  STICKERS,1135,2.0,0.1762114537444934
SWIRLY CIRCULAR RUBBERS IN BAG,1063,1.0,0.09407337723424271
SWISS CHALET TREE DECORATION ,1850,1.0,0.05405405405405406
SWISS ROLL TOWEL PINK  SPOTS,706,0.0,0.0
"SWISS ROLL TOWEL, CHOCOLATE  SPOTS",1379,7.0,0.5076142131979695
"SWISS ROLL TOWEL, PINK  SPOTS",1516,198.0,13.060686015831136
T-LIGHT GLASS FLUTED ANTIQUE,9458,190.0,2.0088813702685555
T-LIGHT HOLDER HANGING LACE,2374,56.0,2.358887952822241
T-LIGHT HOLDER HANGING LOVE BIRD,542,3.0,0.5535055350553505
T-LIGHT HOLDER SILVER HEART HANDLE,199,6.0,3.015075376884422
T-LIGHT HOLDER SILVER PETIT FOUR ,184,0.0,0.0
T-LIGHT HOLDER SILVER SAUCER,44,0.0,0.0
T-LIGHT HOLDER SWEETHEART HANGING,1238,1.0,0.08077544426494346
T-LIGHT HOLDER WHITE LACE,1396,3.0,0.21489971346704873
TABLE LAMP WHITE SHADE WOOD BASE,179,0.0,0.0
TABLECLOTH RED APPLES DESIGN ,561,2.0,0.35650623885918004
TALL ROCOCO CANDLE HOLDER,143,2.0,1.3986013986013985
TEA BAG PLATE RED RETROSPOT,5327,16.0,0.3003566735498404
TEA BAG PLATE RED SPOTTY ,7126,84.0,1.1787819253438114
TEA COSY BLUE STRIPE,677,26.0,3.8404726735598227
TEA COSY RED  STRIPE,1331,26.0,1.9534184823441023
TEA COSY VINTAGE UNION JACK,1001,4.0,0.3996003996003996
TEA CUP AND SAUCER RETRO SPOT,700,16.0,2.2857142857142856
TEA FOR ONE POLKADOT,644,37.0,5.745341614906832
TEA PARTY  WRAPPING PAPER ,6375,34.0,0.5333333333333333
TEA PARTY BIRTHDAY CARD,11297,228.0,2.0182349296273348
TEA TIME BREAKFAST BASKET,185,1.0,0.5405405405405406
TEA TIME CAKE STAND IN GIFT BOX,2465,51.0,2.0689655172413794
TEA TIME DES TEA COSY,1662,21.0,1.263537906137184
TEA TIME KITCHEN APRON,2169,13.0,0.599354541263255
TEA TIME MUG IN GIFT BOX,868,1.0,0.1152073732718894
TEA TIME OVEN GLOVE,5270,54.0,1.0246679316888045
TEA TIME PAPER LANTERNS,384,0.0,0.0
TEA TIME PARTY BUNTING,6013,1635.0,27.191085980375853
TEA TIME TABLE CLOTH,981,2.0,0.20387359836901123
TEA TIME TEA SET IN GIFT BOX,481,15.0,3.118503118503119
TEA TIME TEA TOWELS ,5205,156.0,2.9971181556195963
TEA TIME TEAPOT IN GIFT BOX,881,13.0,1.4755959137343928
TEACUP AND SAUCER REGENCY GREEN,174,0.0,0.0
TEACUP AND SAUCER REGENCY PINK,144,0.0,0.0
TEACUP AND SAUCER REGENCY ROSES,210,0.0,0.0
TEAL/FUSCHIA COL BEAD NECKLACE,47,0.0,0.0
TEATIME CAKE TIN WITH HANDLE,284,15.0,5.28169014084507
TEATIME FUNKY FLOWER BACKPACK FOR 2,235,0.0,0.0
TEATIME GEL PENS ASST,3169,0.0,0.0
TEATIME PEN CASE & PENS,10056,4632.0,46.06205250596659
TEATIME PENCIL W STAMP ASST,941,0.0,0.0
TEATIME PENCIL WITH RUBBER,151,0.0,0.0
TEATIME PUSH DOWN RUBBER,848,24.0,2.8301886792452833
TEATIME ROUND CAKE TINS ,4,1.0,25.0
TEATIME ROUND PENCIL SHARPENER ,3461,0.0,0.0
TEXRIO TOMATOES CANDLE+CUP,128,12.0,9.375
THE KING GIFT BAG,8101,3744.0,46.21651647944699
THE KING GIFT BAG 25x24x12cm,88,0.0,0.0
THREE CANVAS LUGGAGE TAGS,174,0.0,0.0
THREE MINI HANGING FRAMES,142,2.0,1.4084507042253522
TIGRIS EYE CHUNKY CHARM BRACELET,58,0.0,0.0
TIN CAN BISCUITS DESIGN,48,0.0,0.0
TIN CAN CONFECTIONERY DESIGN,12,0.0,0.0
TIN CAN HOUSEKEEPING DESIGN,24,0.0,0.0
TIN CAN KINGS CHOICE DESIGN,36,0.0,0.0
TIN CAN POCKET MONEY DESIGN,24,0.0,0.0
TINY CRYSTAL BRACELET BLUE,26,0.0,0.0
TINY CRYSTAL BRACELET GREEN,28,0.0,0.0
TINY CRYSTAL BRACELET RED,26,0.0,0.0
TINY CRYSTALS BRACELET BLACK,14,0.0,0.0
TOADSTOOL  LUNCHBOX WITH CUTLERY,4,0.0,0.0
TOADSTOOL BEDSIDE LIGHT ,249,14.0,5.622489959839357
TOADSTOOL MONEY BOX,1875,43.0,2.2933333333333334
TOAST ITS - BEST MUM,2476,0.0,0.0
TOAST ITS - DINOSAUR,1388,48.0,3.45821325648415
TOAST ITS - FAIRY FLOWER,1592,1.0,0.06281407035175879
TOAST ITS - HAPPY BIRTHDAY,1129,1.0,0.08857395925597875
TOAST ITS - I LOVE YOU ,3452,48.0,1.3904982618771726
TOILET METAL SIGN,8399,71.0,0.8453387308012859
TOILET SIGN OCCUPIED OR VACANT,3741,14.0,0.37423148890670943
TOMATO CHARLIE+LOLA COASTER SET,1200,0.0,0.0
TOOL BOX SOFT TOY ,386,7.0,1.8134715025906734
TOOTHPASTE TUBE PEN,2743,24.0,0.8749544294567991
TOP SECRET PEN SET,1256,397.0,31.60828025477707
TOTE BAG I LOVE LONDON,1716,24.0,1.3986013986013985
TOXIC AREA  DOOR HANGER ,2402,84.0,3.4970857618651126
TOY TIDY DOLLY GIRL DESIGN,1429,12.0,0.8397480755773268
TOY TIDY PINK POLKADOT,4712,27.0,0.5730050933786078
TOY TIDY PINK RETROSPOT  ,4553,3.0,0.06589062156819679
TOY TIDY SPACEBOY  ,4964,45.0,0.9065269943593876
TOYBOX  WRAP ,1801,1.0,0.055524708495280406
TRADITIONAL CHRISTMAS RIBBONS,6585,51.0,0.7744874715261959
TRADITIONAL KNITTING NANCY,8726,85.0,0.9741003896401559
TRADITIONAL MODELLING CLAY,14836,175.0,1.1795632245888379
TRADITIONAL NAUGHTS & CROSSES,2841,0.0,0.0
TRADITIONAL PICK UP STICKS GAME ,2772,0.0,0.0
TRADITIONAL WOODEN CATCH CUP GAME ,7826,54.0,0.6900076667518528
TRADITIONAL WOODEN SKIPPING ROPE,12142,93.0,0.7659364190413441
TRADTIONAL ALPHABET STAMP SET,954,2.0,0.20964360587002098
TRANQUILITY MASALA INCENSE,442,0.0,0.0
TRANSPARENT ACRYLIC TAPE DISPENSER,941,0.0,0.0
TRAVEL CARD WALLET FLOWER MEADOW,1758,78.0,4.436860068259386
TRAVEL CARD WALLET I LOVE LONDON,4733,1.0,0.021128248468201986
TRAVEL CARD WALLET KEEP CALM,12366,177.0,1.4313440077632218
TRAVEL CARD WALLET PANTRY,2002,184.0,9.19080919080919
TRAVEL CARD WALLET RETRO PETALS,1544,0.0,0.0
TRAVEL CARD WALLET RETROSPOT,2194,30.0,1.367365542388332
TRAVEL CARD WALLET SKULLS,2119,128.0,6.040585181689476
TRAVEL CARD WALLET SUKI,2381,49.0,2.0579588408231837
TRAVEL CARD WALLET TRANSPORT,3169,39.0,1.230672136320606
TRAVEL CARD WALLET UNION JACK,2545,78.0,3.0648330058939095
TRAVEL CARD WALLET VINTAGE LEAF,1350,3.0,0.2222222222222222
TRAVEL CARD WALLET VINTAGE ROSE ,542,0.0,0.0
TRAVEL CARD WALLET VINTAGE TICKET,4801,26.0,0.5415538429493856
TRAVEL SEWING KIT,9910,56.0,0.5650857719475277
"TRAY FOR TV DINNER , DOLLY GIRL",6,0.0,0.0
"TRAY FOR TV DINNER ,SPACEBOY",6,0.0,0.0
"TRAY, BREAKFAST IN BED",356,10.0,2.8089887640449436
TREASURE AHOY WALL ART,270,0.0,0.0
TREASURE ISLAND BOOK BOX,2532,20.0,0.7898894154818324
TREASURE TIN BUFFALO BILL ,1470,27.0,1.8367346938775513
TREASURE TIN GYMKHANA DESIGN,2165,7.0,0.3233256351039261
TREE OF NOAH FESTIVE SCENTED CANDLE,57,96.0,168.42105263157893
TREE T-LIGHT HOLDER WILLIE WINKIE,364,0.0,0.0
TRELLIS FLOWER CHOPSTICKS SET/5,24,0.0,0.0
TRIANGULAR POUFFE VINTAGE ,164,4.0,2.4390243902439024
TRIANGULAR RIDGED GLASS POSY HOLDER,879,0.0,0.0
TRIPLE HOOK ANTIQUE IVORY ROSE,798,50.0,6.265664160401002
TRIPLE PHOTO FRAME CORNICE ,1004,40.0,3.9840637450199203
TRIPLE WIRE HOOK IVORY HEART,182,12.0,6.593406593406594
TRIPLE WIRE HOOK PINK HEART,79,0.0,0.0
TROPICAL  HONEYCOMB PAPER GARLAND ,2741,13.0,0.47427946005107624
TROPICAL HOLIDAY PURSE ,57,0.0,0.0
TROPICAL LUGGAGE TAG,1877,0.0,0.0
TROPICAL PASSPORT COVER ,578,0.0,0.0
TUB 24 HANGING EASTER EGGS SPOTTY,373,4.0,1.0723860589812333
TUB 24 PINK FLOWER PEGS,514,0.0,0.0
TUMBLER BAROQUE,525,1.0,0.19047619047619047
TUMBLER NEW ENGLAND,1261,0.0,0.0
"TUMBLER, BAROQUE",484,0.0,0.0
"TUMBLER, ENGLISH ROSE",171,0.0,0.0
"TUMBLER, NEW ENGLAND",490,0.0,0.0
TURQ ICE CREAM BUM BAG ,305,0.0,0.0
TURQ PENDANT TRIPLE SHELL NECKLACE,16,0.0,0.0
TURQ STONE/CRYSTAL EARRINGS,64,0.0,0.0
TURQ+RED BOUDICCA LARGE BRACELET,97,0.0,0.0
TURQOISE ICE CREAM SUNHAT,292,0.0,0.0
TURQUOISE BERTIE GLASS BEAD CHARM,92,0.0,0.0
TURQUOISE CHRISTMAS TREE ,17,0.0,0.0
TURQUOISE CRYSTAL+GLASS BRACELET,54,0.0,0.0
TURQUOISE GLASS TASSLE BAG CHARM ,146,0.0,0.0
TURQUOISE HEART OF GLASS BRACELET,26,0.0,0.0
TUSCAN VILLA BIRD FEEDER,17,0.0,0.0
TUSCAN VILLA BIRD TABLE ,19,0.0,0.0
TUSCAN VILLA DOVECOTE,12,0.0,0.0
TUSCAN VILLA DOVECOTE BIRD FEEDER,43,1.0,2.3255813953488373
TUSCAN VILLA FEEDING STATION,12,0.0,0.0
TV DINNER TRAY AIR HOSTESS ,627,3.0,0.4784688995215311
TV DINNER TRAY DOLLY GIRL,1093,5.0,0.4574565416285453
TV DINNER TRAY VINTAGE PAISLEY,811,0.0,0.0
TWO DOOR CURIO CABINET,853,224.0,26.260257913247365
TWO EMBOSSED HEART MINI DRAWERS,677,16.0,2.363367799113737
This is a test product.,51,5.0,9.803921568627452
UBO-LIGHT TRIOBASE BLUE,5,0.0,0.0
UBO-LIGHT TRIOBASE PURPLE,5,0.0,0.0
UNION FLAG WINDSOCK,1082,0.0,0.0
UNION JACK FLAG LUGGAGE TAG,2168,25.0,1.1531365313653137
UNION JACK FLAG PASSPORT COVER ,1853,20.0,1.0793308148947653
UNION JACK GUNS & ROSES  DOORMAT,765,2.0,0.261437908496732
UNION JACK HOT WATER BOTTLE ,653,63.0,9.647779479326186
UNION STRIPE CUSHION COVER ,1201,18.0,1.4987510407993339
UNION STRIPE WITH FRINGE  HAMMOCK,1443,27.0,1.8711018711018712
URBAN BLACK RIBBONS ,2066,0.0,0.0
URBAN CHIC CHOPSTICKS SET/5,407,2.0,0.4914004914004914
UTILTY CABINET WITH HOOKS,181,0.0,0.0
VANILLA CANDLE IN EMBOSSED ZINC POT,10,0.0,0.0
VANILLA INCENSE 40 CONES IN TIN,88,0.0,0.0
VANILLA INCENSE IN TIN,3964,0.0,0.0
VANILLA SCENT CAKE CANDLE ,962,0.0,0.0
VANILLA SCENT CANDLE JEWELLED BOX,2185,506.0,23.157894736842106
VANILLA SCENTED VOTIVE CANDLE,24,0.0,0.0
VEGETABLE GARDEN CHOPPING BOARD,76,0.0,0.0
VEGETABLE MAGNETIC  SHOPPING LIST,36,0.0,0.0
VENDETTA CANVAS PICTURE,3,0.0,0.0
VICTORIAN  METAL POSTCARD SPRING,5985,328.0,5.480367585630744
VICTORIAN GLASS HANGING T-LIGHT,40081,1008.0,2.514907312691799
VICTORIAN METAL POSTCARD CHRISTMAS,377,0.0,0.0
VICTORIAN SEWING BOX LARGE,1505,121.0,8.039867109634551
VICTORIAN SEWING BOX MEDIUM,1549,27.0,1.7430600387346677
VICTORIAN SEWING BOX SMALL ,2293,27.0,1.1774967291757523
VICTORIAN SEWING KIT,5478,301.0,5.494706097115736
VILLAGE SHOW WALL ART,386,0.0,0.0
VINTAGE  2 METER FOLDING RULER,1844,13.0,0.7049891540130151
VINTAGE  2 METRE FOLDING RULER,1627,1.0,0.06146281499692685
VINTAGE BEAD CHAISE LONG JEWEL BOX,18,0.0,0.0
VINTAGE BEAD COSMETIC BAG ,1826,0.0,0.0
VINTAGE BEAD FILLED PINK CUSHION,12,0.0,0.0
VINTAGE BEAD NOTEBOOK,311,0.0,0.0
VINTAGE BEAD PINK EVENING BAG,642,0.0,0.0
VINTAGE BEAD PINK JEWEL BOX,61,0.0,0.0
VINTAGE BEAD PINK JEWEL STAND,3,0.0,0.0
VINTAGE BEAD PINK PURSE ,1041,25.0,2.4015369836695486
VINTAGE BEAD PINK SCARF ,459,12.0,2.6143790849673203
VINTAGE BEAD PINK SHADE ,563,0.0,0.0
VINTAGE BELLS GARLAND,821,0.0,0.0
VINTAGE BILLBOARD DRINK ME MUG,4269,12.0,0.28109627547434995
VINTAGE BILLBOARD LOVE/HATE MUG,4066,89.0,2.1888834235120513
VINTAGE BILLBOARD MUG ,2034,30.0,1.4749262536873156
VINTAGE BILLBOARD TEA MUG,5099,726.0,14.238085899195921
VINTAGE BLUE KITCHEN CABINET,45,13.0,28.888888888888886
VINTAGE BLUE TINSEL REEL,397,0.0,0.0
VINTAGE CARAVAN GIFT WRAP,3525,50.0,1.4184397163120568
VINTAGE CARAVAN GREETING CARD ,4083,49.0,1.2000979671809944
VINTAGE CAT FOOD CONTAINER,34,0.0,0.0
VINTAGE CHRISTMAS BUNTING,2990,13.0,0.43478260869565216
VINTAGE CHRISTMAS CAKE FRILL,2500,0.0,0.0
VINTAGE CHRISTMAS GIFT BAG LARGE ,1831,15.0,0.8192244675040962
VINTAGE CHRISTMAS GIFT SACK,1423,1.0,0.07027406886858749
VINTAGE CHRISTMAS PAPER GIFT BAG,1608,0.0,0.0
VINTAGE CHRISTMAS STOCKING ,2390,15.0,0.6276150627615062
VINTAGE CHRISTMAS TABLECLOTH,407,5.0,1.2285012285012284
VINTAGE COFFEE GRINDER BOX,109,12.0,11.009174311926607
VINTAGE COLLAGE  GREETING  CARD ,40,0.0,0.0
VINTAGE CREAM 3 BASKET CAKE STAND,1699,20.0,1.1771630370806356
VINTAGE CREAM CAT FOOD CONTAINER,955,14.0,1.4659685863874345
VINTAGE CREAM DOG FOOD CONTAINER,1181,29.0,2.4555461473327687
VINTAGE DESIGN GIFT TAGS,3,0.0,0.0
VINTAGE DOG FOOD CONTAINER,36,0.0,0.0
VINTAGE DOILY DELUXE SEWING KIT ,809,65.0,8.034610630407911
VINTAGE DOILY JUMBO BAG RED ,4802,121.0,2.5197834235735113
VINTAGE DOILY TRAVEL SEWING KIT,3964,6.0,0.15136226034308778
VINTAGE DONKEY TAIL GAME ,1815,11.0,0.6060606060606061
VINTAGE EMBOSSED HEART,955,3.0,0.31413612565445026
VINTAGE ENAMEL & CRYSTAL EARRINGS,50,0.0,0.0
VINTAGE ENAMEL & CRYSTAL NECKLACE,21,0.0,0.0
VINTAGE ENGRAVED HEART,60,0.0,0.0
VINTAGE GLASS COFFEE CADDY,269,4.0,1.486988847583643
VINTAGE GLASS SUGAR CADDY,76,7.0,9.210526315789473
VINTAGE GLASS T-LIGHT HOLDER,2237,9.0,0.4023245417970496
VINTAGE GLASS TEA CADDY,239,6.0,2.510460251046025
VINTAGE GOLD TINSEL REEL,275,9.0,3.272727272727273
VINTAGE HEADS AND TAILS CARD GAME ,17604,1077.0,6.117927743694615
VINTAGE JINGLE BELLS HEART,228,1.0,0.43859649122807015
VINTAGE JINGLE BELLS WREATH,76,0.0,0.0
VINTAGE KEEPSAKE BOX BEAUTY GIRL,10,0.0,0.0
VINTAGE KEEPSAKE BOX PARIS DAYS,206,0.0,0.0
VINTAGE KEEPSAKE BOX PINK FLOWER,91,2.0,2.197802197802198
VINTAGE KEEPSAKE BOX TRAVELOGUE,187,1.0,0.53475935828877
VINTAGE KID DOLLY CARD ,6716,12.0,0.1786777843954735
VINTAGE KITCHEN PRINT FRUITS,3527,1639.0,46.47008789339382
VINTAGE KITCHEN PRINT PUDDINGS,2758,1208.0,43.79985496736766
VINTAGE KITCHEN PRINT SEAFOOD,3680,1536.0,41.73913043478261
VINTAGE KITCHEN PRINT VEGETABLES,3333,1248.0,37.44374437443744
VINTAGE LEAF CHOPPING BOARD  ,149,3.0,2.013422818791946
VINTAGE LEAF MAGNETIC NOTEPAD,1707,13.0,0.7615700058582308
VINTAGE METAL CAKE STAND CREAM ,1,0.0,0.0
VINTAGE NOTEBOOK BEAUTY GIRL,101,0.0,0.0
VINTAGE NOTEBOOK FRENCH LETTER ,16,0.0,0.0
VINTAGE NOTEBOOK PARIS DAYS,351,12.0,3.418803418803419
VINTAGE NOTEBOOK PINK FLOWER,39,0.0,0.0
VINTAGE NOTEBOOK RED ROSE,44,0.0,0.0
VINTAGE NOTEBOOK TRAVELOGUE,327,6.0,1.834862385321101
VINTAGE PAISLEY STATIONERY SET,3320,6.0,0.18072289156626506
VINTAGE PHOTO ALBUM PARIS DAYS,106,0.0,0.0
VINTAGE PINK DECORATIVE PARASOL,132,1.0,0.7575757575757576
VINTAGE PINK TINSEL REEL ,24,0.0,0.0
VINTAGE POST OFFICE CABINET,123,4.0,3.2520325203252036
VINTAGE RED ENAMEL TRIM JUG ,595,33.0,5.546218487394958
VINTAGE RED ENAMEL TRIM MUG ,1700,58.0,3.4117647058823533
VINTAGE RED ENAMEL TRIM PLATE,830,55.0,6.626506024096386
VINTAGE RED KITCHEN CABINET,76,12.0,15.789473684210526
VINTAGE RED MUG,2284,12.0,0.5253940455341506
VINTAGE RED TEATIME MUG,4763,36.0,0.7558261599832038
VINTAGE RED TRIM ENAMEL BOWL ,1155,121.0,10.476190476190476
VINTAGE ROSE BEAD BRACELET BLACK,104,0.0,0.0
VINTAGE ROSE BEAD BRACELET BLUE,19,3.0,15.789473684210526
VINTAGE ROSE BEAD BRACELET RASPBERR,144,0.0,0.0
VINTAGE SEASIDE JIGSAW PUZZLES,1129,4.0,0.354295837023915
VINTAGE SHELLS PRINT,135,0.0,0.0
VINTAGE SILVER TINSEL REEL,23,0.0,0.0
VINTAGE SNAKES & LADDERS,3734,76.0,2.035350830208891
VINTAGE SNAP CARDS,27244,203.0,0.7451181911613566
VINTAGE UNION JACK APRON,984,0.0,0.0
VINTAGE UNION JACK BUNTING,6900,64.0,0.927536231884058
VINTAGE UNION JACK CUSHION COVER,3699,43.0,1.1624763449580968
VINTAGE UNION JACK DOORSTOP,1771,25.0,1.4116318464144553
VINTAGE UNION JACK MEMOBOARD,6165,56.0,0.9083536090835361
VINTAGE UNION JACK PENNANT,1496,60.0,4.010695187165775
VINTAGE UNION JACK SHOPPING BAG,907,4.0,0.4410143329658214
VINTAGE WOODEN BAR STOOL,43,3.0,6.976744186046512
VINTAGE WOODEN PLATE RACK,17,1.0,5.88235294117647
VINTAGE ZINC PLANTER  ,32,0.0,0.0
VINTAGE ZINC WATERING CAN,13,0.0,0.0
VINTAGE ZINC WATERING CAN SMALL,18,0.0,0.0
VINYL RECORD FRAME SILVER,2686,11.0,0.4095309009679821
VIP HOLIDAY PURSE,694,312.0,44.95677233429395
VIP LUGGAGE TAG ,71,0.0,0.0
VIP PASSPORT COVER ,43,0.0,0.0
VIPPASSPORT COVER ,539,0.0,0.0
WAKE UP COCKEREL CALENDAR SIGN ,133,0.0,0.0
WAKE UP COCKEREL TILE COASTER,664,0.0,0.0
WAKE UP COCKEREL TILE HOOK,226,75.0,33.1858407079646
WAKE UP COCKEREL WALL THERMOMETER,179,0.0,0.0
"WALL ART , LOVES' SECRET ",8,0.0,0.0
"WALL ART , THE MAGIC FOREST ",2,0.0,0.0
"WALL ART ,PUDDINGS ",8,0.0,0.0
WALL ART 70'S ALPHABET ,356,6.0,1.6853932584269662
WALL ART ANIMALS AND NATURE ,153,7.0,4.57516339869281
WALL ART BICYCLE SAFETY,845,1.0,0.1183431952662722
WALL ART BICYCLE SAFTEY ,21,0.0,0.0
WALL ART BIG LOVE ,976,0.0,0.0
WALL ART BUFFALO BILL ,334,6.0,1.7964071856287425
WALL ART CAT AND BIRD ,143,0.0,0.0
WALL ART CLASSIC PUDDINGS ,864,2.0,0.23148148148148145
WALL ART DOG AND BALL ,102,0.0,0.0
WALL ART DOG LICENCE ,604,16.0,2.6490066225165565
WALL ART DOLLY GIRL ,319,0.0,0.0
WALL ART GARDEN HAVEN ,215,0.0,0.0
WALL ART HORSE & PONY ,225,6.0,2.666666666666667
WALL ART I LOVE LONDON ,99,0.0,0.0
WALL ART KEEP CALM ,967,0.0,0.0
WALL ART LOVES' SECRET ,239,0.0,0.0
WALL ART MID CENTURY MODERN ,164,1.0,0.6097560975609756
WALL ART ONLY ONE PERSON ,1050,0.0,0.0
WALL ART SPACEBOY,173,0.0,0.0
WALL ART STOP FOR TEA ,869,7.0,0.805523590333717
WALL ART THE MAGIC FOREST ,148,0.0,0.0
WALL ART TREASURE AHOY ,90,6.0,6.666666666666667
WALL ART VILLAGE SHOW ,240,4.0,1.6666666666666667
WALL ART VINTAGE HEART,331,0.0,0.0
WALL ART WORK REST AND PLAY  ,210,0.0,0.0
"WALL ART,ONLY ONE PERSON ",6,0.0,0.0
"WALL MIRROR , DIAMANTE OVAL SHAPE",425,20.0,4.705882352941177
"WALL MIRROR , RECT DIAMANTE, PINK/",219,5.0,2.28310502283105
WALL MIRROR RECTANGLE DIAMANTE PINK,221,3.0,1.3574660633484164
WALL MOUNTED VINTAGE ORGANISER,497,2.0,0.4024144869215292
WALL TIDY RETROSPOT ,3749,15.0,0.40010669511869834
WASH BAG VINTAGE ROSE PAISLEY,1889,17.0,0.8999470619375332
WASHROOM METAL SIGN,6955,7.0,0.100647016534867
WATERING CAN BLUE ELEPHANT,3365,18.0,0.5349182763744428
WATERING CAN GARDEN MARKER,2414,1.0,0.041425020712510356
WATERING CAN GREEN DINOSAUR,2772,15.0,0.5411255411255411
WATERING CAN PINK BUNNY,3538,18.0,0.5087620124364047
WATERING CAN SINGLE HOOK PISTACHIO,413,16.0,3.87409200968523
WATERMELON BATH SPONGE,1900,0.0,0.0
WAVELINE SURF IRONING BOARD COVER,8,0.0,0.0
WAY OUT METAL SIGN ,1066,0.0,0.0
WEEKEND BAG VINTAGE ROSE PAISLEY,946,5.0,0.5285412262156448
WELCOME  WOODEN BLOCK LETTERS,1018,19.0,1.8664047151277015
WELCOME METAL SIGN,44,0.0,0.0
WHEELBARROW FOR CHILDREN ,544,12.0,2.2058823529411766
WHITE  ROSEBUD PEARL BRACELET,67,0.0,0.0
WHITE 3 FRAME BIRDS AND TREE ,24,1.0,4.166666666666666
WHITE ADVENT CANDLE,465,74.0,15.913978494623656
WHITE ALLIUM  ARTIFICIAL FLOWER,42,9.0,21.428571428571427
WHITE AND BLUE CERAMIC OIL BURNER,400,1.0,0.25
WHITE ANEMONE ARTIFICIAL FLOWER,185,0.0,0.0
WHITE BAMBOO RIBS LAMPSHADE,3479,69.0,1.9833285426846796
WHITE BAROQUE CARRIAGE CLOCK,22,0.0,0.0
WHITE BAROQUE WALL CLOCK ,103,0.0,0.0
WHITE BEADED GARLAND STRING 20LIGHT,1051,74.0,7.040913415794481
WHITE BELL HONEYCOMB PAPER ,2167,48.0,2.2150438394093217
WHITE BELL HONEYCOMB PAPER GARLAND ,1344,0.0,0.0
WHITE BIRD GARDEN DESIGN MUG,8824,4320.0,48.957388939256575
WHITE BITTY LIGHT CHAIN ,246,0.0,0.0
WHITE BROCANTE SOAP DISH,776,0.0,0.0
WHITE CANDYSTUFT ARTIFICIAL FLOWER,450,0.0,0.0
WHITE CERAMIC PARTY SET (5PCS),100,1.0,1.0
WHITE CHERRY LIGHTS,978,1072.0,109.61145194274029
WHITE CHOCOLATE SCENT CANDLE,394,0.0,0.0
WHITE CHRISTMAS FLOCK DROPLET ,94,0.0,0.0
WHITE CHRISTMAS GARLAND STARS TREES,597,2.0,0.33500837520938026
WHITE CHRISTMAS HEART DECORATION,2707,0.0,0.0
WHITE CHRISTMAS STAR DECORATION,3225,2.0,0.062015503875969
WHITE CHRISTMAS TREE 60CM,3,0.0,0.0
WHITE CHRISTMAS TREE DECORATION ,2221,0.0,0.0
WHITE CHRYSANTHEMUMS ART FLOWER,276,2.0,0.7246376811594203
WHITE DOVE HONEYCOMB PAPER GARLAND,5272,10.0,0.18968133535660092
WHITE ENAMEL FLOWER HAIR TIE,24,6.0,25.0
WHITE FOXGLOVE ARTIIFCIAL FLOWER,16,0.0,0.0
WHITE FRANGIPANI HAIR CLIP,19,0.0,0.0
WHITE FRANGIPANI NECKLACE,52,6.0,11.538461538461538
WHITE GLASS CHUNKY CHARM BRACELET,107,8.0,7.476635514018691
WHITE GLASS TV TRIPLE FRAME,18,0.0,0.0
WHITE GOOSE FEATHER CHRISTMAS TREE ,606,11.0,1.8151815181518154
WHITE GOOSE FEATHER TREE 60CM ,391,8.0,2.0460358056265986
WHITE GRAND BAROQUE PHOTO FRAME,176,27.0,15.340909090909092
WHITE HAND TOWEL WITH BUTTERFLY,229,0.0,0.0
WHITE HANGING BEADS CANDLE HOLDER,717,13.0,1.813110181311018
WHITE HANGING HEART T-LIGHT HOLDER,94658,3637.0,3.842253164022058
WHITE HEART CONFETTI IN TUBE,1282,75.0,5.850234009360374
WHITE HEART OF GLASS BRACELET,29,0.0,0.0
WHITE HEARTS WIRE PLANT POT HOLDER,343,0.0,0.0
WHITE HONEYCOMB PAPER FAN ,111,0.0,0.0
WHITE HONEYCOMB PAPER GARLAND ,797,0.0,0.0
WHITE HYDRANGEA ART FLOWER,214,0.0,0.0
WHITE JEWELLED HEART DECORATION,6306,25.0,0.39644782746590546
WHITE LOVEBIRD LANTERN,2373,22.0,0.9270965023177412
WHITE METAL BAROQUE PHOTO FRAME,77,1.0,1.2987012987012987
WHITE METAL LANTERN,4700,68.0,1.446808510638298
WHITE MOROCCAN METAL LANTERN,69,0.0,0.0
WHITE MURANO TWIST BRACELET,134,0.0,0.0
WHITE NEWBAROQUE CANDLESTICK CANDLE,650,31.0,4.769230769230769
"WHITE PEARL BEADED HEART, SMALL",444,12.0,2.7027027027027026
WHITE PICNIC BARBECUE BUCKET,59,11.0,18.64406779661017
WHITE RETRODISC LAMPSHADE,904,0.0,0.0
WHITE ROCKING HORSE HAND PAINTED,2849,200.0,7.02000702000702
WHITE ROHMBIC BLOCK TABLE LAMP,2,0.0,0.0
WHITE ROSE C/COVER,22,0.0,0.0
WHITE ROSEBUD  PEARL EARRINGS,52,0.0,0.0
WHITE ROSEBUD & PEARL NECKLACE,13,0.0,0.0
WHITE ROUND PORCELAIN TLIGHT HOLDER,125,12.0,9.6
WHITE SAGE INCENSE,2440,50.0,2.0491803278688523
WHITE SATIN DRESS JEWEL STAND,4,0.0,0.0
WHITE SCANDINAVIAN HEART CHRISTMAS,1,12.0,1200.0
WHITE SILVER NECKLACE SHELL GLASS,5,0.0,0.0
WHITE SKULL HOT WATER BOTTLE ,6219,196.0,3.151632095192153
WHITE SNOW SCANDINAVIAN STOCKING ,589,0.0,0.0
WHITE SOAP RACK WITH 2 BOTTLES,280,2.0,0.7142857142857143
WHITE SPOT BLUE CERAMIC DRAWER KNOB,10050,103.0,1.0248756218905473
WHITE SPOT RED CERAMIC DRAWER KNOB,11120,62.0,0.5575539568345323
WHITE SQUARE TABLE CLOCK,224,0.0,0.0
WHITE STITCHED CUSHION COVER,214,0.0,0.0
WHITE STITCHED WALL CLOCK,867,2.0,0.2306805074971165
WHITE STONE/CRYSTAL EARRINGS,28,0.0,0.0
WHITE SWEETHEARTS CABINET 4 DRAWERS,251,0.0,0.0
WHITE TALL PORCELAIN T-LIGHT HOLDER,1763,292.0,16.56267725467952
"WHITE TEA,COFFEE,SUGAR JARS",660,39.0,5.909090909090909
WHITE TISSUE REAM,317,0.0,0.0
WHITE TRAVEL ALARM CLOCK,588,3.0,0.5102040816326531
WHITE VINT ART DECO CRYSTAL NECKLAC,21,0.0,0.0
WHITE VINTAGE CRYSTAL BRACELET,26,1.0,3.8461538461538463
WHITE VINTAGE CRYSTAL EARRINGS,20,0.0,0.0
WHITE WICKER STAR ,1469,3.0,0.2042205582028591
WHITE WIRE EGG HOLDER,1729,13.0,0.7518796992481203
WHITE WIRE PLANT POT HOLDER,16,0.0,0.0
WHITE WITH BLACK CATS BOWL,434,0.0,0.0
WHITE WITH BLACK CATS MUG,5249,2112.0,40.23623547342351
WHITE WITH BLACK CATS PLATE,6168,2952.0,47.85992217898833
WHITE WITH METAL BAG CHARM,13,2.0,15.384615384615385
WHITE WOOD GARDEN PLANT LADDER,1632,70.0,4.28921568627451
WHITE WOOD SINGLE P/FRAME,5,0.0,0.0
WHITE/BLUE PULL BACK RACING CAR,1714,45.0,2.6254375729288215
WHITE/BLUE RECT CERAMIC OIL BURNER,33,0.0,0.0
WHITE/PINK CHICK DECORATION,288,0.0,0.0
WHITE/PINK CHICK EASTER DECORATION,100,0.0,0.0
WHITE/PINK MINI CRYSTALS NECKLACE,24,0.0,0.0
WICKER STAR ,4893,180.0,3.678724708767627
WICKER WREATH LARGE,1415,0.0,0.0
WICKER WREATH SMALL,1457,0.0,0.0
WILLOW BRANCH LIGHTS.,725,448.0,61.793103448275865
WINE BOTTLE DRESSING DARK BLUE,147,12.0,8.16326530612245
WINE BOTTLE DRESSING LT.BLUE,141,0.0,0.0
WIRE EGG BASKET ,113,0.0,0.0
WIRE FLOWER T-LIGHT HOLDER,223,0.0,0.0
WISE MAN STAR SHAPE EGG PAN,70,2.0,2.857142857142857
WOBBLING METAL CHICKEN EASTER,93,0.0,0.0
WOOD 2 DRAWER CABINET WHITE FINISH,4878,283.0,5.801558015580156
WOOD AND GLASS MEDICINE CABINET,65,1.0,1.5384615384615385
WOOD ANIMALS HEIGHT CHART STICKERS ,6,0.0,0.0
WOOD BLACK BOARD ANT WHITE FINISH,9831,49.0,0.49842335469433424
WOOD FAN WITH FLOWER DESIGN,1448,38.0,2.6243093922651934
WOOD S/3 CABINET ANT WHITE FINISH,3994,64.0,1.6024036054081119
WOOD STAMP SET BEST WISHES,1586,15.0,0.9457755359394703
WOOD STAMP SET FLOWERS,1531,49.0,3.200522534291313
WOOD STAMP SET HAPPY BIRTHDAY,1415,28.0,1.9787985865724382
WOOD STAMP SET THANK YOU,2366,25.0,1.0566356720202874
WOOD STOCKING CHRISTMAS SCANDISPOT,3565,2.0,0.05610098176718093
WOOD XMAS TREE 9 FIG SHELVES,29,0.0,0.0
WOODEN ADVENT CALENDAR CREAM,976,26.0,2.663934426229508
WOODEN ADVENT CALENDAR RED,1011,15.0,1.483679525222552
WOODEN BOX ADVENT CALENDAR ,1435,91.0,6.341463414634147
WOODEN BOX OF DOMINOES,12805,155.0,1.210464662241312
WOODEN CHRISTMAS TREE 3 HANGING,165,24.0,14.545454545454545
WOODEN CROQUET GARDEN SET,1827,14.0,0.7662835249042145
WOODEN FRAME ANTIQUE WHITE ,15679,511.0,3.2591364245168695
WOODEN HAPPY BIRTHDAY GARLAND,5031,582.0,11.568276684555755
WOODEN HEART CHRISTMAS SCANDINAVIAN,13987,101.0,0.722099092014013
WOODEN HEART CHRISTMAS SCANDISPOT,36,0.0,0.0
WOODEN OWLS LIGHT GARLAND ,1735,26.0,1.4985590778097981
WOODEN PICTURE FRAME WHITE FINISH,16914,460.0,2.7196405344684877
WOODEN REGATTA BUNTING,1135,0.0,0.0
WOODEN ROUNDERS GARDEN SET ,2533,16.0,0.6316620607974733
WOODEN SCHOOL COLOURING SET,11642,410.0,3.521731661226593
WOODEN SKITTLES GARDEN SET,1069,34.0,3.1805425631431246
WOODEN STAR CHRISTMAS SCANDINAVIAN,13230,133.0,1.0052910052910053
WOODEN STAR CHRISTMAS SCANDISPOT,72,0.0,0.0
WOODEN TREE CHRISTMAS SCANDINAVIAN,7056,96.0,1.3605442176870748
WOODEN TREE CHRISTMAS SCANDISPOT,96,0.0,0.0
WOODEN UNION JACK BUNTING,3584,7.0,0.1953125
WOODLAND  HEIGHT CHART STICKERS ,1655,16.0,0.9667673716012084
WOODLAND  STICKERS,2858,30.0,1.0496850944716585
WOODLAND ANIMAL  WRITING SET ,1452,9.0,0.6198347107438017
WOODLAND BUNNIES LOLLY MAKERS,649,0.0,0.0
WOODLAND CHARLOTTE BAG,24479,135.0,0.5514931165488787
WOODLAND CREATURES  WRAP,25,25.0,100.0
WOODLAND DESIGN  COTTON TOTE BAG,2205,10.0,0.45351473922902497
WOODLAND LARGE BLUE FELT HEART,92,0.0,0.0
WOODLAND LARGE PINK FELT HEART,285,0.0,0.0
WOODLAND LARGE RED FELT HEART,205,0.0,0.0
WOODLAND MINI BACKPACK,816,0.0,0.0
WOODLAND MINI RUCKSACK ,5,0.0,0.0
WOODLAND PARTY BAG + STICKER SET,3660,28.0,0.7650273224043715
WOODLAND SMALL BLUE FELT HEART,312,0.0,0.0
WOODLAND SMALL PINK FELT HEART,286,0.0,0.0
WOODLAND SMALL RED FELT HEART,678,0.0,0.0
WOODLAND STORAGE BOX LARGE ,955,58.0,6.0732984293193715
WOODLAND STORAGE BOX SMALL,1028,104.0,10.116731517509727
WOODLAND WATER TRANSFER TATTOOS ,1877,70.0,3.7293553542887588
WOOLLY HAT SOCK GLOVE ADVENT STRING,1737,3.0,0.17271157167530224
WORLD WAR 2 GLIDERS ASSTD DESIGNS,106139,1704.0,1.6054419205004757
WOVEN BERRIES CUSHION COVER ,429,0.0,0.0
WOVEN BUBBLE GUM CUSHION COVER,411,0.0,0.0
WOVEN CANDY CUSHION COVER ,206,0.0,0.0
WOVEN FROST CUSHION COVER,258,0.0,0.0
WOVEN ROSE GARDEN CUSHION COVER ,494,0.0,0.0
WOVEN SUNSET CUSHION COVER ,153,1.0,0.6535947712418301
WRAP  PINK FLOCK,1050,25.0,2.380952380952381
WRAP  VINTAGE DOILEY ,100,0.0,0.0
WRAP  VINTAGE DOILY ,2474,0.0,0.0
"WRAP , SUMMER ROSE DESIGN",150,0.0,0.0
WRAP 50'S  CHRISTMAS,4563,125.0,2.739425816348893
WRAP A PRETTY THANK YOU,50,0.0,0.0
WRAP ALPHABET DESIGN,7976,75.0,0.9403209628886661
WRAP ALPHABET POSTER  ,1855,0.0,0.0
WRAP BAD HAIR DAY,975,0.0,0.0
WRAP BILLBOARD FONTS DESIGN,1831,0.0,0.0
WRAP BIRD GARDEN ,1305,0.0,0.0
WRAP BLIZZARD,975,0.0,0.0
WRAP BLUE REINDEER,1350,0.0,0.0
WRAP BLUE RUSSIAN FOLKART,2025,0.0,0.0
WRAP BOUDOIR ,750,0.0,0.0
WRAP CAROUSEL,375,0.0,0.0
WRAP CHRISTMAS DECOUPAGE,25,0.0,0.0
WRAP CHRISTMAS SCREEN PRINT,3500,25.0,0.7142857142857143
WRAP CHRISTMAS VILLAGE,9713,350.0,3.60341809945434
WRAP CIRCUS PARADE,5377,50.0,0.9298865538404314
WRAP COWBOYS  ,4222,50.0,1.1842728564661298
WRAP DAISY CARPET ,2060,0.0,0.0
WRAP DOILEY DESIGN,4703,0.0,0.0
WRAP DOLLY GIRL,5325,25.0,0.4694835680751174
WRAP ENGLISH ROSE ,13198,25.0,0.18942263979390817
WRAP FLOWER SHOP  ,1575,0.0,0.0
WRAP FOLK ART,2075,0.0,0.0
WRAP GINGHAM ROSE ,2276,25.0,1.0984182776801406
WRAP GREEN PEARS ,3733,25.0,0.669702652022502
WRAP GREEN RUSSIAN FOLKART ,1750,25.0,1.4285714285714286
WRAP I LOVE LONDON ,7184,125.0,1.739977728285078
WRAP KEEP CALM BIRTHDAY,1125,0.0,0.0
WRAP MAGIC FOREST ,1075,0.0,0.0
WRAP MONSTER FUN ,2157,0.0,0.0
WRAP PAISLEY PARK ,3250,0.0,0.0
WRAP PINK FAIRY CAKES ,16661,146.0,0.8762979413000421
WRAP POPPIES  DESIGN,5175,25.0,0.4830917874396135
WRAP RED APPLES ,8678,50.0,0.5761696243374049
WRAP RED DOILEY,380,0.0,0.0
WRAP RED VINTAGE DOILY,2100,0.0,0.0
WRAP ROMANTIC DECOUPAGE,25,0.0,0.0
WRAP SPEED DEMONS ,450,0.0,0.0
WRAP SUKI AND FRIENDS,6676,75.0,1.1234272019173157
WRAP SUMMER ROSE DESIGN,102,0.0,0.0
WRAP SWEETS LIGHT PINK SMALL BOWL,72,0.0,0.0
WRAP VINTAGE LEAF DESIGN,5251,26.0,0.4951437821367358
WRAP VINTAGE PETALS  DESIGN,3275,25.0,0.7633587786259541
WRAP WEDDING DAY,2799,25.0,0.8931761343336906
WRAP WINTER FOREST,250,0.0,0.0
"WRAP, BILLBOARD FONTS DESIGN",2891,0.0,0.0
"WRAP, CAROUSEL",575,0.0,0.0
"WRAP, FRIENDSHIP ON GREEN",1475,0.0,0.0
"WRAP,SUKI AND FRIENDS",3350,0.0,0.0
"WRAPPING PAPER, XMAS VILLAGE",25,0.0,0.0
YELLOW + BROWN BEAR FELT PURSE KIT,39,0.0,0.0
YELLOW BIRDS FELT DES FOODCOVER,10,0.0,0.0
YELLOW BREAKFAST CUP AND SAUCER,2709,1309.0,48.320413436692505
YELLOW BROWN BEAR FELT PURSE KIT,14,1.0,7.142857142857142
YELLOW COAT RACK PARIS FASHION,313,6.0,1.9169329073482428
YELLOW DRAGONFLY HELICOPTER,94,4.0,4.25531914893617
YELLOW EASTER EGG HUNT START POST,263,18.0,6.844106463878327
YELLOW FELT HANGING HEART W FLOWER,129,0.0,0.0
YELLOW FLOWERS FELT HANDBAG KIT,165,0.0,0.0
YELLOW GIANT GARDEN THERMOMETER,296,6.0,2.027027027027027
YELLOW KNITTED KIDS RUCKSACK,78,0.0,0.0
YELLOW METAL CHICKEN HEART ,1475,24.0,1.6271186440677967
YELLOW PINK FLOWER DESIGN BIG BOWL,31,1.0,3.225806451612903
YELLOW POT PLANT CANDLE,505,0.0,0.0
YELLOW PURPLE DAISY FELT PURSE KIT,121,0.0,0.0
YELLOW RABBIT SAT EASTER,51,0.0,0.0
YELLOW RED FLOWER PIGGY BANK,108,1.0,0.9259259259259258
YELLOW SHARK HELICOPTER,138,1.0,0.7246376811594203
YELLOW VW BEETLE CERAMIC MONEY BOX,47,0.0,0.0
YELLOW/BLUE RETRO RADIO,24,1.0,4.166666666666666
YELLOW/ORANGE FLOWER DESIGN PLATE,68,0.0,0.0
YELLOW/PINK CERAMIC CANDLE HOLDER,18,0.0,0.0
YELLOW/PINK FLOWER DESIGN BIG MUG,46,0.0,0.0
YOU'RE CONFUSING ME METAL SIGN ,8856,33.0,0.37262872628726285
YULETIDE IMAGES GIFT WRAP SET,1148,12.0,1.0452961672473868
YULETIDE IMAGES S/6 PAPER BOXES,787,21.0,2.6683608640406606
ZINC  HEART T-LIGHT HOLDER,868,15.0,1.7281105990783412
ZINC  STAR T-LIGHT HOLDER ,1217,16.0,1.314708299096138
ZINC BOX SIGN HOME,141,4.0,2.8368794326241136
ZINC FINISH 15CM PLANTER POTS,1517,0.0,0.0
ZINC FOLKART SLEIGH BELLS,8375,74.0,0.8835820895522388
ZINC HANGING HEART T-LITE HLDR,1,0.0,0.0
ZINC HEART FLOWER T-LIGHT HOLDER,795,0.0,0.0
ZINC HEART LATTICE 2 WALL PLANTER,76,0.0,0.0
ZINC HEART LATTICE CHARGER LARGE,80,1.0,1.25
ZINC HEART LATTICE CHARGER SMALL,39,0.0,0.0
ZINC HEART LATTICE DOUBLE PLANTER,674,0.0,0.0
ZINC HEART LATTICE PLANTER BOWL,820,0.0,0.0
ZINC HEART LATTICE T-LIGHT HOLDER,1453,0.0,0.0
ZINC HEART LATTICE TRAY OVAL ,335,2.0,0.5970149253731344
ZINC HEARTS PLANT POT HOLDER,283,12.0,4.240282685512367
ZINC HERB GARDEN CONTAINER,556,7.0,1.2589928057553956
ZINC METAL HEART DECORATION,19847,102.0,0.5139315765606892
ZINC PLANT POT HOLDER,8,0.0,0.0
ZINC POLICE BOX LANTERN,195,0.0,0.0
ZINC STAR T-LIGHT HOLDER ,8,0.0,0.0
ZINC SWEETHEART SOAP DISH,61,0.0,0.0
ZINC SWEETHEART WIRE LETTER RACK,263,4.0,1.520912547528517
ZINC T-LIGHT HOLDER STAR LARGE,2060,11.0,0.5339805825242718
ZINC T-LIGHT HOLDER STARS LARGE,24,0.0,0.0
ZINC T-LIGHT HOLDER STARS SMALL,5089,44.0,0.8646099430143446
ZINC TOP  2 DOOR WOODEN SHELF ,249,11.0,4.417670682730924
ZINC WILLIE WINKIE  CANDLE STICK,6794,12.0,0.1766264350897851
ZINC WIRE KITCHEN ORGANISER,30,0.0,0.0
ZINC WIRE SWEETHEART LETTER TRAY,83,0.0,0.0
